구분,2000년,2001년,2002년,2003년,2004년,2005년,2006년,2007년,2008년,2009년,2010년,2011년,2012년,2013년,2014년,2015년,2016년,2017년,2018년,2019년,2020년,2021년
강원도,6039,3037,3306,2977,12994,4025,17521,5176,5759,21436,4376,6067,5602,4177,5489,10857,17208,29915,39898,56868,62302,21929
경기도,0,0,0,0,0,14809,13017,13534,15252,18588,12857,11178,12164,11580,9458,3530,9172,5690,3060,5691,7786,4452
서울특별시,0,0,0,0,0,0,0,6230,3540,5277,5706,5632,6822,7727,8706,6333,2527,876,2208,1647,2925,1979
서울특별시,16661,7173,9452,18340,4245,15486,9803,10422,7948,9094,2760,1539,2190,2051,1655,3023,5880,2468,3588,2084,2368,2602
서울특별시,3052,5825,4624,8222,3927,2841,4545,6624,2454,2871,2785,5029,4169,3249,3464,0,5514,1194,1556,1885,1521,2537
서울특별시,4210,3892,3461,2613,3405,2445,2800,3229,3394,2463,1804,1038,1295,986,755,0,1350,859,827,1125,657,738
경기도,1263,169,1376,1080,870,430,391,1556,1637,623,802,766,726,565,930,0,2225,2665,1202,1230,3049,1795
경기도,1073,8785,392,704,437,534,4738,778,3352,2525,1601,2773,885,1009,703,0,5591,3245,6934,2621,9554,5647
강원도,0,0,0,0,0,0,0,0,0,0,301,331,291,320,25,0,639,522,0,0,0,0
경기도,0,0,0,0,0,0,0,0,0,0,14808,10145,7985,8564,10707,11569,21871,16674,10553,13192,17259,16535
강원도,0,0,0,0,0,0,0,0,0,0,2697,3492,2478,1157,2522,1435,1911,1384,3361,777,2281,2910
경기도,2926,1829,2860,2747,3416,3568,2775,0,2886,2924,1799,987,1044,877,1028,0,1165,1650,1015,1528,3095,1210
강원도,0,0,0,0,0,0,0,0,0,0,0,1303,815,901,838,0,468,779,712,1221,1697,1628
서울특별시,0,0,0,0,0,0,0,0,0,0,897,263,1909,1100,2253,0,4699,2142,2728,1323,5661,4207
서울특별시,0,0,0,0,0,0,0,0,0,0,2085,1336,3659,2782,2981,0,3762,2323,2648,2180,7228,3467
서울특별시,6515,4816,18280,5311,8942,54478,35770,56844,23431,45308,10316,2307,11610,8616,19911,14396,15851,13766,19160,18697,18966,9028
경기도,0,0,0,0,0,0,0,0,0,0,0,8131,9316,7142,9922,6273,20542,9920,13824,20593,16129,7411
경기도,6591,365,11774,3874,930,16190,12491,24646,20784,13434,8921,7315,5615,3751,9643,11752,10221,15484,28436,23082,27992,30288
인천광역시,9793,343,4657,2426,5592,6703,9627,7793,3219,3598,4896,6586,7318,3812,4695,0,12216,12838,4339,6587,10323,3125
인천광역시,0,0,0,0,0,0,0,0,984,1548,3955,1231,3818,2267,3523,0,5796,2982,3675,4657,6239,4006
인천광역시,0,0,0,0,0,0,0,0,5156,7503,6031,3663,6919,3697,6857,0,7070,9352,12003,10986,12593,9012
인천광역시,2221,1471,1890,2985,3893,2991,0,2961,1499,1780,717,52,1070,419,2530,0,1729,2167,1958,3157,5334,2804
인천광역시,2548,1394,2898,2399,1283,905,3133,392,3015,4801,934,93,342,521,655,0,1077,3383,0,0,0,0
인천광역시,0,0,0,0,0,0,3427,2162,7784,1195,5165,9560,2801,2122,2416,0,8273,5430,3052,5235,10007,4150
인천광역시,0,0,0,0,0,0,0,0,0,0,0,163,573,226,1591,0,3114,2166,1651,2912,4738,4237
경기도,14727,949,5315,2757,3085,4410,3190,5406,6603,4304,7369,8940,8465,7535,9425,4598,8169,4123,3232,4270,8966,7681
경기도,136127,171192,36790,27184,67262,44178,69722,33347,41946,40267,10515,10598,12115,4904,9894,13814,24364,18124,9083,7734,13898,10532
경기도,0,0,0,0,0,0,0,0,0,0,880,616,1024,753,1913,0,1439,1391,491,538,1107,1064
경기도,0,0,0,0,0,0,0,0,0,0,36,44,38,51,263,0,391,96,0,0,0,0
경기도,0,0,0,0,0,0,0,0,0,0,0,74,606,192,1589,0,981,425,160,157,843,269
경기도,0,0,0,0,0,0,0,0,0,0,0,0,0,0,0,721,3893,2878,1302,2254,2004,1079
경기도,0,0,0,0,0,0,0,0,0,0,0,19652,18706,3652,5961,2850,1679,1867,5140,4862,2914,9659
경기도,0,0,0,0,0,0,0,0,0,0,0,427,130,161,272,0,3918,1249,1232,1127,631,270
경기도,0,0,0,0,0,0,0,0,0,0,0,187,199,173,63,0,1343,913,859,1285,1561,1687
경기도,0,0,0,0,0,0,0,0,0,0,0,0,0,0,0,2267,1001,1768,8242,4623,9827,6463
충청남도,0,0,0,0,0,0,0,0,0,0,0,0,0,0,0,440,624,389,2316,646,356,318
충청남도,0,0,0,0,0,0,0,0,0,0,0,0,0,0,0,2029,2475,9314,6683,3560,2284,3008
충청남도,0,0,0,0,0,0,0,0,0,0,0,0,0,0,0,1065,1244,1309,2198,382,561,563
경기도,3175,1261,3573,9427,17580,33338,1114,11614,11184,2509,18550,13638,12012,8939,24117,8691,25390,14454,17663,6166,31544,6374
경기도,7482,8082,6930,2285,4531,7748,33193,32474,9105,6678,15429,35173,35984,16521,8761,17015,13717,11537,9581,12978,5267,5703
경기도,3265,3325,3583,3476,7639,1882,7867,2229,695,561,3699,3316,2620,6727,8100,5154,9690,12742,3924,9678,10665,18467
경기도,14527,3402,2292,2389,8305,3888,816,9361,16711,9156,18409,44387,11361,4621,7299,6047,3906,7981,7090,12849,6628,5690
충청남도,21327,2521,26219,10847,10881,12133,646,79208,17247,72703,20141,3301,19231,6893,47900,13962,50315,14396,11700,17914,14463,8819
충청남도,27167,5555,12627,4579,4509,7081,4470,4024,6329,12367,1237,1255,2004,696,4319,4546,14285,4270,2444,1119,1846,702
충청남도,16095,890,6265,3280,11379,17397,17208,13724,4004,4336,5655,2841,23253,4272,9250,4555,4563,9145,7046,5536,7289,5225
충청남도,19910,3134,14013,21229,10025,14930,18758,15786,11741,9644,6856,2908,6496,3587,8374,5710,6582,9218,11048,7263,4593,5334
충청남도,0,0,0,0,0,0,0,0,0,0,0,5907,4575,3464,9804,11452,19001,10601,11566,11376,6629,9700
충청남도,0,0,0,2343,0,0,0,0,7378,0,771,1777,825,9208,12237,27557,19920,9285,24377,10751,20772,8267
충청남도,481,653,3108,2022,5018,2381,2480,5202,0,5565,4705,2749,1870,6342,12585,13598,5525,7046,9360,5937,9124,8654
충청남도,0,0,0,0,0,0,0,0,0,0,232,52,196,608,3199,0,2682,796,3401,2215,448,5031
충청남도,789,2601,1414,0,4470,3062,1083,610,1172,913,1335,1768,1508,2434,2327,0,3061,3153,1605,1835,2791,2812
충청남도,0,0,0,0,0,0,0,0,0,0,826,925,714,548,2278,0,2826,954,1295,714,2318,3232
대전광역시,6092,2630,3683,3311,2368,2092,1663,1236,2080,1875,2472,1296,1609,2122,2338,0,2364,2372,3999,2911,3211,2191
충청북도,9289,1052,199,1165,139,2282,2813,1638,1031,1533,20,35,538,155,97,0,2154,608,55,912,985,466
충청북도,147,517,1736,172,58,1001,62,173,755,132,32,22,587,7,203,0,3202,875,672,564,1035,234
충청북도,0,0,0,0,0,0,0,0,0,0,380,121,75,46,50,0,119,77,0,0,0,0
충청북도,2493,1675,1608,3242,3003,3261,5533,5012,7483,4674,6283,5588,6453,5403,5174,0,6754,4432,4012,7159,6294,8918
충청남도,75357,41592,32739,24444,36712,47304,27351,9049,10342,14561,9425,5106,7267,9335,8562,16210,12902,8214,16509,7186,12078,8434
충청남도,21452,16519,14625,13922,19506,16863,24055,12764,14325,20827,14610,4958,16792,12979,17154,26188,17252,9365,28509,13948,25294,7947
세종특별자치시,0,0,0,0,0,0,0,0,6306,4226,3788,4116,5366,3989,5780,5194,4238,3947,1969,2618,3202,4042
대전광역시,0,0,0,0,0,0,0,0,5232,2613,3925,2847,2175,1833,2091,0,4168,1595,2007,2336,4635,2787
충청남도,0,0,0,0,0,0,0,0,0,0,10346,9350,3379,4965,5440,0,7637,6151,6695,5890,7706,4832
충청남도,3264,2517,1956,3627,2260,6346,424,5311,5673,11749,3248,1410,1957,722,1173,0,1362,2175,1395,5184,2850,3406
충청남도,45,449,1862,239,2470,12763,42,27914,2997,68442,5393,4953,1750,2384,1956,0,5422,2242,11970,4464,3680,4128
충청남도,100,1334,1494,830,1129,3300,100,9013,2477,2175,3532,1772,604,390,1332,0,1385,1222,1759,2715,2383,3004
충청남도,1374,932,798,415,717,10445,126,8241,6531,6757,1677,460,1842,480,565,0,4075,1962,1317,1332,1362,1829
충청남도,8420,10225,5705,5968,5359,9031,6820,5336,7444,6389,6499,6367,1301,46,2489,0,11164,2701,4169,2319,4845,1313
충청남도,1279,1740,837,1215,1460,1305,592,580,1748,285,587,586,448,429,723,0,2440,2536,1391,896,1240,354
충청남도,2856,2158,4688,7830,6250,5163,9192,6078,3569,4285,3775,3104,3660,5952,6074,12701,7740,10612,12537,16989,20399,33089
충청남도,3203,4790,4212,5546,3897,6515,7661,5408,4411,4595,2381,798,12172,3575,5658,4147,3618,6400,3641,5115,6560,5940
충청남도,0,0,0,0,0,6380,4464,1533,3481,3314,6970,2926,2897,5254,2173,0,1152,3414,7786,736,1408,1771
충청남도,6809,13608,18952,12010,8492,9718,7628,6558,5494,9010,12038,6450,4261,15890,2625,7981,10154,4474,7996,20448,11180,10847
충청남도,25361,22658,25344,22546,14082,21802,7617,5765,5382,5234,6183,9213,7837,8652,14619,21513,21983,8232,7643,12633,11521,8197
충청남도,62211,49507,158035,341329,108443,116338,276901,747986,310385,210612,12325,2497,255975,7346,258056,108644,39442,210375,10855,355499,408659,174356
전라북도,3694,98364,37134,31307,43855,51420,43829,24659,32611,45052,51945,14554,13691,17000,8510,39409,11352,9360,27328,8110,9284,64426
전라북도,0,332,1656,7120,0,412,673,955,1005,5432,5302,4,195,0,530,0,2587,1697,1529,3227,715,3230
전라북도,0,0,0,0,0,0,0,0,0,0,0,7,767,750,2318,0,3641,778,576,1109,793,730
전라북도,0,0,0,0,0,0,0,0,0,0,0,0,23012,25417,12443,14942,23325,14428,27562,18995,23826,44217
전라북도,88863,7989,34220,34018,20018,16978,50697,22097,50069,19127,30632,16118,15305,3697,15741,869,1161,8282,5589,4267,10505,29004
전라북도,25628,341,9221,2180,94,3323,21623,1264,1009,1631,335,60,557,20,2407,0,2121,1363,1262,2769,6750,2610
전라북도,13572,1319,317,3352,1512,1910,515,218,6894,1137,1052,122,356,5954,368,0,149,335,1570,435,715,12445
전라북도,0,0,0,0,0,0,0,0,0,0,483,93,815,189,948,0,1359,417,681,703,997,658
전라북도,0,0,0,0,0,0,0,0,0,0,690,1289,1598,1300,381,0,2059,546,2075,3261,2391,1040
전라북도,0,0,0,0,0,0,0,0,0,0,197,115,708,118,266,0,1155,336,0,0,0,0
전라남도,0,0,0,0,0,0,0,0,568,289,231,288,538,622,379,0,1067,578,0,0,0,0
전라북도,0,0,0,0,0,0,0,0,213,259,174,205,700,562,1645,0,1285,1151,832,640,2221,873
전라남도,0,0,0,0,0,0,0,0,159,84,567,386,404,288,214,0,533,486,0,0,0,0
광주광역시,0,0,0,0,0,0,0,0,0,0,0,288,2287,2275,6043,0,5278,3376,10984,5324,2173,3493
전라남도,0,0,0,0,0,0,0,0,0,0,0,386,0,495,327,0,465,839,0,0,0,0
전라남도,0,0,0,0,0,0,0,0,0,0,0,0,0,1162,850,1053,1147,1049,1902,454,1190,1343
광주광역시,0,0,0,0,0,0,0,0,0,0,0,0,0,0,0,1303,438,629,757,1389,1555,830
전라북도,128089,156299,151038,2052,250418,1836,2309,836,201121,200582,77988,5272,54552,25736,70862,211464,421339,122226,323438,3364,5867,63993
전라북도,11522,2467,311,216,212,495,400,949,10454,4865,6227,2315,9254,11799,4882,12136,10105,6037,7523,8488,5346,8383
전라북도,0,0,0,0,0,0,0,0,0,0,3168,5272,1120,5519,1349,0,1305,1466,2631,5807,2794,5010
전라남도,0,0,0,0,0,0,0,0,0,0,687,1927,761,2314,813,0,694,781,1341,1667,1734,3320
전라남도,0,0,0,0,0,0,0,0,0,0,0,3975,829,657,553,0,1451,1694,1678,2363,2305,3419
전라남도,0,0,0,0,0,0,4714,2515,1415,2132,1210,719,751,1144,1091,0,2541,1054,1905,1174,925,216
전라남도,7225,10954,4959,6411,21034,33224,12687,9220,7862,6284,9435,12414,6491,9619,7066,4001,7036,3444,4673,3479,11758,15723
전라남도,3117,1824,2697,855,2588,50,316,76,283,188,163,72,22,96,694,0,635,434,156,678,756,2492
전라남도,3904,6182,4015,3884,4856,2629,4253,3740,2767,2306,1264,6577,2871,3266,4294,0,1986,2101,1986,1541,1163,2038
전라남도,0,0,0,0,0,0,0,0,3291,5724,4205,24782,6191,3304,5371,0,3083,2610,8536,5488,6446,40977
전라남도,0,0,0,0,0,0,0,0,2717,3020,67217,5912,4798,2472,2090,0,990,982,1567,5607,1135,4763
전라남도,0,0,0,0,0,0,0,0,0,0,0,0,0,0,0,1784,1066,3250,563,966,815,1094
전라남도,129763,4956,3031,48994,50186,85341,3208,1468,2380,7691,5737,3496,1437,16419,5245,0,6176,4367,8869,4601,2130,4426
전라남도,0,0,0,0,0,0,0,0,0,3504,2239,113,535,1095,893,0,3215,1175,895,1880,1832,2594
전라남도,0,0,0,0,0,0,0,0,0,0,4828,1482,3007,2756,2950,0,1797,2976,2663,2359,3386,2846
전라남도,13065,6688,4009,11594,8460,22165,11776,6947,30134,443759,488172,228879,11684,15372,34750,6180,9460,26630,24710,7406,6064,6388
전라남도,3355,5540,799,2981,7676,7346,14418,4811,16948,14883,31776,5247,11901,318602,6955,5496,12771,12324,11260,71168,8278,5196
전라남도,14540,8151,869,7655,87393,137133,3387,8947,106031,26358,2627,153278,4205,3786,4080,3188,11800,8073,4217,12132,3100,10103
전라남도,793,347,367,487,432,284,962,1057,1442,1113,1211,1947,555,370,268,0,822,890,1069,753,1138,1146
전라남도,1424,1633,323,2584,1899,4561,5726,1696,3249,2976,425,11914,1796,1103,1869,0,5003,3816,2898,1938,3482,2158
전라남도,555,1627,691,1240,1141,1263,538,624,210,510,922,7185,323,1289,1323,0,1641,1013,1386,1891,794,2829
전라남도,0,0,0,0,0,0,0,0,0,0,561,1680,2131,1017,1249,0,907,1977,699,1098,1744,685
전라남도,0,0,0,0,0,0,0,0,0,0,0,557,707,740,1092,0,359,534,0,0,0,0
전라남도,0,0,0,0,0,0,0,0,0,0,0,885,725,836,1023,0,596,462,0,0,0,0
전라남도,0,0,0,0,0,0,0,0,0,0,1036,1218,2005,506,931,0,477,1237,2563,2289,667,1996
전라남도,0,0,0,0,0,0,0,0,0,0,569,1089,0,0,0,0,367,438,0,0,0,0
전라남도,0,0,0,0,0,0,0,0,0,0,310,188,247,270,81,0,920,145,0,0,0,0
전라남도,0,0,0,0,0,0,0,0,0,0,233,331,188,71,217,0,98,606,0,0,0,0
전라남도,1470,2537,408,1753,6843,3179,4434,4177,3033,3533,2021,2833,2320,2075,3051,0,1682,1339,3155,673,5667,4210
전라남도,915,2177,1328,1354,1943,5857,1329,2708,3482,75277,2870,29428,1397,454,624,0,1325,734,4758,3868,3190,8534
전라남도,456,735,108,736,154,886,137,431,333,945,98,709,317,1088,338,0,852,3607,1927,510,1727,1685
전라남도,0,0,0,0,0,0,0,0,0,0,0,2122,1953,1229,2082,0,1231,798,740,774,1571,1142
전라남도,0,0,0,0,0,0,0,0,0,0,0,2322,1155,532,589,0,406,1731,0,0,0,0
전라남도,4446,0,0,0,0,0,0,0,0,0,0,4305,4379,3500,9521,0,6194,3736,7300,10046,16932,6296
전라남도,364,4271,520,5818,1812,4612,2186,2487,2908,4141,3162,5145,3577,6566,1180,0,2552,1656,2993,1246,2342,1597
전라남도,346,106,654,724,863,561,549,316,212,790,378,687,40,413,429,0,293,454,0,0,0,0
전라남도,1610,757,2105,2307,1533,3546,6748,1536,3996,4238,498,6599,952,463,2725,0,3978,1961,2871,4768,4008,4698
전라남도,18634,632,809,622,554,462,754,1261,1040,2774,540,826,1230,610,665,0,6038,1871,2332,1406,3608,4368
전라남도,7519,15820,9251,14824,9114,5048,6730,5215,6964,7416,2262,6344,3234,3979,6461,5249,4720,6818,5877,5059,17552,10584
전라남도,10093,6518,4746,12448,7444,5449,9558,11512,9975,9257,10795,13141,9014,11282,11467,11862,9305,19020,13006,23531,28768,21566
전라남도,0,12901,6788,3477,5458,4185,7586,5718,3390,2629,2467,5948,3330,12380,6651,13654,7743,31405,9293,8401,10201,18801
전라남도,0,0,0,0,0,0,0,0,0,0,0,581,964,2305,824,0,249,2489,1420,769,4019,916
경상남도,0,0,0,0,0,0,0,0,0,0,945,30128,2689,1440,4047,0,3300,2503,3017,3045,4048,3665
경상남도,0,0,0,0,0,0,0,0,0,0,2067,9286,2370,2409,1367,0,1576,3281,18912,6815,3373,4980
경상남도,2747,2429,3314,4446,1919,3865,2283,0,3940,5014,2936,7479,1501,4578,3718,0,2484,5816,997,4474,2938,3167
경상남도,573,2002,2734,1684,2812,1982,1474,1671,4829,3766,4335,1382,1919,1226,2216,0,2345,3736,2081,2662,1486,2464
경상남도,5919,5743,3658,5956,2850,3789,9682,3072,8180,1917,7563,1980,2716,2685,2078,0,7780,4090,2744,2984,2202,1908
경상남도,0,0,0,0,0,0,0,4833,0,0,753,340,518,620,1018,0,946,357,1176,2081,1034,743
경상남도,0,0,0,0,0,0,0,0,0,0,0,6088,2030,4631,6738,0,3742,1149,10635,8273,10609,7039
경상남도,4153,2427,5784,846,4168,7993,4725,8253,3462,4711,6580,4179,4601,2592,6029,8825,7931,9033,13735,6255,10222,12148
경상남도,0,443,412,184,287,504,1374,1342,2637,1356,1946,1685,1647,821,1123,1383,714,1823,1670,936,1400,1031
경상남도,0,5776,3616,3257,3771,483,5040,8061,15316,6247,5143,1888,1712,2696,3706,2625,2310,3706,1416,2178,3100,2660
경상남도,0,0,0,0,0,0,0,0,0,0,5707,3121,2474,1763,2629,0,715,961,2743,885,2835,1667
경상남도,4148,3174,6281,2936,6300,3845,4919,3035,5200,5914,7887,1796,4836,5126,1351,1653,3962,2270,2666,3646,3240,1931
경상남도,0,1036,879,1065,1131,963,799,267,279,275,1416,696,382,79,361,428,107,1390,172,202,289,546
경상남도,0,746,931,413,1154,609,753,1703,1033,347,1107,15,361,400,4352,807,440,238,1134,959,1705,851
경상남도,0,0,0,0,0,0,0,0,568,717,1168,407,1014,871,635,0,1202,1149,766,173,655,1409
경상남도,0,0,0,0,0,0,0,0,1199,1964,2539,1451,955,1623,1034,0,1080,2553,2211,1595,1006,2258
대구광역시,6308,2786,2880,4070,2136,5848,1668,3367,6042,5549,4947,2282,3437,2178,3045,0,2708,3408,4242,2420,3615,2218
대구광역시,2461,3453,1263,2627,4016,4346,2438,4833,3956,3573,1278,998,1242,2343,1295,0,1229,1572,1858,1984,1927,2778
대구광역시,0,0,8049,7773,8229,6797,21507,7013,13844,7044,5013,6564,3978,8702,6893,6630,5089,3442,9474,17392,12111,3961
경상북도,0,0,0,0,0,0,0,0,0,0,0,693,665,532,898,683,1102,1192,2273,1041,1237,1391
경상북도,0,0,0,0,0,0,0,0,0,0,2878,1142,1663,3031,3016,0,4360,3847,5377,1878,2954,2118
경상북도,0,0,0,0,0,0,0,0,0,0,0,128,106,111,492,0,715,868,229,91,230,249
경상북도,0,1150,2830,973,961,1496,716,818,1601,1129,1528,1267,725,1831,903,0,4166,1838,2309,1922,2214,573
경상북도,0,635,1280,365,360,208,541,376,458,611,476,805,826,785,501,0,2107,2084,610,558,539,446
대구광역시,0,0,0,0,0,0,0,0,0,10592,2879,2030,2434,1504,6855,0,2482,2044,5139,1307,2924,3110
경상남도,0,0,0,0,0,0,0,0,7376,0,2170,1579,3146,5241,1530,0,1809,789,1525,885,2338,1802
경상남도,0,0,0,0,0,0,0,0,0,0,2068,1485,668,1022,910,0,1631,1388,456,771,1008,694
부산광역시,0,873,1116,712,641,401,320,414,502,320,119,406,465,333,485,0,631,358,1078,858,349,307
울산광역시,0,2924,1228,686,1706,1167,1046,1202,864,751,559,395,308,232,240,0,399,711,817,918,1256,2631
부산광역시,9518,14764,13947,13270,17619,21504,24725,16765,10804,48654,21341,19318,14879,15746,21597,17139,21263,24548,23754,27093,23768,29019
부산광역시,21170,30397,11414,15817,14938,44396,40179,41525,29649,24467,24939,33454,24819,39908,28409,21708,25783,26894,28234,18097,17104,18772
경상북도,0,1900,2481,510,611,1,38,346,351,282,50,349,97,157,155,0,131,199,0,0,0,0
경상북도,0,816,2552,505,1288,422,990,480,1578,2153,574,162,562,110,176,0,360,681,0,0,0,0
경상북도,0,0,0,0,0,4020,4777,3835,4681,974,3379,3375,7213,1982,3642,0,2674,4300,2391,2345,3385,4623
경상북도,0,0,1546,1670,2661,1071,3153,1026,3268,1696,3654,3563,5140,1279,2263,0,3398,5132,4744,3236,3572,2725
경상북도,0,0,3585,587,844,1038,7524,5175,7173,2925,1602,2576,1128,2316,3131,0,544,129,229,1692,1156,2601
경상북도,0,0,0,0,0,952,3835,350,2559,734,644,3345,6791,296,276,0,313,377,0,0,0,0
경상북도,0,0,0,0,0,686,592,407,750,309,229,578,300,134,426,0,580,542,0,0,0,0
부산광역시,0,2861,2832,11300,4332,12229,6980,7843,5992,4102,1510,6538,15022,16499,8839,2481,3635,4462,5264,4686,32730,15079
울산광역시,6112,11163,3498,13497,6329,10804,9042,15096,19492,16427,16576,19934,14174,14424,38377,41492,38870,16884,14551,19320,11658,10115
울산광역시,0,995,1740,1708,553,734,1611,1267,1782,2090,2281,4307,3643,2349,3210,0,4078,715,1753,1175,1218,2386
울산광역시,0,2771,10225,4525,2809,15335,43830,33584,34924,18094,46524,40782,37855,52139,52621,60823,101417,101281,75293,79832,96597,91497
경상북도,810,1626,1681,2807,2554,4819,12350,6693,5373,10533,7603,4989,8108,8406,5920,10271,8305,7187,7534,11288,7416,10224
경상북도,53,1418,1529,3223,1546,4979,4064,3646,12143,9060,10410,5042,7084,7270,11715,4834,2823,13623,7794,12182,5932,5669
경상북도,1289,4477,9164,3710,4744,5279,5865,2593,6921,3044,5771,2064,8494,3445,3319,0,3787,1300,1430,8332,4363,5879
경상북도,3532,2114,2645,3183,3222,3795,3106,2603,7713,6744,2140,4449,2885,4104,2977,0,2842,3580,4070,4603,6059,6096
강원도,1873,1437,2062,577,2930,572,394,3607,5982,6590,6366,3421,5037,5699,9805,1840,5227,8704,11847,7056,3983,6289
강원도,125,2238,1855,1370,1027,3587,3767,804,4827,3517,4720,3445,2650,5464,2669,0,2743,7147,3782,6392,4814,4538
강원도,2603,831,2634,4158,2022,838,615,1615,2582,2209,2350,786,1084,673,2879,2497,2067,1775,726,3777,1166,1133
강원도,0,0,0,0,0,0,1377,2959,3638,3268,3765,1906,2498,1765,1473,1063,2282,1716,888,1232,1701,1735
강원도,13266,5760,193,4396,3684,1884,4959,1624,1668,1890,2271,2799,3020,4706,3449,0,7386,4549,8477,7043,1856,2033
강원도,898,9052,1564,546,1033,199,3159,319,4747,10962,674,1955,928,2916,4447,0,3153,4042,6213,1441,3523,2757
강원도,0,0,0,0,0,0,775,791,1118,1932,358,834,332,152,1286,2141,3182,1369,1463,1633,1695,998
강원도,1017,4521,264,628,1140,1010,1034,862,577,978,1672,4934,2459,4098,3135,0,3778,3737,2158,9321,3117,5025
강원도,1954,587,1502,1022,1971,846,1571,2416,2170,1553,1253,3472,899,684,1355,0,1663,640,937,1944,1188,1421
강원도,22,13,280,1,134,257,8,226,930,357,32,67,253,335,1245,0,1256,672,353,152,613,2095
강원도,2126,6794,1221,1738,1734,227,2498,3034,110,6824,6327,2812,3801,2239,5504,0,8064,10802,6544,7919,4447,8537
강원도,0,42,485,0,1066,70,32,7,183,99,7,11,112,176,53,0,336,486,841,1347,1338,967
강원도,222,587,1150,0,872,0,1,377,57,74,10,5,54,87,824,0,3825,993,732,200,1415,419
강원도,469,1099,665,505,2380,952,1835,1704,2422,1581,1513,3148,3667,4067,17461,4761,13650,21220,5169,13518,7334,3791
강원도,0,0,0,0,0,0,0,0,0,15902,741,406,3189,1154,518,0,3680,4765,1284,1571,4794,2520
제주특별자치도,1511,1943,5214,6369,3171,2611,2283,2376,2304,3957,3668,2345,2800,6066,6177,0,5931,8915,9514,7170,4251,9836
제주특별자치도,5103,3175,3748,4721,5469,4840,10989,3934,5221,3586,4508,3906,2341,5145,3873,5524,2940,3822,3107,2662,5134,3642
제주특별자치도,10079,11280,8592,17766,8780,7572,13060,7749,4550,18395,10127,20933,16148,16333,11833,13889,6739,5431,8206,5441,9494,19984
제주특별자치도,3668,4454,8889,3953,2610,3778,9793,2037,1060,2334,3527,10526,6040,5129,4769,6836,5724,4289,4059,8053,8152,5246
제주특별자치도,1442,3594,3464,1762,1960,4906,3945,3252,1966,3963,2149,2603,3579,2802,3682,3945,2891,1214,2367,6471,3195,4616
제주특별자치도,2917,4343,7707,2252,1861,1090,3250,1677,5026,3124,5722,2696,3348,3832,3394,0,4233,4992,7572,3645,11582,15850
전라북도,0,1146,156,690,656,222,1296,249,141,75,438,59,56,53,116,0,0,0,0,0,0,0
전라북도,0,18,1099,117,85,90,29,19,39,26,64,30,31,7,113,0,0,0,0,0,0,0
충청북도,0,0,0,0,0,0,0,0,0,0,0,0,0,0,0,0,0,0,5644,3448,1842,1395
경기도,0,0,0,0,0,0,0,0,0,0,0,0,0,0,0,0,0,0,2545,1794,1662,1358
경기도,0,0,0,0,0,0,0,0,0,0,0,0,0,0,0,0,0,0,1993,1959,3022,2009
경기도,0,0,0,0,0,0,0,0,0,0,0,0,0,0,0,0,0,0,2859,3229,2492,4728
경기도,0,0,0,0,0,0,0,0,0,0,0,0,0,0,0,0,0,0,815,826,806,1633
강원도,0,0,0,0,0,0,0,0,0,0,0,0,0,0,0,0,0,0,1862,1720,1192,578
충청북도,0,0,0,0,0,0,0,0,0,0,0,0,0,0,0,0,0,0,878,608,985,822
충청북도,0,0,0,0,0,0,0,0,0,0,0,0,0,0,0,0,0,0,1217,1164,1066,699
경기도,0,0,0,0,0,0,0,0,0,0,0,0,0,0,0,0,0,0,1693,2764,4269,3696
충청남도,0,0,0,0,0,0,0,0,0,0,0,0,0,0,0,0,0,0,2485,1579,2337,1391
충청남도,0,0,0,0,0,0,0,0,0,0,0,0,0,0,0,0,0,0,2379,672,3917,2000
전라북도,0,0,0,0,0,0,0,0,0,0,0,0,0,0,0,0,0,0,2962,3102,2513,2037
경상남도,0,0,0,0,0,0,0,0,0,0,0,0,0,0,0,0,0,0,1385,842,585,1703
제주특별자치도,0,0,0,0,0,0,0,0,0,0,0,0,0,0,0,0,0,0,0,0,0,0
대구광역시,0,0,0,0,0,0,0,0,0,0,0,0,0,0,0,0,0,0,7323,5832,5505,12957
충청남도,0,0,0,0,0,0,0,0,0,0,0,0,0,0,0,0,0,0,8204,653,12224,2080
경기도,0,0,0,0,0,0,0,0,0,0,0,0,0,0,0,0,0,0,0,0,0,0
경기도,0,0,0,0,0,0,0,0,0,0,0,0,0,0,0,0,0,0,0,3620,2530,1829
경상남도,0,0,0,0,0,0,0,0,0,0,0,0,0,0,0,0,0,0,0,1182,5289,5762
경기도,0,0,0,0,0,0,0,0,0,0,0,0,0,0,0,0,0,0,0,0,0,0
충청남도,0,0,0,0,0,0,0,0,0,0,0,0,0,0,0,0,0,0,0,1530,3654,2036
충청남도,0,0,0,0,0,0,0,0,0,0,0,0,0,0,0,0,0,0,0,3506,4680,2608
전라남도,0,0,0,0,0,0,0,0,0,0,0,0,0,0,0,0,0,0,0,0,0,909
충청남도,0,0,0,0,0,0,0,0,0,0,0,0,0,0,0,0,0,0,0,0,0,2744
경기도,0,0,0,0,0,0,0,0,0,0,0,0,0,0,0,0,0,0,0,0,0,973
경기도,0,0,0,0,0,0,0,0,0,0,0,0,0,0,0,0,0,0,0,0,0,377
전라북도,0,0,0,0,0,0,0,0,0,0,0,0,0,0,0,0,0,0,0,0,0,30649
경상남도,0,0,0,0,0,0,0,0,0,0,0,0,0,0,0,0,0,0,0,0,0,749
