주소,축종,진단일,발생일,지역코드,사육수,location,date,avg_temperature(C),daily_rain(mm),avg_wind(m/s),avg_r_humidity(%)
강원도 원주시 귀래면 주포리,닭-산란계,20210224,20210223,114,170000,원주,20210223,1.9,0.0,1.4,28.0
강원도 인제군 기린면 북리,닭-산란계,20170107,20170103,211,28500,인제,20170103,1.2,0.0,2.2,60.1
강원도 철원군 갈말읍 강포리,닭-산란계,20161203,20161130,95,30000,철원,20161130,3.2,1.2,0.9,72.1
강원도 철원군 갈말읍 강포리,닭-산란계,20161212,20161209,95,16000,철원,20161209,-0.1,1.7,1.6,68.9
강원도 춘천시 사북면 지촌리,닭-산란계,20080507,20080507,101,96,춘천,20080507,13.2,17.0,0.6,66.1
강원도 횡성군 횡성읍 학곡리,거위-비분류,20140617,20140613,114,1300,원주,20140613,20.7,0.5,1.5,76.6
강원도 횡성군 횡성읍 학곡리,닭-토종닭,20170109,20170106,114,13,원주,20170106,3.9,0.0,0.6,64.9
경기도 고양시 덕양구 관산동,닭-토종닭,20170307,20170303,99,3000,파주,20170303,1.2,0.0,1.8,68.6
경기도 고양시 덕양구 내유동,관상조류-비분류,20201229,20201228,99,900,파주,20201228,2.3,0.0,0.5,85.5
경기도 과천시 문원동,야생조류-큰기러기,20140314,20140309,116,0,,,,,,
경기도 광주시 남한산성면 불당리,오리-기타,20160405,20160405,203,12,이천,20160405,11.7,0.0,2.3,29.4
경기도 광주시 오포읍 양벌리,야생조류-왜가리,20150121,20150119,203,1,이천,20150119,0.5,0.0,2.1,62.1
경기도 광주시 초월읍 신월리,닭-산란계,20161222,20161218,203,46000,이천,20161218,1.9,0.0,0.7,76.3
경기도 김포시 대곶면 쇄암리,닭-산란계,20210109,20210108,112,95000,인천,20210108,-14.5,0.0,5.2,42.6
경기도 김포시 대곶면 초원지리,닭-토종닭,20161218,20161212,112,50,인천,20161212,3.0,0.0,2.3,43.6
경기도 김포시 월곶면 군하리,닭-산란계,20201230,20201229,112,212333,인천,20201229,-0.2,0.0,4.2,71.0
경기도 김포시 통진읍 가현리,닭-산란계,20150203,20150131,112,107000,인천,20150131,-4.5,0.0,3.5,59.1
경기도 김포시 통진읍 가현리,닭-산란계,20161224,20161218,112,105000,인천,20161218,6.7,0.0,3.7,68.5
경기도 김포시 통진읍 가현리,닭-산란계,20201213,20201212,112,40000,인천,20201212,3.0,0.0,2.5,46.4
경기도 김포시 통진읍 수참리,닭-산란계,20210101,20201231,112,80000,인천,20201231,-8.3,0.0,3.0,52.0
경기도 김포시 하성면 마조리,메추리-비분류,20170125,20170121,112,430000,인천,20170121,-3.4,4.2,2.9,71.5
경기도 남양주시 화도읍 차산리,닭-산란계,20210112,20210111,108,38400,서울,20210111,-6.7,0.0,1.9,62.1
경기도 동두천시 하봉암동,칠면조,20110211,20110211,98,465,동두천,20110211,-3.0,0.0,1.8,37.6
경기도 성남시 수정구 태평동,닭-토종닭,20141230,20141226,116,1,,,,,,
경기도 성남시 중원구 성남동,닭-토종닭,20141227,20141222,116,1,,,,,,
경기도 성남시 중원구 성남동,닭-토종닭,20141229,20141222,116,3,,,,,,
경기도 수원시 영통구 하동,야생조류-논병아리,20140304,20140227,119,0,수원,20140227,6.7,0.0,1.6,69.8
경기도 수원시 팔달구 인계동,야생조류-기러기,20140131,20140128,119,0,수원,20140128,1.1,0.4,1.7,62.3
경기도 수원시 팔달구 화서동,야생조류-큰기러기,20150202,20150124,119,3,수원,20150124,3.1,0.0,1.1,71.1
경기도 안성시 공도읍 건천리,거위-비분류,20140228,20140225,203,300,이천,20140225,4.2,0.0,1.0,63.8
경기도 안성시 공도읍 건천리,오리-육용오리,20140228,20140225,203,31000,이천,20140225,4.2,0.0,1.0,63.8
경기도 안성시 공도읍 마정리,닭-산란계,20170114,20170108,203,137178,이천,20170108,6.3,0.0,1.1,63.0
경기도 안성시 공도읍 마정리,닭-산란계,20210129,20210128,203,78600,이천,20210128,-2.9,1.3,2.6,59.6
경기도 안성시 공도읍 신두리,닭-산란계,20161220,20161216,203,33000,이천,20161216,-4.6,0.0,1.4,44.9
경기도 안성시 공도읍 용두리,닭-산란계,20170101,20161228,203,41500,이천,20161228,-3.5,0.0,1.2,54.5
경기도 안성시 공도읍 용두리,닭-산란계,20210201,20210130,203,62500,이천,20210130,-2.7,0.3,0.9,60.9
경기도 안성시 공도읍 중복리,닭-기타,20080508,20080508,203,30784,이천,20080508,16.7,0.0,1.1,67.5
경기도 안성시 공도읍 진사리,닭-종계,20161228,20161223,203,59788,이천,20161223,-0.5,0.5,2.6,66.1
경기도 안성시 금광면 개산리,오리-육용오리,20150310,20150305,203,9000,이천,20150305,-1.4,0.0,1.0,45.5
경기도 안성시 금광면 개산리,오리-육용오리,20161230,20161224,203,8600,이천,20161224,-2.1,0.0,0.9,64.5
경기도 안성시 금광면 내우리,오리-육용오리,20150308,20150304,203,9000,이천,20150304,-1.5,0.0,3.1,34.3
경기도 안성시 금광면 삼흥리,닭-산란계,20210113,20210112,203,390000,이천,20210112,-7.0,1.4,0.5,87.3
경기도 안성시 대덕면 명당리,닭-산란계,20170105,20170101,203,376000,이천,20170101,0.4,0.0,0.5,80.3
경기도 안성시 대덕면 보동리,닭-토종닭,20161129,20161125,203,27500,이천,20161125,-1.5,0.0,0.9,60.5
경기도 안성시 미양면 강덕리,닭-육계,20080503,20080503,203,55802,이천,20080503,20.9,0.0,0.9,61.9
경기도 안성시 미양면 강덕리,닭-육계,20080505,20080505,203,55802,이천,20080505,16.4,0.2,3.0,48.0
경기도 안성시 미양면 강덕리,오리-종오리,20110113,20110113,203,45000,이천,20110113,-10.3,0.0,0.6,63.4
경기도 안성시 미양면 강덕리,오리-종오리,20140213,20140211,203,22760,이천,20140211,-1.2,0.0,1.3,53.3
경기도 안성시 미양면 강덕리,오리-종오리,20140217,20140214,203,7,이천,20140214,1.3,0.0,1.0,55.8
경기도 안성시 미양면 강덕리,오리-종오리,20150129,20150126,203,16000,이천,20150126,3.0,2.2,0.7,86.9
경기도 안성시 미양면 강덕리,오리-종오리,20150130,20150129,203,6500,이천,20150129,-1.6,0.0,0.6,68.9
경기도 안성시 미양면 고지리,오리-육용오리,20110116,20110116,203,20200,이천,20110116,-14.2,0.0,1.8,47.8
경기도 안성시 미양면 고지리,오리-종오리,20140217,20140215,203,9000,이천,20140215,1.7,0.0,1.0,59.9
경기도 안성시 미양면 고지리,오리-종오리,20140219,20140217,203,1878,이천,20140217,3.4,0.0,1.1,53.0
경기도 안성시 미양면 고지리,오리-종오리,20150116,20150113,203,7441,이천,20150113,-2.7,0.0,0.6,58.5
경기도 안성시 미양면 법전리,닭-산란계,20150417,20150414,203,161400,이천,20150414,6.4,17.7,1.2,80.3
경기도 안성시 미양면 보체리,닭-육계,20170112,20170109,203,100000,이천,20170109,3.1,0.0,2.6,56.9
경기도 안성시 미양면 정동리,오리-육용오리,20140224,20140218,203,10000,이천,20140218,1.7,0.0,1.7,50.4
경기도 안성시 미양면 정동리,오리-육용오리,20150123,20150122,203,60,이천,20150122,2.2,0.7,0.7,71.4
경기도 안성시 미양면 정동리,오리-육용오리,20150126,20150120,203,17300,이천,20150120,-2.2,0.0,0.7,64.6
경기도 안성시 보개면 기좌리,닭-토종닭,20170118,20170114,203,108607,이천,20170114,-7.4,0.0,2.2,31.8
경기도 안성시 보개면 남풍리,닭-산란계,20161224,20161218,203,170500,이천,20161218,1.9,0.0,0.7,76.3
경기도 안성시 보개면 내방리,오리-육용오리,20150209,20150204,203,9000,이천,20150204,-1.1,0.0,1.1,66.5
경기도 안성시 보개면 동신리,닭-산란계,20170106,20161230,203,40000,이천,20161230,-4.4,0.0,0.8,56.5
경기도 안성시 보개면 동신리,닭-산란계,20210128,20210127,203,29000,이천,20210127,2.3,0.0,1.3,54.1
경기도 안성시 보개면 동평리,오리-육용오리,20161216,20161211,203,10500,이천,20161211,-2.9,0.0,0.8,57.8
경기도 안성시 보개면 복평리,오리-육용오리,20161218,20161209,203,6000,이천,20161209,2.1,1.4,1.7,64.5
경기도 안성시 보개면 양복리,오리-육용오리,20150209,20150205,203,16500,이천,20150205,-0.8,0.0,1.5,69.0
경기도 안성시 보개면 적가리,닭-일괄,20161226,20161220,203,241000,이천,20161220,5.5,0.0,0.6,76.0
경기도 안성시 삼죽면 덕산리,닭-산란계,20161218,20161213,203,43200,이천,20161213,2.2,0.0,1.0,64.1
경기도 안성시 삼죽면 마전리,오리-육용오리,20150225,20150212,203,9500,이천,20150212,-1.5,0.0,2.4,29.5
경기도 안성시 서운면 신촌리,닭-산란계,20161228,20161222,203,54000,이천,20161222,6.7,18.2,2.8,83.8
경기도 안성시 서운면 신촌리,닭-산란계,20161228,20161223,203,230000,이천,20161223,-0.5,0.5,2.6,66.1
경기도 안성시 서운면 신촌리,닭-산란계,20210114,20210113,203,280000,이천,20210113,1.5,0.0,1.0,87.1
경기도 안성시 서운면 신흥리,오리-육용오리,20110108,20110108,203,33000,이천,20110108,-8.9,0.1,0.6,85.3
경기도 안성시 서운면 신흥리,오리-육용오리,20150211,20150208,203,20000,이천,20150208,-8.3,0.0,3.6,26.3
경기도 안성시 서운면 신흥리,오리-종오리,20150205,20150202,203,6500,이천,20150202,-2.9,0.0,0.7,55.9
경기도 안성시 원곡면 외가천리,닭-토종닭,20161207,20161201,203,45500,이천,20161201,4.8,0.0,2.4,48.6
경기도 안성시 일죽면 능국리,닭-산란계,20140321,20140318,203,443000,이천,20140318,11.4,0.0,2.7,63.8
경기도 안성시 일죽면 능국리,닭-산란계,20140401,20140329,203,110000,이천,20140329,12.9,2.6,0.8,70.0
경기도 안성시 일죽면 능국리,닭-산란계,20161214,20161207,203,50000,이천,20161207,-1.9,0.1,0.7,71.0
경기도 안성시 일죽면 능국리,닭-산란계,20161218,20161211,203,400000,이천,20161211,-2.9,0.0,0.8,57.8
경기도 안성시 일죽면 방초리,닭-토종닭,20170114,20170109,203,1500,이천,20170109,3.1,0.0,2.6,56.9
경기도 안성시 일죽면 산북리,닭-일괄,20161220,20161214,203,290000,이천,20161214,-0.5,0.7,1.5,75.8
경기도 안성시 일죽면 산북리,오리-육용오리,20110111,20110111,203,14800,이천,20110111,-7.7,2.7,0.8,72.4
경기도 안성시 일죽면 산북리,오리-육용오리,20161210,20161207,203,5500,이천,20161207,-1.9,0.1,0.7,71.0
경기도 안성시 일죽면 신흥리,닭-산란계,20210201,20210131,203,60000,이천,20210131,0.6,0.0,0.6,69.1
경기도 안성시 일죽면 신흥리,오리-육용오리,20140315,20140313,203,1,이천,20140313,4.4,0.0,2.8,55.6
경기도 안성시 일죽면 장암리,닭-산란계,20161226,20161220,203,100000,이천,20161220,5.5,0.0,0.6,76.0
경기도 안성시 일죽면 장암리,닭-육계,20070210,20070210,203,133003,이천,20070210,3.3,0.0,2.4,62.6
경기도 안성시 일죽면 장암리,닭-종계,20210127,20210126,203,18780,이천,20210126,3.6,3.3,0.7,91.1
경기도 안성시 일죽면 화곡리,오리-육용오리,20161218,20161208,203,5500,이천,20161208,-1.5,1.7,0.5,85.6
경기도 안성시 일죽면 화봉리,닭-산란계,20140312,20140306,203,30000,이천,20140306,0.4,0.0,2.4,37.6
경기도 안성시 중리동,오리-육용오리,20140626,20140625,203,4000,이천,20140625,22.5,0.0,1.1,66.0
경기도 양주시 광적면 우고리,오리-비분류,20150524,20150521,98,700,동두천,20150521,18.1,0.0,2.0,50.9
경기도 양주시 광적면 우고리,오리-비분류,20150524,20150522,98,210,동두천,20150522,19.7,0.0,2.1,47.4
경기도 양주시 남면 경신리,닭-산란계,20110120,20110120,98,8000,동두천,20110120,-9.6,0.0,0.8,51.1
경기도 양주시 남면 경신리,닭-산란계,20170111,20170107,98,11830,동두천,20170107,2.5,0.0,1.1,70.1
경기도 양주시 남면 상수리,닭-산란계,20170214,20170209,98,17070,동두천,20170209,-4.7,0.0,3.2,43.9
경기도 양주시 백석읍 가업리,닭-산란계,20161123,20161120,98,15500,동두천,20161120,9.2,0.0,2.0,48.9
경기도 양주시 백석읍 가업리,닭-산란계,20161129,20161126,98,102783,동두천,20161126,0.2,1.4,0.9,73.6
경기도 양주시 백석읍 오산리,닭-산란계,20161201,20161128,98,16000,동두천,20161128,0.7,0.0,1.3,59.3
경기도 양주시 은현면 도하리,닭-산란계,20170111,20170105,98,31500,동두천,20170105,2.7,0.0,1.3,60.1
경기도 양주시 은현면 봉암리,닭-산란계,20170118,20170112,98,9800,동두천,20170112,-3.2,0.0,2.4,44.4
경기도 양주시 은현면 봉암리,닭-산란계,20180318,20180316,98,26000,동두천,20180316,5.8,0.0,1.7,50.6
경기도 양주시 은현면 하패리,닭-산란계,20040321,20040321,98,44000,동두천,20040321,7.6,0.0,1.2,44.8
경기도 양평군 지평면 수곡리,오리-육용오리,20161207,20161203,202,4500,양평,20161203,1.5,0.0,0.7,67.6
경기도 여주시 가남읍 금당리,닭-산란계,20150202,20150123,203,541023,이천,20150123,-1.2,0.0,0.6,81.4
경기도 여주시 가남읍 금당리,닭-산란계,20161218,20161213,203,416271,이천,20161213,2.2,0.0,1.0,64.1
경기도 여주시 가남읍 삼군리,메추리-비분류,20201209,20201208,203,110000,이천,20201208,-1.1,0.0,0.9,54.3
경기도 여주시 가남읍 은봉리,닭-산란계,20161210,20161206,203,120000,이천,20161206,-0.5,0.0,1.8,38.5
경기도 여주시 가남읍 은봉리,닭-산란계,20201207,20201206,203,193000,이천,20201206,2.1,0.0,0.9,76.9
경기도 여주시 가남읍 하귀리,닭-산란계,20150121,20150114,203,300000,이천,20150114,0.3,0.0,0.5,56.1
경기도 여주시 가남읍 하귀리,닭-산란계,20161218,20161213,203,409447,이천,20161213,2.2,0.0,1.0,64.1
경기도 여주시 능서면 광대리,닭-산란계,20110223,20110223,203,30000,이천,20110223,4.4,0.0,1.1,60.5
경기도 여주시 능서면 광대리,오리-종오리,20150202,20150123,203,41200,이천,20150123,-1.2,0.0,0.6,81.4
경기도 여주시 능서면 광대리,오리-종오리,20161214,20161209,203,29386,이천,20161209,2.1,1.4,1.7,64.5
경기도 여주시 능서면 마래리,닭-산란계,20161210,20161207,203,208100,이천,20161207,-1.9,0.1,0.7,71.0
경기도 여주시 능서면 마래리,닭-산란계,20201229,20201228,203,208300,이천,20201228,4.0,0.0,0.5,74.5
경기도 여주시 능서면 마래리,닭-육계,20161230,20161226,203,55000,이천,20161226,1.7,1.1,0.6,84.9
경기도 여주시 능서면 마래리,메추리-비분류,20170101,20161224,203,100000,이천,20161224,-2.1,0.0,0.9,64.5
경기도 여주시 능서면 용은리,닭-산란계,20161220,20161218,203,48000,이천,20161218,1.9,0.0,0.7,76.3
경기도 여주시 점동면 당진리,닭-산란계,20201222,20201221,203,153600,이천,20201221,-3.8,0.0,0.6,72.9
경기도 여주시 흥천면 율극리,닭-산란계,20161228,20161223,203,120417,이천,20161223,-0.5,0.5,2.6,66.1
경기도 여주시 흥천면 율극리,닭-산란계,20161228,20161224,203,250000,이천,20161224,-2.1,0.0,0.9,64.5
경기도 연천군 미산면 백석리,닭-산란계,20110524,20110524,98,16000,동두천,20110524,19.7,0.0,0.7,46.5
경기도 연천군 연천읍 상리,닭-산란계,20170118,20170112,98,9874,동두천,20170112,-3.2,0.0,2.4,44.4
경기도 용인시 처인구 백암면 박곡리,닭-산란계,20110306,20110306,203,200000,이천,20110306,2.9,0.0,1.4,69.3
경기도 용인시 처인구 백암면 박곡리,닭-산란계,20161214,20161209,203,196000,이천,20161209,2.1,1.4,1.7,64.5
경기도 용인시 처인구 백암면 석천리,닭-산란계,20161218,20161213,203,313000,이천,20161213,2.2,0.0,1.0,64.1
경기도 용인시 처인구 백암면 옥산리,닭-산란계,20161218,20161213,203,240000,이천,20161213,2.2,0.0,1.0,64.1
경기도 용인시 처인구 백암면 옥산리,닭-산란계,20210119,20210118,203,188000,이천,20210118,-3.6,1.3,1.8,72.0
경기도 용인시 처인구 백암면 장평리,닭-산란계,20210201,20210129,203,19000,이천,20210129,-7.5,0.0,2.4,37.0
경기도 용인시 처인구 원삼면 문촌리,오리-종오리,20201223,20201220,203,6000,이천,20201220,-5.1,0.0,0.9,60.1
경기도 의정부시 용현동,닭-토종닭,20150420,20150416,98,48,동두천,20150416,10.4,3.9,3.1,62.0
경기도 이천시 대월면 대대리,오리-육용오리,20161216,20161211,203,5500,이천,20161211,-2.9,0.0,0.8,57.8
경기도 이천시 대월면 대흥리,닭-산란계,20161216,20161211,203,54000,이천,20161211,-2.9,0.0,0.8,57.8
경기도 이천시 대월면 초지리,닭-산란계,20161207,20161203,203,360000,이천,20161203,1.3,0.0,0.7,63.4
경기도 이천시 마장면 이치리,오리-종오리,20160323,20160323,203,10907,이천,20160323,7.6,0.0,1.8,53.4
경기도 이천시 모가면 원두리,오리-육용오리,20161207,20161201,203,18600,이천,20161201,4.8,0.0,2.4,48.6
경기도 이천시 백사면 도립리,닭-산란계,20210214,20210213,203,119000,이천,20210213,5.0,0.0,0.5,58.4
경기도 이천시 부발읍 가산리,닭-산란계,20161129,20161127,203,200000,이천,20161127,1.6,0.0,0.6,88.6
경기도 이천시 부발읍 가산리,닭-산란계,20210214,20210213,203,241000,이천,20210213,5.0,0.0,0.5,58.4
경기도 이천시 설성면 상봉리,닭-종계,20110217,20110217,203,21000,이천,20110217,0.3,1.3,1.4,77.5
경기도 이천시 설성면 신필리,닭-산란계,20161209,20161204,203,10000,이천,20161204,1.6,0.0,0.5,74.1
경기도 이천시 설성면 신필리,닭-토종닭,20161218,20161214,203,27300,이천,20161214,-0.5,0.7,1.5,75.8
경기도 이천시 설성면 신필리,오리-육용오리,20161203,20161130,203,3000,이천,20161130,4.4,0.4,0.9,66.4
경기도 이천시 설성면 암산리,닭-토종닭,20161210,20161205,203,23000,이천,20161205,5.5,0.1,1.7,65.9
경기도 이천시 설성면 장능리,닭-산란계,20161209,20161204,203,95000,이천,20161204,1.6,0.0,0.5,74.1
경기도 이천시 설성면 장능리,닭-토종닭,20110121,20110121,203,26500,이천,20110121,-8.5,0.0,1.3,60.0
경기도 이천시 설성면 장천리,닭-산란계,20150225,20150210,203,156704,이천,20150210,2.0,0.0,2.1,59.0
경기도 이천시 설성면 장천리,닭-산란계,20161129,20161125,203,160000,이천,20161125,-1.5,0.0,0.9,60.5
경기도 이천시 설성면 장천리,닭-산란계,20210202,20210201,203,146000,이천,20210201,4.3,3.2,1.3,85.1
경기도 이천시 설성면 장천리,오리-종오리,20110122,20110122,203,8300,이천,20110122,-6.0,0.0,1.0,68.5
경기도 이천시 설성면 행죽리,닭-종계,20110114,20110114,203,16000,이천,20110114,-7.1,1.6,0.7,69.9
경기도 이천시 설성면 행죽리,닭-종계,20161207,20161202,203,60000,이천,20161202,0.3,0.0,1.1,47.9
경기도 이천시 율면 본죽리,닭-산란계,20140422,20140420,203,90000,이천,20140420,13.7,0.0,1.8,44.9
경기도 이천시 율면 본죽리,닭-산란계,20161214,20161208,203,75500,이천,20161208,-1.5,1.7,0.5,85.6
경기도 이천시 율면 석산리,메추리-비분류,20140508,20140430,203,430000,이천,20140430,16.0,0.0,1.4,56.8
경기도 이천시 율면 석산리,메추리-비분류,20161206,20161203,203,620000,이천,20161203,1.3,0.0,0.7,63.4
경기도 이천시 율면 신추리,닭-산란계,20031225,20031225,203,87456,이천,20031225,0.0,0.0,1.6,66.1
경기도 이천시 율면 신추리,닭-산란계,20161220,20161215,203,47060,이천,20161215,-2.8,0.0,2.0,42.4
경기도 이천시 율면 신추리,닭-산란계,20210130,20210129,203,50000,이천,20210129,-7.5,0.0,2.4,37.0
경기도 이천시 율면 월포리,닭-육계,20161220,20161214,203,71700,이천,20161214,-0.5,0.7,1.5,75.8
경기도 이천시 장호원읍 나래리,닭-산란계,20150126,20150121,203,289800,이천,20150121,1.1,4.1,0.5,69.0
경기도 이천시 장호원읍 나래리,닭-산란계,20161224,20161218,203,278100,이천,20161218,1.9,0.0,0.7,76.3
경기도 이천시 장호원읍 나래리,닭-산란계,20210122,20210121,203,478000,이천,20210121,1.8,5.8,0.4,75.9
경기도 이천시 장호원읍 선읍리,닭-산란계,20161216,20161210,203,18000,이천,20161210,-1.4,0.0,1.1,52.8
경기도 이천시 장호원읍 선읍리,메추리-비분류,20161224,20161218,203,164482,이천,20161218,1.9,0.0,0.7,76.3
경기도 이천시 장호원읍 어석리,닭-종계,20210223,20210222,203,87900,이천,20210222,7.9,0.0,1.8,58.1
경기도 이천시 장호원읍 와현리,닭-산란계,20161230,20161225,203,14860,이천,20161225,-0.6,0.0,0.6,78.0
경기도 이천시 장호원읍 와현리,닭-종계,20161220,20161216,203,25506,이천,20161216,-4.6,0.0,1.4,44.9
경기도 이천시 장호원읍 와현리,닭-종계,20210127,20210126,203,24000,이천,20210126,3.6,3.3,0.7,91.1
경기도 이천시 장호원읍 와현리,닭-종계,20210128,20210127,203,22200,이천,20210127,2.3,0.0,1.3,54.1
경기도 이천시 장호원읍 진암리,닭-산란계,20161214,20161209,203,25000,이천,20161209,2.1,1.4,1.7,64.5
경기도 파주시 광탄면 창만리,닭-산란계,20110118,20110118,99,7000,파주,20110118,-11.6,0.0,0.8,64.4
경기도 파주시 법원읍 갈곡리,닭-일괄,20170606,20170603,99,1600,파주,20170603,19.0,0.0,1.5,48.0
경기도 파주시 적성면 어유지리,닭-산란계,20210127,20210126,99,130000,파주,20210126,2.0,0.8,0.9,90.5
경기도 평택시 고덕면 동고리,닭-산란계,20161222,20161216,232,620000,천안,20161216,-4.4,0.0,1.3,58.4
경기도 평택시 고덕면 동고리,닭-산란계,20210216,20210215,232,370000,천안,20210215,1.8,1.3,3.5,73.8
경기도 평택시 고덕면 두릉리,오리-산란오리,20161201,20161128,232,4500,천안,20161128,2.3,0.0,1.5,63.6
경기도 평택시 고덕면 문곡리,오리-기타,20161220,20161216,232,11500,천안,20161216,-4.4,0.0,1.3,58.4
경기도 평택시 고덕면 율포리,닭-육계,20140304,20140228,232,7300,천안,20140228,6.2,0.0,1.9,70.8
경기도 평택시 서탄면 회화리,닭-산란계,20161216,20161211,232,121000,천안,20161211,-3.1,0.0,0.6,64.4
경기도 평택시 안중읍 성해리,닭-기타,20110207,20110207,232,35000,천안,20110207,1.5,0.0,1.8,70.4
경기도 평택시 오성면 길음리,닭-산란계,20161228,20161222,232,35000,천안,20161222,7.5,11.0,3.3,85.5
경기도 평택시 오성면 안화리,닭-비분류,20161226,20161220,232,72962,천안,20161220,5.4,0.0,0.6,86.3
경기도 평택시 오성면 양교리,닭-산란계,20180318,20180316,232,486000,천안,20180316,5.5,0.1,3.5,67.6
경기도 평택시 청북면 고잔리,닭-산란계,20140312,20140306,232,110,천안,20140306,1.3,0.0,2.9,40.8
경기도 평택시 청북면 고잔리,닭-산란계,20161207,20161203,232,570100,천안,20161203,1.4,0.0,0.5,72.0
경기도 평택시 청북면 삼계리,닭-종계,20161220,20161215,232,25113,천안,20161215,-2.2,0.0,2.1,46.6
경기도 평택시 청북면 현곡리,꿩,20110125,20110125,232,2000,천안,20110125,-9.0,0.0,1.2,76.5
경기도 평택시 청북읍 고잔리,닭-산란계,20180128,20180127,232,143000,천안,20180127,-10.4,0.0,1.1,53.0
경기도 평택시 청북읍 고잔리,닭-산란계,20201229,20201228,232,26500,천안,20201228,3.3,0.0,0.5,82.6
경기도 평택시 청북읍 한산리,닭-종계,20161218,20161211,232,20000,천안,20161211,-3.1,0.0,0.6,64.4
경기도 평택시 팽성읍 대사리,닭-산란계,20161224,20161222,232,370000,천안,20161222,7.5,11.0,3.3,85.5
경기도 평택시 팽성읍 대사리,닭-산란계,20210211,20210209,129,239200,서산,20210209,-1.6,0.0,1.2,61.8
경기도 평택시 팽성읍 대사리,닭-종계,20110125,20110125,232,25000,천안,20110125,-9.0,0.0,1.2,76.5
경기도 평택시 팽성읍 대사리,오리-종오리,20140225,20140223,232,18600,천안,20140223,1.6,0.0,1.1,64.5
경기도 평택시 팽성읍 대사리,오리-종오리,20161216,20161210,232,12800,천안,20161210,-1.7,0.0,0.9,60.4
경기도 평택시 포승면 석정리,닭-산란계,20080414,20080414,232,22597,천안,20080414,11.0,0.0,1.6,61.4
경기도 평택시 포승면 석정리,닭-산란계,20080416,20080416,232,22597,천안,20080416,15.1,0.0,1.4,57.8
경기도 평택시 포승읍 도곡리,닭-종계,20161230,20161225,232,25000,천안,20161225,-0.4,0.0,0.5,83.9
경기도 평택시 포승읍 석정리,오리-육용오리,20161228,20161223,232,10000,천안,20161223,-0.3,2.3,2.6,82.3
경기도 평택시 포승읍 홍원리,닭-산란계,20161224,20161218,232,66000,천안,20161218,2.0,0.0,0.7,82.3
경기도 포천시 관인면 사정리,닭-종계,20161222,20161217,98,38496,동두천,20161217,2.5,0.0,1.0,59.1
경기도 포천시 관인면 탄동리,닭-산란계,20161209,20161203,98,160000,동두천,20161203,3.7,0.0,0.9,62.6
경기도 포천시 선단동,닭-산란계,20210113,20210112,98,180000,동두천,20210112,-6.6,1.9,1.0,85.5
경기도 포천시 신북면 삼성당리,닭-산란계,20210127,20210126,98,39000,동두천,20210126,3.5,0.8,1.2,87.1
경기도 포천시 영북면 문암리,닭-산란계,20161216,20161210,98,30000,동두천,20161210,-2.2,0.0,1.4,49.5
경기도 포천시 영북면 야미리,닭-산란계,20161209,20161204,98,188000,동두천,20161204,3.9,0.0,0.7,69.9
경기도 포천시 영북면 야미리,닭-산란계,20161216,20161210,98,50000,동두천,20161210,-2.2,0.0,1.4,49.5
경기도 포천시 영북면 야미리,닭-산란계,20161220,20161210,98,25926,동두천,20161210,-2.2,0.0,1.4,49.5
경기도 포천시 영북면 야미리,닭-산란계,20161220,20161213,98,37000,동두천,20161213,2.6,0.0,1.7,58.1
경기도 포천시 영북면 야미리,닭-산란계,20161222,20161216,98,11000,동두천,20161216,-5.3,0.0,1.2,46.1
경기도 포천시 영북면 자일리,고양이-코리아숏헤어,20161231,20161226,98,14,동두천,20161226,1.5,0.0,0.9,74.6
경기도 포천시 영북면 자일리,고양이-코리아숏헤어,20170102,20161230,98,7,동두천,20161230,-4.3,0.0,0.9,54.4
경기도 포천시 영북면 자일리,닭-산란계,20161125,20161122,98,299000,동두천,20161122,2.3,0.0,2.9,40.0
경기도 포천시 영북면 자일리,닭-산란계,20161207,20161202,98,120224,동두천,20161202,0.9,0.0,1.1,50.3
경기도 포천시 영북면 자일리,닭-산란계,20161209,20161202,98,37000,동두천,20161202,0.9,0.0,1.1,50.3
경기도 포천시 영북면 자일리,닭-산란계,20161209,20161204,98,54030,동두천,20161204,3.9,0.0,0.7,69.9
경기도 포천시 영북면 자일리,닭-산란계,20161210,20161205,98,71200,동두천,20161205,5.8,0.2,2.4,64.8
경기도 포천시 영북면 자일리,닭-산란계,20161210,20161206,98,68014,동두천,20161206,-1.4,0.0,1.7,35.6
경기도 포천시 영북면 자일리,닭-산란계,20180104,20180103,98,198400,동두천,20180103,-5.4,0.0,1.5,42.9
경기도 포천시 영중면 거사리,닭-산란계,20150126,20150122,98,134000,동두천,20150122,1.7,0.0,1.9,63.6
경기도 포천시 영중면 거사리,닭-산란계,20210227,20210226,98,189738,동두천,20210226,4.8,0.0,1.6,48.0
경기도 포천시 영중면 성동리,닭-산란계,20161222,20161216,98,43000,동두천,20161216,-5.3,0.0,1.2,46.1
경기도 포천시 이동면 노곡리,닭-산란계,20170127,20170124,98,106503,동두천,20170124,-8.1,0.0,1.1,51.6
경기도 포천시 일동면 길명리,닭-토종닭,20150428,20150424,98,1135,동두천,20150424,15.3,0.0,2.1,37.4
경기도 포천시 창수면 주원리,닭-산란계,20161218,20161212,98,331778,동두천,20161212,-0.1,0.0,0.9,54.3
경기도 포천시 창수면 주원리,닭-산란계,20161224,20161219,98,130000,동두천,20161219,6.5,0.3,0.9,71.5
경기도 포천시 창수면 주원리,닭-산란계,20210208,20210207,98,160000,동두천,20210207,3.1,0.0,1.9,65.8
경기도 포천시 창수면 추동리,닭-백세미,20150423,20150420,98,48000,동두천,20150420,12.0,6.9,1.8,66.9
경기도 포천시 창수면 추동리,닭-토종닭,20150423,20150420,98,11000,동두천,20150420,12.0,6.9,1.8,66.9
경기도 포천시 화현면 지현리,닭-산란계,20170202,20170124,98,15000,동두천,20170124,-8.1,0.0,1.1,51.6
경기도 화성시 남양읍 신남리,닭-산란계,20201217,20201216,116,90000,,,,,,
경기도 화성시 남양읍 온석리,닭-산란계,20140228,20140227,116,154800,,,,,,
경기도 화성시 남양읍 온석리,닭-산란계,20170105,20170101,116,348000,,,,,,
경기도 화성시 남양읍 온석리,닭-육계,20170109,20170103,116,60000,,,,,,
경기도 화성시 남양읍 장덕리,닭-육계,20170114,20170108,116,41268,,,,,,
경기도 화성시 마도면 청원리,닭-토종닭,20170125,20170121,116,30000,,,,,,
경기도 화성시 서신면 전곡리,닭-종계,20140130,20140128,116,18000,,,,,,
경기도 화성시 양감면 사창리,닭-산란계,20161214,20161207,116,14000,,,,,,
경기도 화성시 양감면 사창리,닭-산란계,20210124,20210123,116,602000,,,,,,
경기도 화성시 양감면 사창리,닭-종계,20161201,20161129,116,23286,,,,,,
경기도 화성시 온석동,닭-육계,20140211,20140206,116,27000,,,,,,
경기도 화성시 온석동,닭-종계,20140211,20140209,116,17000,,,,,,
경기도 화성시 온석동,오리-육용오리,20140212,20140211,116,6452,,,,,,
경기도 화성시 우정읍 매향리,닭-산란계,20161220,20161216,245,46000,정읍,20161216,-0.7,0.0,1.5,57.9
경기도 화성시 팔탄면 구장리,닭-산란계,20180127,20180126,116,147700,,,,,,
경기도 화성시 팔탄면 구장리,닭-산란계,20210218,20210217,116,150000,,,,,,
경기도 화성시 팔탄면 서근리,오리-종오리,20110210,20110210,116,8000,,,,,,
경기도 화성시 팔탄면 율암리,닭-산란계,20140217,20140214,116,26100,,,,,,
경기도 화성시 팔탄면 율암리,닭-산란계,20170125,20170120,116,29835,,,,,,
경기도 화성시 팔탄면 율암리,오리-육용오리,20140211,20140207,116,9200,,,,,,
경기도 화성시 향남읍 상신리,닭-산란계,20201223,20201222,116,310000,,,,,,
경상남도 거창군 가조면 동례리,오리-육용오리,20210110,20210109,284,20400,거창,20210109,-9.0,0.0,1.7,57.8
경상남도 고성군 거류면 은월리,개-기타,20150201,20150123,162,3,통영,20150123,4.2,0.0,1.4,73.3
경상남도 고성군 거류면 은월리,닭-토종닭,20170613,20170610,162,850,통영,20170610,20.9,0.0,2.4,82.3
경상남도 고성군 거류면 은월리,오리-육용오리,20150124,20150119,162,14000,통영,20150119,5.5,0.0,3.6,49.3
경상남도 고성군 대가면 갈천리,닭-토종닭,20170613,20170609,162,131,통영,20170609,21.5,0.0,2.1,71.8
경상남도 고성군 마암면 두호리,오리-육용오리,20161229,20161225,162,11000,통영,20161225,6.7,0.0,2.3,73.0
경상남도 고성군 마암면 삼락리,오리-육용오리,20161231,20161226,162,15000,통영,20161226,7.8,21.9,3.3,92.6
경상남도 고성군 마암면 삼락리,오리-육용오리,20210112,20210111,162,10500,통영,20210111,0.2,0.0,1.9,64.6
경상남도 고성군 마암면 삼락리,오리-육용오리,20210115,20210112,162,42300,통영,20210112,1.2,0.0,2.3,59.0
경상남도 밀양시 초동면 덕산리,닭-토종닭,20140130,20140128,288,9400,밀양,20140128,3.0,0.0,1.1,56.9
경상남도 양산시 동면 내송리,닭-토종닭,20110224,20110224,257,150,양산시,20110224,10.6,0.0,2.7,61.1
경상남도 양산시 명곡동,닭-토종닭,20141222,20141211,257,20,양산시,20141211,6.7,0.0,2.3,49.8
경상남도 양산시 상북면 상삼리,닭-산란계,20080513,20080513,257,59905,,,,,,
경상남도 양산시 상북면 상삼리,닭-산란계,20080514,20080514,257,59905,,,,,,
경상남도 양산시 상북면 좌삼리,닭-산란계,20161226,20161225,257,53397,양산시,20161225,6.7,0.0,1.1,75.8
경상남도 양산시 원동면 화제리,닭-토종닭,20170607,20170603,257,441,양산시,20170603,21.1,0.0,2.3,56.5
경상남도 양산시 하북면 백록리,닭-산란계,20040113,20040113,257,17000,,,,,,
경상남도 진주시 수곡면 대천리,오리-육용오리,20210109,20210108,192,22000,진주,20210108,-9.1,0.0,1.0,48.0
경상남도 통영시 도산면 오륜리,칠면조-비분류,20210219,20210218,162,4651,통영,20210218,-1.6,0.0,3.5,48.0
경상남도 하동군 옥종면 문암리,오리-육용오리,20210116,20210114,192,15900,진주,20210114,3.3,0.0,0.5,69.9
경상남도 하동군 옥종면 문암리,오리-육용오리,20210118,20210116,192,13100,진주,20210116,2.4,0.0,1.3,48.6
경상남도 하동군 적량면 고절리,닭-산란계,20140415,20140411,192,3500,진주,20140411,12.0,0.0,0.9,53.9
경상남도 하동군 진교면 고이리,오리-육용오리,20170302,20170227,192,3151,진주,20170227,5.1,0.0,0.8,60.1
경상북도 경산시 갑제동,닭-기타,20080513,20080513,176,14700,,,,,,
경상북도 경산시 갑제동,닭-기타,20080514,20080514,176,14700,,,,,,
경상북도 경주시 내남면 이조리,메추리-비분류,20210101,20201231,283,10900,경주시,20201231,-5.1,0.0,4.4,46.8
경상북도 경주시 산내면 대현리,닭-토종닭,20141201,20141124,283,130,경주시,20141124,9.2,24.0,1.9,91.8
경상북도 경주시 안강읍 육통리,닭-산란계,20031221,20031221,283,10650,,,,,,
경상북도 경주시 안강읍 육통리,닭-산란계,20031224,20031224,283,298650,,,,,,
경상북도 경주시 천북면 신당리,닭-산란계,20140312,20140307,283,30000,경주시,20140307,2.0,0.0,3.9,22.3
경상북도 경주시 천북면 신당리,닭-산란계,20201226,20201225,283,8000,경주시,20201225,0.8,0.0,3.8,47.8
경상북도 경주시 천북면 화산리,닭-산란계,20140312,20140310,283,60000,경주시,20140310,2.6,0.0,3.0,32.1
경상북도 구미시 선산읍 죽장리,닭-삼계,20201215,20201214,279,28000,구미,20201214,-3.2,0.0,2.1,35.1
경상북도 문경시 농암면 사현리,닭-산란계,20210113,20210112,273,38000,문경,20210112,-3.5,0.4,1.0,65.1
경상북도 상주시 공성면 무곡리,닭-산란계,20201202,20201201,137,188000,상주,20201201,1.9,0.0,1.0,48.4
경상북도 성주군 용암면 덕평리,닭-산란계,20110123,20110123,279,201000,구미,20110123,-1.4,0.0,1.5,47.5
경상북도 영주시 장수면 호문리,오리-종오리,20210217,20210215,271,7200,봉화,20210215,1.3,0.7,2.1,71.8
경상북도 영천시 서산동,닭-산란계,20110322,20110322,129,18000,서산,20110322,2.5,0.0,6.6,37.8
경상북도 영천시 오미동,닭-기타,20080501,20080501,281,132,영천,20080501,19.0,0.0,1.5,58.5
경상북도 영천시 오수동,닭-산란계,20110406,20110406,281,13200,영천,20110406,11.7,0.3,1.9,49.5
경상북도 포항시 북구 청하면 신흥리,닭-산란계,20210131,20210130,138,240000,포항,20210130,2.3,0.0,2.6,38.1
광주광역시 광산구 신창동,오리-육용오리,20150927,20150922,156,10298,광주,20150922,22.7,0.0,1.4,66.8
광주광역시 북구 우산동,오리-육용오리,20150921,20150916,156,28,광주,20150916,20.0,0.0,2.0,69.6
대구광역시 달성군 옥포면 본리리,닭-토종닭,20140619,20140616,143,50,대구,20140616,26.7,0.0,2.1,41.3
대구광역시 동구 도동,닭-토종닭,20170623,20170621,143,160,대구,20170621,24.2,1.0,1.5,68.1
대구광역시 수성구 만촌동,닭-육계,20080502,20080502,143,12,대구,20080502,23.3,0.0,1.5,49.1
부산광역시 강서구 대저1동,오리-육용오리,20080507,20080507,159,229,부산,20080507,18.0,0.0,4.4,58.4
부산광역시 강서구 대저2동,관상조류-기러기,20150121,20150113,159,880,부산,20150113,6.1,0.0,1.1,58.0
부산광역시 강서구 대저2동,닭-토종닭,20150121,20150113,159,880,부산,20150113,6.1,0.0,1.1,58.0
부산광역시 기장군 일광면 삼성리,닭-토종닭,20161216,20161215,159,24,부산,20161215,2.2,0.0,3.8,45.3
부산광역시 기장군 일광면 용천리,닭-토종닭,20170609,20170607,159,18,부산,20170607,19.2,18.3,4.3,85.0
부산광역시 기장군 장안읍 오리,닭-토종닭,20170607,20170604,159,6000,부산,20170604,20.0,0.0,2.3,50.1
부산광역시 기장군 장안읍 장안리,닭-기타,20080510,20080510,159,320,부산,20080510,12.8,2.0,5.2,68.9
부산광역시 해운대구 반여동,닭-기타,20080510,20080510,143,26,대구,20080510,14.8,0.0,4.1,48.5
서울특별시 광진구 자양동,닭-산란계,20080505,20080505,108,85,서울,20080505,15.8,0.1,3.6,49.3
서울특별시 광진구 자양동,닭-산란계,20080506,20080506,108,85,서울,20080506,17.2,0.0,4.0,30.1
서울특별시 송파구 장지동,오리-기타,20080511,20080511,108,19306,서울,20080511,16.0,0.0,2.8,42.4
세종특별자치시 부강면 등곡리,닭-산란계,20140314,20140310,239,70000,,,,,,
세종특별자치시 부강면 등곡리,닭-산란계,20161208,20161206,239,70000,,,,,,
세종특별자치시 부강면 등곡리,닭-산란계,20210105,20210104,239,140000,세종,20210104,-3.4,0.0,0.7,60.9
세종특별자치시 소정면 고등리,닭-산란계,20140307,20140303,239,311500,,,,,,
세종특별자치시 소정면 고등리,닭-산란계,20161214,20161212,239,37000,,,,,,
세종특별자치시 소정면 고등리,닭-산란계,20161217,20161215,239,318000,,,,,,
세종특별자치시 소정면 고등리,닭-토종닭,20161228,20161225,239,49000,,,,,,
세종특별자치시 소정면 대곡리,닭-산란계,20140314,20140312,239,30600,,,,,,
세종특별자치시 소정면 대곡리,닭-산란계,20161214,20161212,239,25000,,,,,,
세종특별자치시 소정면 대곡리,닭-산란계,20161215,20161213,239,110000,,,,,,
세종특별자치시 소정면 대곡리,닭-산란계,20161217,20161214,239,314400,,,,,,
세종특별자치시 소정면 대곡리,닭-산란계,20161229,20161226,239,60500,,,,,,
세종특별자치시 소정면 소정리,닭-산란계,20140328,20140325,239,130800,,,,,,
세종특별자치시 연동면 문주리,닭-산란계,20161214,20161212,239,400000,,,,,,
세종특별자치시 연동면 응암리,닭-토종닭,20161207,20161205,239,1000,,,,,,
세종특별자치시 연서면 봉암리,닭-산란계,20161222,20161220,239,102000,,,,,,
세종특별자치시 전동면 노장리,닭-산란계,20161220,20161218,239,79700,,,,,,
세종특별자치시 전동면 보덕리,닭-산란계,20161128,20161126,239,700000,,,,,,
세종특별자치시 전동면 심중리,오리-육용오리,20161203,20161201,239,7500,,,,,,
세종특별자치시 전의면 유천리,닭-산란계,20161214,20161212,133,150000,대전,20161212,4.3,0.0,0.7,56.4
세종특별자치시 전의면 유천리,닭-산란계,20161216,20161214,239,94000,,,,,,
울산광역시 남구 상개동,닭-토종닭,20150216,20150211,152,164,울산,20150211,5.1,0.0,1.9,48.5
울산광역시 남구 상개동,닭-토종닭,20170607,20170605,152,236,울산,20170605,18.0,0.0,2.6,69.6
울산광역시 울주군 상북면 명촌리,닭-육계,20031227,20031227,152,7220,울산,20031227,0.3,0.0,3.2,29.4
울산광역시 울주군 서생면 나사리,닭-토종닭,20140430,20140423,152,7000,울산,20140423,16.2,0.0,1.9,46.0
울산광역시 울주군 언양읍 다개리,닭-토종닭,20170607,20170605,152,15,울산,20170605,18.0,0.0,2.6,69.6
울산광역시 울주군 온산읍 삼평리,닭-토종닭,20170607,20170605,152,24,울산,20170605,18.0,0.0,2.6,69.6
울산광역시 울주군 웅촌면,닭-기타,20080501,20080501,152,120,울산,20080501,19.2,0.0,2.2,66.9
인천광역시 서구 공촌동,닭-토종닭,20161228,20161226,112,30,인천,20161226,2.5,0.0,2.7,73.1
인천광역시 옹진군 영흥면 내리,야생조류-큰기러기,20140208,20140201,112,1,인천,20140201,4.2,13.6,2.9,80.6
전라남도 강진군 강진읍 덕남리,닭-기타,20150928,20150921,259,60,강진군,20150921,20.8,0.0,1.6,83.1
전라남도 강진군 도암면 석문리,오리-육용오리,20170307,20170305,259,22400,강진군,20170305,7.0,0.0,1.9,62.9
전라남도 강진군 도암면 석문리,오리-육용오리,20170309,20170306,259,40000,강진군,20170306,3.4,0.0,5.0,46.0
전라남도 강진군 도암면 석문리,오리-종오리,20170309,20170306,259,8000,강진군,20170306,3.4,0.0,5.0,46.0
전라남도 강진군 성전면 금당리,오리-육용오리,20140507,20140504,259,1,강진군,20140504,12.9,0.4,2.6,66.9
전라남도 강진군 성전면 금당리,오리-종오리,20150513,20150428,259,15000,강진군,20150428,16.4,46.0,3.1,87.9
전라남도 강진군 성전면 금당리,오리-종오리,20170313,20170309,259,16800,강진군,20170309,6.8,0.0,3.8,49.5
전라남도 강진군 성전면 금당리,오리-종오리,20180111,20180110,259,5900,강진군,20180110,-1.3,7.5,4.1,81.1
전라남도 강진군 신전면 송천리,오리-육용오리,20170228,20170226,259,8800,강진군,20170226,3.7,0.0,2.0,64.0
전라남도 강진군 작천면 갈동리,오리-종오리,20180105,20180104,259,22000,강진군,20180104,0.3,0.0,3.0,55.5
전라남도 강진군 칠량면 삼흥리,오리-육용오리,20150918,20150914,259,6850,강진군,20150914,18.9,0.0,1.7,71.8
전라남도 고흥군 도덕면 용동리,오리-육용오리,20110227,20110227,262,31000,고흥,20110227,9.2,63.5,1.4,89.4
전라남도 고흥군 동강면 매곡리,오리-육용오리,20171228,20171226,262,17000,고흥,20171226,2.2,0.0,2.9,58.4
전라남도 고흥군 동강면 매곡리,오리-육용오리,20180103,20180101,262,8300,고흥,20180101,0.6,0.0,1.3,62.6
전라남도 곡성군 겸면 현정리,오리-육용오리,20141117,20141107,174,12000,순천,20141107,10.3,0.0,1.6,0.0
전라남도 곡성군 곡성읍 대평리,오리-육용오리,20201230,20201229,174,20000,순천,20201229,2.8,1.9,2.5,84.5
전라남도 곡성군 석곡면 당월리,오리-육용오리,20170328,20170324,174,25000,순천,20170324,6.8,0.0,1.2,57.9
전라남도 곡성군 석곡면 석곡리,오리-육용오리,20141001,20140926,174,1,순천,20140926,20.0,0.0,1.2,81.4
전라남도 곡성군 옥과면 리문리,닭-토종닭,20140930,20140926,174,1,순천,20140926,20.0,0.0,1.2,81.4
전라남도 곡성군 옥과면 리문리,오리-육용오리,20140731,20140725,174,1,순천,20140725,27.4,3.6,3.3,78.6
전라남도 구례군 용방면 신도리,오리-육용오리,20150202,20150128,174,21700,순천,20150128,-2.4,0.0,2.9,55.0
전라남도 구례군 용방면 신도리,오리-육용오리,20150202,20150129,174,8000,순천,20150129,0.2,4.0,1.1,81.5
전라남도 구례군 용방면 신도리,오리-육용오리,20150221,20150216,174,17400,순천,20150216,6.4,3.0,2.0,85.1
전라남도 구례군 용방면 신도리,오리-육용오리,20161219,20161217,174,7200,순천,20161217,2.4,0.0,1.9,63.0
전라남도 구례군 용방면 신도리,오리-육용오리,20201225,20201223,174,16000,순천,20201223,0.9,0.0,0.7,82.9
전라남도 구례군 용방면 용강리,오리-육용오리,20150317,20150306,174,15000,순천,20150306,3.0,0.0,1.0,62.0
전라남도 구례군 용방면 용정리,오리-육용오리,20150306,20150227,174,23500,순천,20150227,-0.3,0.0,2.7,43.1
전라남도 구례군 용방면 용정리,오리-육용오리,20201227,20201223,174,16500,순천,20201223,0.9,0.0,0.7,82.9
전라남도 구례군 용방면 중방리,오리-육용오리,20150201,20150129,174,16600,순천,20150129,0.2,4.0,1.1,81.5
전라남도 나주시 공산면 가송리,닭-산란계,20140408,20140406,156,64500,광주,20140406,8.3,0.0,2.2,43.8
전라남도 나주시 공산면 가송리,오리-종오리,20140328,20140326,156,12000,광주,20140326,13.8,19.0,1.6,86.1
전라남도 나주시 공산면 남창리,오리-종오리,20110107,20110107,156,4600,광주,20110107,-3.7,0.0,2.8,57.3
전라남도 나주시 공산면 동촌리,오리-육용오리,20140328,20140326,156,61000,광주,20140326,13.8,19.0,1.6,86.1
전라남도 나주시 공산면 중포리,오리-종오리,20140328,20140326,156,27000,광주,20140326,13.8,19.0,1.6,86.1
전라남도 나주시 공산면 중포리,오리-종오리,20161201,20161128,156,25000,광주,20161128,6.0,0.0,1.8,58.9
전라남도 나주시 공산면 중포리,오리-종오리,20171230,20171228,156,23000,광주,20171228,0.8,0.0,2.1,49.9
전라남도 나주시 남평읍 광이리,오리-육용오리,20110107,20110107,156,34000,광주,20110107,-3.7,0.0,2.8,57.3
전라남도 나주시 남평읍 상곡리,오리-종오리,20161212,20161210,156,18343,광주,20161210,2.6,0.0,1.7,43.9
전라남도 나주시 남평읍 우산리,오리-육용오리,20161219,20161216,156,16500,광주,20161216,0.5,0.0,2.0,56.5
전라남도 나주시 남평읍 풍림리,오리-육용오리,20141017,20141011,156,10000,광주,20141011,20.3,0.0,3.6,52.1
전라남도 나주시 노안면 영평리,오리-종오리,20140316,20140313,156,3000,광주,20140313,5.3,7.0,1.7,88.3
전라남도 나주시 노안면 오정리,오리-육용오리,20141217,20141213,156,1,광주,20141213,-0.7,1.0,2.0,75.6
전라남도 나주시 노안면 오정리,오리-육용오리,20150918,20150914,156,8000,광주,20150914,20.8,0.0,1.0,61.4
전라남도 나주시 동강면 양지리,오리-육용오리,20140403,20140402,156,13700,광주,20140402,15.5,0.0,1.5,42.8
전라남도 나주시 동강면 장동리,오리-육용오리,20110108,20110108,156,15000,광주,20110108,-1.5,0.0,1.3,66.0
전라남도 나주시 동강면 장동리,오리-육용오리,20201210,20201209,156,22800,광주,20201209,3.9,0.0,1.0,49.3
전라남도 나주시 동강면 장동리,오리-종오리,20140321,20140316,156,6000,광주,20140316,11.7,0.0,2.2,64.5
전라남도 나주시 동강면 장동리,오리-종오리,20161209,20161207,156,16380,광주,20161207,2.4,0.0,0.5,75.5
전라남도 나주시 동강면 장동리,오리-종오리,20161215,20161210,156,11300,광주,20161210,2.6,0.0,1.7,43.9
전라남도 나주시 문평면 옥당리,닭-육계,20110111,20110111,156,88000,광주,20110111,-2.6,0.3,1.7,56.3
전라남도 나주시 반남면 덕산리,오리-육용오리,20170102,20161230,156,19000,광주,20161230,0.3,0.0,1.9,56.5
전라남도 나주시 반남면 흥덕리,오리-육용오리,20140314,20140310,156,10000,광주,20140310,2.8,0.0,1.6,47.3
전라남도 나주시 반남면 흥덕리,오리-육용오리,20140316,20140313,156,45001,광주,20140313,5.3,7.0,1.7,88.3
전라남도 나주시 반남면 흥덕리,오리-육용오리,20140630,20140626,156,16000,광주,20140626,24.2,0.0,1.5,68.3
전라남도 나주시 반남면 흥덕리,오리-육용오리,20151103,20151023,156,16000,광주,20151023,18.6,0.0,0.7,78.4
전라남도 나주시 반남면 흥덕리,오리-육용오리,20161227,20161223,156,12000,광주,20161223,2.8,0.9,2.0,82.8
전라남도 나주시 반남면 흥덕리,오리-종오리,20140314,20140310,156,13536,광주,20140310,2.8,0.0,1.6,47.3
전라남도 나주시 반남면 흥덕리,오리-종오리,20140316,20140313,156,5000,광주,20140313,5.3,7.0,1.7,88.3
전라남도 나주시 반남면 흥덕리,오리-종오리,20161224,20161222,156,5050,광주,20161222,8.6,8.4,3.2,88.3
전라남도 나주시 반남면 흥덕리,오리-종오리,20161227,20161223,156,16000,광주,20161223,2.8,0.9,2.0,82.8
전라남도 나주시 반남면 흥덕리,오리-종오리,20210212,20210211,156,12000,광주,20210211,6.4,0.0,1.0,63.6
전라남도 나주시 봉황면 옥산리,닭-산란계,20210311,20210310,156,214000,광주,20210310,10.6,0.0,1.5,45.1
전라남도 나주시 산포면 내기리,오리-육용오리,20170316,20170314,156,15000,광주,20170314,6.0,0.0,1.8,50.0
전라남도 나주시 산포면 덕례리,오리-육용오리,20110111,20110111,156,13600,광주,20110111,-2.6,0.3,1.7,56.3
전라남도 나주시 산포면 덕례리,오리-육용오리,20141028,20141028,156,8370,광주,20141028,12.2,0.0,0.9,55.5
전라남도 나주시 산포면 덕례리,오리-육용오리,20141029,20141027,156,16700,광주,20141027,13.4,0.0,2.2,50.8
전라남도 나주시 산포면 등수리,오리-육용오리,20141027,20141017,156,5200,광주,20141017,14.2,0.0,1.2,48.9
전라남도 나주시 산포면 등수리,오리-육용오리,20180109,20180107,156,16500,광주,20180107,2.6,2.7,1.0,70.4
전라남도 나주시 산포면 등수리,오리-육용오리,20210324,20210323,156,19000,광주,20210323,10.1,0.0,2.0,61.4
전라남도 나주시 산포면 매성리,오리,20031221,20031221,156,14900,광주,20031221,-0.5,0.0,1.1,68.1
전라남도 나주시 산포면 매성리,오리,20031225,20031225,156,14900,광주,20031225,2.0,0.0,1.7,72.3
전라남도 나주시 산포면 화지리,오리-육용오리,20110111,20110111,156,5000,광주,20110111,-2.6,0.3,1.7,56.3
전라남도 나주시 세지면 동곡리,오리-육용오리,20110107,20110107,156,32000,광주,20110107,-3.7,0.0,2.8,57.3
전라남도 나주시 세지면 성산리,오리-육용오리,20110107,20110107,188,12700,성산,20110107,2.3,0.0,3.9,64.1
전라남도 나주시 세지면 오봉리,오리-육용오리,20150212,20150209,156,14400,광주,20150209,-3.1,0.0,2.2,51.6
전라남도 나주시 세지면 오봉리,오리-종오리,20140128,20140125,156,12000,광주,20140125,9.1,4.5,2.2,77.1
전라남도 나주시 세지면 죽동리,오리-육용오리,20150130,20150127,156,40000,광주,20150127,0.5,0.0,1.9,61.4
전라남도 나주시 세지면 죽동리,오리-육용오리,20150131,20150128,156,32000,광주,20150128,-1.5,0.0,2.1,53.8
전라남도 나주시 세지면 죽동리,오리-육용오리,20150202,20150127,156,14800,광주,20150127,0.5,0.0,1.9,61.4
전라남도 나주시 세지면 죽동리,오리-육용오리,20150202,20150128,156,14000,광주,20150128,-1.5,0.0,2.1,53.8
전라남도 나주시 세지면 죽동리,오리-육용오리,20150202,20150130,156,19300,광주,20150130,0.0,0.1,2.5,66.1
전라남도 나주시 세지면 죽동리,오리-육용오리,20201209,20201207,156,32000,광주,20201207,5.1,0.0,1.3,69.9
전라남도 나주시 왕곡면 화정리,오리-육용오리,20170109,20170104,156,26000,광주,20170104,5.0,0.0,0.8,77.1
전라남도 담양군 담양읍 담주리,오리-육용오리,20150921,20150916,156,4,광주,20150916,20.0,0.0,2.0,69.6
전라남도 담양군 담양읍 만성리,오리-기타,20150927,20150920,156,11,광주,20150920,21.5,0.0,0.9,73.9
전라남도 담양군 담양읍 만성리,오리-육용오리,20141017,20141006,156,30,광주,20141006,16.7,0.0,1.7,58.1
전라남도 담양군 담양읍 반룡리,오리-육용오리,20110224,20110224,156,11000,광주,20110224,8.2,0.0,1.1,63.9
전라남도 담양군 대전면 대치리,오리-육용오리,20140524,20140523,156,14000,광주,20140523,22.5,0.0,2.2,65.4
전라남도 담양군 봉산면 대추리,오리-육용오리,20140522,20140516,156,1,광주,20140516,19.0,0.0,2.1,55.6
전라남도 담양군 용면 쌍태리,닭-토종닭,20141001,20141001,156,20,광주,20141001,20.7,0.0,1.7,67.0
전라남도 무안군 망운면 피서리,오리-종오리,20170112,20170110,164,14500,,,,,,
전라남도 무안군 몽탄면 학산리,오리-육용오리,20170313,20170310,164,9000,,,,,,
전라남도 무안군 삼향읍 왕산리,닭-산란계,20210123,20210122,164,96500,,,,,,
전라남도 무안군 일로읍 감돈리,오리-육용오리,20150116,20150106,164,25150,,,,,,
전라남도 무안군 일로읍 월암리,닭-토종닭,20141001,20140927,164,1,,,,,,
전라남도 무안군 일로읍 월암리,오리-육용오리,20141007,20140927,164,19,,,,,,
전라남도 무안군 일로읍 의산리,오리-육용오리,20161122,20161119,164,21700,,,,,,
전라남도 무안군 일로읍 죽산리,오리-육용오리,20150121,20150119,164,13200,,,,,,
전라남도 무안군 일로읍 지장리,닭-일괄,20150114,20150110,164,32,,,,,,
전라남도 무안군 일로읍 지장리,오리-육용오리,20170317,20170315,164,8500,,,,,,
전라남도 무안군 일로읍 지장리,오리-육용오리,20210113,20210107,164,11000,,,,,,
전라남도 무안군 일로읍 지장리,오리-종오리,20150114,20150111,164,8600,,,,,,
전라남도 무안군 청계면 남성리,닭-산란계,20210102,20210101,164,77900,,,,,,
전라남도 무안군 현경면 외반리,오리-육용오리,20170107,20170105,164,18000,,,,,,
전라남도 무안군 현경면 해운리,오리-육용오리,20141101,20141029,164,1,,,,,,
전라남도 무안군 현경면 현화리,오리-육용오리,20140619,20140616,164,10600,,,,,,
전라남도 보성군 겸백면 수남리,닭-토종닭,20141119,20141111,258,400,보성군,20141111,10.3,0.0,2.1,60.1
전라남도 보성군 겸백면 수남리,오리-종오리,20210116,20210115,258,9000,보성군,20210115,8.4,0.0,3.0,78.3
전라남도 보성군 노동면 명봉리,오리-종오리,20110120,20110120,258,14000,보성군,20110120,-2.0,0.0,4.5,51.6
전라남도 순천시 낙안면 검암리,오리-육용오리,20140304,20140227,174,18500,순천,20140227,9.8,0.0,2.8,64.6
전라남도 신안군 암태면 기동리,야생오리-청둥오리,20140131,20140127,164,0,,,,,,
전라남도 신안군 압해읍 신장리,야생조류-기타,20140217,20140127,164,0,,,,,,
전라남도 여수시 만흥동,닭-토종닭,20110112,20110112,168,20,여수,20110112,-2.0,0.0,6.4,40.4
전라남도 영광군 묘량면 덕흥리,닭-산란계,20140312,20140307,252,198000,영광군,20140307,1.3,0.0,3.8,42.6
전라남도 영광군 묘량면 영양리,오리-종오리,20140304,20140226,252,19700,영광군,20140226,6.6,0.0,1.2,72.0
전라남도 영광군 홍농읍 신석리,오리-종오리,20140228,20140222,252,5400,영광군,20140222,1.2,0.0,2.6,63.3
전라남도 영암군 군서면 양장리,오리-육용오리,20140217,20140213,260,2000,장흥,20140213,3.5,0.0,1.7,61.6
전라남도 영암군 군서면 양장리,오리-육용오리,20140628,20140626,260,10300,장흥,20140626,22.5,0.0,1.7,86.0
전라남도 영암군 군서면 해창리,오리-육용오리,20110111,20110111,260,12000,장흥,20110111,-2.0,0.0,2.7,59.4
전라남도 영암군 덕진면 금강리,오리-종오리,20150613,20150611,260,11500,장흥,20150611,21.2,1.0,1.6,99.9
전라남도 영암군 덕진면 노송리,오리-육용오리,20210108,20210106,260,20700,장흥,20210106,-2.5,0.7,1.4,72.1
전라남도 영암군 덕진면 용산리,오리-육용오리,20140216,20140214,260,24000,장흥,20140214,3.0,0.0,2.6,55.3
전라남도 영암군 덕진면 용산리,오리-육용오리,20150520,20150518,260,33800,장흥,20150518,14.5,10.5,0.9,88.8
전라남도 영암군 덕진면 용산리,오리-육용오리,20201213,20201211,260,50500,장흥,20201211,5.6,0.0,0.8,79.4
전라남도 영암군 덕진면 장선리,오리-종오리,20110120,20110120,260,20600,장흥,20110120,-2.3,0.0,4.0,58.9
전라남도 영암군 덕진면 장선리,오리-종오리,20140130,20140128,260,10000,장흥,20140128,2.2,0.0,1.7,72.9
전라남도 영암군 덕진면 장선리,오리-종오리,20150526,20150520,260,8000,장흥,20150520,17.7,0.0,3.6,60.4
전라남도 영암군 덕진면 장선리,오리-종오리,20171227,20171226,260,9700,장흥,20171226,1.8,0.0,3.4,63.8
전라남도 영암군 도포면 구학리,오리-육용오리,20110109,20110109,260,24000,장흥,20110109,-0.8,0.0,5.0,61.5
전라남도 영암군 도포면 구학리,오리-육용오리,20140929,20140924,260,50000,장흥,20140924,22.1,170.0,2.1,99.3
전라남도 영암군 도포면 구학리,오리-육용오리,20140930,20140925,260,15000,장흥,20140925,21.0,0.0,1.4,88.3
전라남도 영암군 도포면 구학리,오리-육용오리,20151027,20151030,260,19500,장흥,20151030,9.8,0.0,2.4,63.5
전라남도 영암군 도포면 구학리,오리-육용오리,20151113,20151113,260,22100,장흥,20151113,13.5,10.8,2.8,86.1
전라남도 영암군 도포면 구학리,오리-육용오리,20151114,20151114,260,24300,장흥,20151114,14.9,0.5,1.0,90.1
전라남도 영암군 도포면 덕화리,닭-산란계,20140211,20140206,260,27000,장흥,20140206,1.9,1.5,1.7,68.9
전라남도 영암군 도포면 영호리,오리-육용오리,20151026,20151026,260,15864,장흥,20151026,13.9,0.0,1.8,76.5
전라남도 영암군 도포면 영호리,오리-육용오리,20151115,20151115,260,24000,장흥,20151115,12.7,0.0,1.4,82.1
전라남도 영암군 도포면 원항리,오리-육용오리,20110109,20110109,260,11200,장흥,20110109,-0.8,0.0,5.0,61.5
전라남도 영암군 삼호읍 용당리,야생오리-청둥오리,20140213,20140129,260,0,장흥,20140129,3.9,4.0,1.4,74.6
전라남도 영암군 삼호읍 용당리,야생조류-기타,20140217,20140129,260,0,장흥,20140129,3.9,4.0,1.4,74.6
전라남도 영암군 시종면 금지리,오리-육용오리,20140224,20140220,260,300,장흥,20140220,1.9,0.0,2.2,67.4
전라남도 영암군 시종면 금지리,오리-육용오리,20140224,20140222,260,12000,장흥,20140222,3.1,0.0,1.6,53.9
전라남도 영암군 시종면 금지리,오리-육용오리,20151023,20151023,260,15000,장흥,20151023,15.9,0.0,0.6,85.1
전라남도 영암군 시종면 봉소리,오리-육용오리,20110105,20110105,260,14500,장흥,20110105,1.7,0.0,4.8,60.8
전라남도 영암군 시종면 봉소리,오리-육용오리,20140322,20140305,260,16500,장흥,20140305,4.1,0.0,5.0,44.4
전라남도 영암군 시종면 봉소리,오리-육용오리,20141007,20140930,260,25900,장흥,20140930,20.8,1.5,1.2,88.6
전라남도 영암군 시종면 봉소리,오리-육용오리,20141013,20141007,260,16200,장흥,20141007,15.4,0.0,0.8,80.3
전라남도 영암군 시종면 봉소리,오리-육용오리,20171230,20171228,260,35000,장흥,20171228,0.1,0.0,1.5,58.4
전라남도 영암군 시종면 신연리,오리-육용오리,20110107,20110107,260,62900,장흥,20110107,-2.1,0.0,4.3,53.6
전라남도 영암군 시종면 신학리,오리-육용오리,20141017,20141012,260,29700,장흥,20141012,18.6,1.5,2.0,72.3
전라남도 영암군 시종면 신학리,오리-육용오리,20171221,20171219,260,21000,장흥,20171219,1.5,0.0,2.7,62.5
전라남도 영암군 시종면 신학리,오리-육용오리,20201205,20201204,260,9800,장흥,20201204,3.2,0.0,2.3,59.1
전라남도 영암군 시종면 신학리,오리-종오리,20140307,20140302,260,5400,장흥,20140302,6.0,0.0,3.4,56.5
전라남도 영암군 시종면 신학리,오리-종오리,20141007,20141002,260,7500,장흥,20141002,19.5,0.0,0.9,82.5
전라남도 영암군 시종면 신흥리,오리-육용오리,20141202,20141128,260,1,장흥,20141128,13.2,2.0,2.2,87.5
전라남도 영암군 시종면 신흥리,오리-종오리,20210206,20210204,260,8000,장흥,20210204,1.7,1.5,2.1,57.3
전라남도 영암군 시종면 옥야리,오리-육용오리,20141013,20141006,260,18000,장흥,20141006,15.8,0.0,1.9,74.3
전라남도 영암군 시종면 옥야리,오리-종오리,20140324,20140320,260,12500,장흥,20140320,7.5,0.0,4.6,57.4
전라남도 영암군 시종면 와우리,오리-육용오리,20141017,20141012,260,15000,장흥,20141012,18.6,1.5,2.0,72.3
전라남도 영암군 시종면 월롱리,오리-육용오리,20141010,20141007,260,1,장흥,20141007,15.4,0.0,0.8,80.3
전라남도 영암군 시종면 월롱리,오리-육용오리,20141013,20141005,260,18300,장흥,20141005,17.0,0.0,1.7,69.5
전라남도 영암군 시종면 월롱리,오리-육용오리,20161227,20161223,260,17000,장흥,20161223,3.8,0.1,4.6,71.5
전라남도 영암군 신북면 월지리,닭-산란계,20080412,20080412,260,35600,장흥,20080412,12.0,0.0,2.7,79.5
전라남도 영암군 신북면 월지리,오리-육용오리,20110109,20110109,260,21000,장흥,20110109,-0.8,0.0,5.0,61.5
전라남도 영암군 신북면 월지리,오리-육용오리,20140224,20140220,260,43000,장흥,20140220,1.9,0.0,2.2,67.4
전라남도 영암군 신북면 월지리,오리-육용오리,20140929,20140925,260,71600,장흥,20140925,21.0,0.0,1.4,88.3
전라남도 영암군 신북면 월지리,오리-육용오리,20150601,20150528,260,19400,장흥,20150528,20.5,0.0,1.9,64.5
전라남도 영암군 신북면 월지리,오리-육용오리,20150601,20150529,260,8000,장흥,20150529,21.8,0.0,1.3,66.3
전라남도 영암군 신북면 월지리,오리-육용오리,20151018,20151019,260,27200,장흥,20151019,16.1,0.0,0.9,79.4
전라남도 영암군 신북면 월지리,오리-육용오리,20151027,20151027,260,15000,장흥,20151027,14.3,11.3,2.9,74.9
전라남도 영암군 신북면 월지리,오리-육용오리,20151027,20151028,260,26700,장흥,20151028,10.6,0.0,1.1,75.8
전라남도 영암군 신북면 월평리,오리-육용오리,20170103,20161231,260,13000,장흥,20161231,1.0,0.0,0.7,82.3
전라남도 영암군 신북면 유곡리,오리-산란오리,20171211,20171210,260,11830,장흥,20171210,5.4,3.5,2.2,74.9
전라남도 영암군 신북면 행정리,오리-육용오리,20150608,20150605,260,33300,장흥,20150605,17.0,3.0,1.3,82.6
전라남도 영암군 영암읍 송평리,오리-종오리,20140213,20140211,260,4200,장흥,20140211,3.5,0.0,2.5,49.1
전라남도 장성군 남면 마령리,닭-산란계,20161203,20161201,156,2000,광주,20161201,7.1,0.7,1.6,71.1
전라남도 장성군 삼계면 상도리,오리-종오리,20201211,20201210,156,8000,광주,20201210,6.5,0.0,0.8,55.6
전라남도 장흥군 부산면 기동리,오리-육용오리,20170317,20170315,159,8500,부산,20170315,7.6,0.0,3.3,52.8
전라남도 장흥군 부산면 기동리,오리-육용오리,20170318,20170315,159,22200,부산,20170315,7.6,0.0,3.3,52.8
전라남도 장흥군 부산면 호계리,오리-육용오리,20140328,20140320,159,19500,부산,20140320,7.8,4.0,3.0,68.8
전라남도 장흥군 용산면 풍길리,오리-육용오리,20170324,20170322,260,22500,장흥,20170322,7.1,0.0,1.3,61.9
전라남도 장흥군 용산면 풍길리,오리-육용오리,20170325,20170322,260,10500,장흥,20170322,7.1,0.0,1.3,61.9
전라남도 장흥군 용산면 풍길리,오리-육용오리,20170402,20170329,260,22400,장흥,20170329,9.1,3.3,1.0,89.9
전라남도 장흥군 장평면 기동리,오리-육용오리,20110111,20110111,260,20000,장흥,20110111,-2.0,0.0,2.7,59.4
전라남도 장흥군 장평면 기동리,오리-육용오리,20210322,20210321,260,20000,장흥,20210321,6.9,0.0,5.0,62.5
전라남도 장흥군 장평면 기동리,오리-육용오리,20210323,20210322,260,11800,장흥,20210322,7.1,0.0,3.1,52.0
전라남도 장흥군 장평면 양촌리,오리-육용오리,20210407,20210406,260,25000,장흥,20210406,11.1,0.0,1.3,64.5
전라남도 장흥군 장평면 청용리,오리-육용오리,20141026,20141026,260,13375,장흥,20141026,15.8,0.0,1.5,84.3
전라남도 장흥군 장평면 청용리,오리-육용오리,20141029,20141024,260,12000,장흥,20141024,13.8,0.0,0.7,87.3
전라남도 장흥군 회진면 회진리,오리-육용오리,20180111,20180110,260,14500,장흥,20180110,-1.9,5.6,2.7,87.0
전라남도 진도군 의신면 창포리,오리-종오리,20161224,20161222,268,14043,진도군,20161222,9.0,5.0,4.3,79.3
전라남도 함평군 나산면 삼축리,오리-육용오리,20210125,20210124,164,12000,,,,,,
전라남도 함평군 신광면 가덕리,오리-육용오리,20140224,20140220,164,7000,,,,,,
전라남도 함평군 월야면 외치리,관상조류-기러기,20140806,20140731,164,7500,,,,,,
전라남도 함평군 월야면 외치리,오리-육용오리,20140727,20140725,164,1,,,,,,
전라남도 함평군 월야면 외치리,오리-육용오리,20140731,20140728,164,30000,,,,,,
전라남도 함평군 월야면 외치리,오리-종오리,20140315,20140315,164,5000,,,,,,
전라남도 함평군 월야면 외치리,오리-종오리,20140321,20140314,164,36000,,,,,,
전라남도 해남군 마산면 송석리,오리-육용오리,20140219,20140214,261,13500,해남,20140214,3.8,0.0,2.4,53.0
전라남도 해남군 마산면 송석리,오리-육용오리,20170223,20170221,261,23000,해남,20170221,2.4,0.0,2.3,49.1
전라남도 해남군 마산면 송석리,오리-육용오리,20170225,20170221,261,15700,해남,20170221,2.4,0.0,2.3,49.1
전라남도 해남군 산이면 금송리,닭-산란계,20161117,20161116,261,40000,해남,20161116,6.2,0.0,1.0,70.5
전라남도 해남군 송지면 마봉리,오리-종오리,20140126,20140124,261,12500,해남,20140124,7.0,0.0,1.8,73.4
전라남도 해남군 화산면 관동리,오리-육용오리,20170101,20161230,261,13700,해남,20161230,0.3,0.0,2.2,56.3
전라남도 화순군 북면 송단리,닭-토종닭,20141029,20141027,156,40,광주,20141027,13.4,0.0,2.2,50.8
전라남도 화순군 청풍면 대비리,오리-육용오리,20110109,20110109,156,9000,광주,20110109,-1.7,0.1,3.1,60.4
전라북도 고창군 고수면 봉산리,오리-육용오리,20210101,20201230,251,10000,고창군,20201230,-6.4,0.0,3.2,82.5
전라북도 고창군 고수면 인성리,오리-육용오리,20140415,20140411,251,11900,고창군,20140411,14.2,0.0,1.4,64.9
전라북도 고창군 고수면 장두리,닭-산란계,20140422,20140418,251,30000,고창군,20140418,13.5,1.5,1.6,84.8
전라북도 고창군 고수면 장두리,오리-육용오리,20140416,20140414,251,8000,고창군,20140414,13.4,0.0,1.3,69.8
전라북도 고창군 무장면 목우리,오리-육용오리,20170309,20170305,251,15800,고창군,20170305,6.0,0.0,1.2,62.9
전라북도 고창군 부안면 운양리,오리-육용오리,20140125,20140123,243,12000,부안,20140123,-0.7,0.0,0.7,67.9
전라북도 고창군 성내면 신성리,야생오리-가창오리,20140120,20140117,251,0,고창군,20140117,1.0,0.0,0.7,72.3
전라북도 고창군 성내면 신성리,야생오리-가창오리,20140122,20140119,251,0,고창군,20140119,-0.2,0.0,1.1,54.0
전라북도 고창군 성내면 신성리,야생오리-가창오리,20140124,20140120,251,0,고창군,20140120,3.4,3.0,2.9,67.0
전라북도 고창군 성내면 신성리,야생오리-가창오리,20140124,20140121,251,0,고창군,20140121,-2.0,6.0,2.6,75.8
전라북도 고창군 성내면 신성리,야생오리-가창오리,20140125,20140122,251,0,고창군,20140122,-2.0,0.0,1.3,71.3
전라북도 고창군 성내면 신성리,야생조류-물닭,20140127,20140122,251,0,고창군,20140122,-2.0,0.0,1.3,71.3
전라북도 고창군 성내면 신성리,야생조류-큰기러기,20140122,20140119,251,0,고창군,20140119,-0.2,0.0,1.1,54.0
전라북도 고창군 성내면 신성리,야생조류-큰기러기,20140123,20140120,251,0,고창군,20140120,3.4,3.0,2.9,67.0
전라북도 고창군 성내면 신성리,야생조류-큰기러기,20140125,20140121,251,0,고창군,20140121,-2.0,6.0,2.6,75.8
전라북도 고창군 성송면 학천리,오리-육용오리,20170313,20170308,251,8000,고창군,20170308,2.8,0.0,2.2,66.0
전라북도 고창군 신림면 무림리,오리-육용오리,20161213,20161208,251,12000,고창군,20161208,6.1,0.0,1.4,74.6
전라북도 고창군 신림면 무림리,오리-종오리,20140116,20140116,251,20000,고창군,20140116,-0.7,0.0,1.1,67.3
전라북도 고창군 신림면 벽송리,오리-육용오리,20140122,20140120,251,10000,고창군,20140120,3.4,3.0,2.9,67.0
전라북도 고창군 아산면 반암리,메추리,20110124,20110124,251,100000,고창군,20110124,-3.6,6.9,2.5,82.0
전라북도 고창군 아산면 성산리,닭-산란계,20170306,20170302,188,81000,성산,20170302,5.1,0.0,7.5,57.8
전라북도 고창군 아산면 성산리,오리-육용오리,20170228,20170224,188,10000,성산,20170224,3.8,0.0,3.9,54.6
전라북도 고창군 아산면 성산리,오리-육용오리,20170304,20170225,188,13000,성산,20170225,6.0,0.0,3.0,59.5
전라북도 고창군 아산면 성산리,오리-육용오리,20210128,20210127,188,36000,성산,20210127,6.7,0.0,3.0,53.0
전라북도 고창군 아산면 학전리,오리-육용오리,20170302,20170225,251,30000,고창군,20170225,3.1,0.0,1.0,64.4
전라북도 고창군 아산면 학전리,오리-육용오리,20210130,20210128,251,17800,고창군,20210128,-0.5,0.3,3.2,67.8
전라북도 고창군 해리면 사반리,오리-육용오리,20140121,20140121,251,11200,고창군,20140121,-2.0,6.0,2.6,75.8
전라북도 고창군 해리면 왕촌리,오리-종오리,20140127,20140124,251,5,고창군,20140124,9.5,0.0,2.8,65.8
전라북도 고창군 흥덕면 사천리,오리-육용오리,20140125,20140123,251,20000,고창군,20140123,-0.3,0.0,0.6,67.4
전라북도 고창군 흥덕면 사천리,오리-육용오리,20201217,20201216,251,25680,고창군,20201216,-4.2,0.3,2.0,77.5
전라북도 고창군 흥덕면 용반리,오리-육용오리,20140122,20140120,251,16000,고창군,20140120,3.4,3.0,2.9,67.0
전라북도 고창군 흥덕면 치룡리,오리-육용오리,20171119,20171117,251,12300,고창군,20171117,6.9,0.3,0.9,59.5
전라북도 군산시 나포면 나포리,야생오리-가창오리,20140124,20140121,140,0,군산,20140121,-2.9,2.0,3.0,81.8
전라북도 군산시 서수면 마룡리,오리-육용오리,20150306,20150224,140,7000,군산,20150224,2.4,0.0,1.8,79.8
전라북도 군산시 서수면 축동리,닭-토종닭,20170606,20170603,140,15300,군산,20170603,17.7,0.3,3.1,65.3
전라북도 군산시 옥구읍 옥정리,닭-토종닭,20170611,20170607,140,6,군산,20170607,18.6,3.5,4.6,85.6
전라북도 군산시 옥산면 남내리,닭-토종닭,20170613,20170609,140,15,군산,20170609,22.7,0.0,3.6,67.3
전라북도 군산시 옥산면 쌍봉리,닭-토종닭,20170613,20170607,140,5,군산,20170607,18.6,3.5,4.6,85.6
전라북도 군산시 옥산면 옥산리,닭-토종닭,20170613,20170607,140,4,군산,20170607,18.6,3.5,4.6,85.6
전라북도 군산시 회현면 월연리,닭-토종닭,20170613,20170608,140,31,군산,20170608,20.2,0.0,2.9,73.8
전라북도 김제시 공덕면 공덕리,닭-산란계,20170209,20170206,243,110000,부안,20170206,0.9,0.0,3.1,60.3
전라북도 김제시 공덕면 동계리,오리-육용오리,20140224,20140220,243,12000,부안,20140220,0.7,0.0,1.3,66.9
전라북도 김제시 공덕면 마현리,메추리,20061211,20061211,243,290000,부안,20061211,2.9,0.0,0.8,66.0
전라북도 김제시 공덕면 회룡리,오리-육용오리,20161216,20161213,243,25000,부안,20161213,5.0,0.0,1.6,73.3
전라북도 김제시 공덕면 회룡리,오리-육용오리,20210116,20210115,243,23000,부안,20210115,6.6,0.0,1.7,84.8
전라북도 김제시 금구면 낙성리,오리-육용오리,20141119,20141114,243,10500,부안,20141114,5.7,2.5,1.3,77.6
전라북도 김제시 금구면 용지리,오리-육용오리,20141124,20141119,243,12000,부안,20141119,5.0,0.0,0.9,67.9
전라북도 김제시 금구면 용지리,오리-육용오리,20161124,20161121,243,16700,부안,20161121,10.5,0.1,1.1,77.1
전라북도 김제시 금구면 용지리,오리-종오리,20141117,20141107,243,12000,부안,20141107,9.8,0.0,1.1,71.5
전라북도 김제시 금구면 하신리,닭-기타,20080423,20080423,243,35000,부안,20080423,10.9,2.5,3.2,76.5
전라북도 김제시 금산면 청도리,닭-기타,20080417,20080417,238,920,금산,20080417,15.1,0.1,1.4,68.3
전라북도 김제시 만경읍 대동리,오리-육용오리,20210117,20210116,243,3100,부안,20210116,-0.5,0.0,2.3,69.4
전라북도 김제시 백구면 마산리,닭-기타,20080418,20080418,243,15750,부안,20080418,14.8,0.0,1.8,66.3
전라북도 김제시 용지면 구암리,닭-산란계,20080418,20080418,243,20000,부안,20080418,14.8,0.0,1.8,66.3
전라북도 김제시 용지면 반교리,오리-종오리,20140219,20140216,243,7380,부안,20140216,2.7,0.0,1.2,68.3
전라북도 김제시 용지면 신정리,닭-산란계,20150401,20150331,243,65000,부안,20150331,12.6,2.5,0.9,88.1
전라북도 김제시 용지면 신정리,닭-산란계,20150408,20150406,243,15000,부안,20150406,9.7,1.5,2.1,79.4
전라북도 김제시 용지면 신정리,닭-산란계,20150414,20150412,243,9000,부안,20150412,12.2,0.4,1.4,55.0
전라북도 김제시 용지면 신정리,닭-산란계,20161226,20161222,243,20000,부안,20161222,8.0,8.0,3.6,78.8
전라북도 김제시 용지면 용수리,닭-비분류,20161227,20161223,243,20000,부안,20161223,2.2,2.5,3.6,76.0
전라북도 김제시 용지면 용수리,닭-산란계,20080412,20080412,243,36500,부안,20080412,12.3,0.0,1.4,68.8
전라북도 김제시 용지면 용수리,닭-산란계,20150401,20150326,243,10000,부안,20150326,5.9,0.0,1.3,49.4
전라북도 김제시 용지면 용수리,닭-산란계,20150401,20150328,243,18000,부안,20150328,8.0,0.0,1.2,46.0
전라북도 김제시 용지면 용수리,닭-산란계,20150401,20150331,243,11000,부안,20150331,12.6,2.5,0.9,88.1
전라북도 김제시 용지면 용수리,닭-산란계,20150408,20150401,243,14000,부안,20150401,13.6,1.0,1.4,87.8
전라북도 김제시 용지면 용수리,닭-산란계,20150408,20150403,243,9500,부안,20150403,9.3,6.0,2.4,86.0
전라북도 김제시 용지면 용수리,닭-산란계,20150408,20150405,243,14000,부안,20150405,11.5,3.0,1.5,90.3
전라북도 김제시 용지면 용수리,닭-산란계,20161224,20161220,243,150000,부안,20161220,7.6,0.0,1.3,80.5
전라북도 김제시 용지면 용암리,닭-산란계,20080403,20080403,243,150570,부안,20080403,8.9,0.0,1.8,66.3
전라북도 김제시 용지면 용암리,닭-산란계,20080412,20080412,243,100000,부안,20080412,12.3,0.0,1.4,68.8
전라북도 김제시 용지면 장신리,닭-산란계,20150414,20150410,243,15000,부안,20150410,9.2,0.0,2.0,61.9
전라북도 김제시 용지면 장신리,닭-산란계,20150420,20150411,243,14000,부안,20150411,11.0,0.0,1.5,57.9
전라북도 김제시 청하면 장산리,오리-육용오리,20140307,20140304,243,10000,부안,20140304,4.7,0.0,1.2,57.6
전라북도 남원시 사매면 관풍리,오리-육용오리,20201224,20201222,254,40000,순창군,20201222,-1.0,0.0,0.6,83.8
전라북도 남원시 주생면 중동리,오리-육용오리,20201225,20201223,254,13500,순창군,20201223,0.2,0.0,0.8,86.3
전라북도 부안군 계화면 양산리,오리-기타,20140128,20140125,243,18100,부안,20140125,7.7,0.1,2.2,78.1
전라북도 부안군 계화면 양산리,오리-육용오리,20140130,20140127,243,35000,부안,20140127,0.7,0.0,1.0,65.8
전라북도 부안군 계화면 양산리,오리-육용오리,20170111,20170106,243,26200,부안,20170106,6.5,0.1,1.2,72.8
전라북도 부안군 동진면 동전리,오리-육용오리,20140131,20140129,243,14000,부안,20140129,1.9,0.0,1.1,63.0
전라북도 부안군 동진면 동전리,오리-육용오리,20150202,20150126,243,17500,부안,20150126,5.6,0.5,2.0,87.6
전라북도 부안군 동진면 동전리,오리-육용오리,20150209,20150204,243,11000,부안,20150204,0.6,0.0,0.6,79.5
전라북도 부안군 주산면 사산리,오리-육용오리,20210210,20210209,243,14000,부안,20210209,-0.5,0.0,0.9,63.8
전라북도 부안군 줄포면 난산리,오리-육용오리,20140127,20140124,243,8000,부안,20140124,6.5,0.0,1.9,67.1
전라북도 부안군 줄포면 대동리,오리-종오리,20161213,20161208,243,10000,부안,20161208,5.3,9.0,1.2,75.6
전라북도 부안군 줄포면 신리,오리-육용오리,20140117,20140117,243,6000,부안,20140117,0.8,0.0,0.9,75.3
전라북도 부안군 줄포면 신리,오리-육용오리,20140118,20140118,243,9200,부안,20140118,-0.4,0.0,1.9,68.9
전라북도 부안군 줄포면 신리,오리-육용오리,20140121,20140119,243,23500,부안,20140119,-1.7,0.0,1.2,60.4
전라북도 부안군 줄포면 신리,오리-육용오리,20140122,20140120,243,15000,부안,20140120,2.3,1.5,3.3,72.1
전라북도 부안군 줄포면 신리,오리-육용오리,20210101,20201230,243,50100,부안,20201230,-6.0,19.3,2.1,89.9
전라북도 부안군 줄포면 우포리,오리-육용오리,20140124,20140122,243,19400,부안,20140122,-2.2,0.0,0.9,72.1
전라북도 부안군 줄포면 장동리,오리-육용오리,20140125,20140123,243,28500,부안,20140123,-0.7,0.0,0.7,67.9
전라북도 부안군 줄포면 장동리,오리-육용오리,20161214,20161209,243,7000,부안,20161209,5.3,3.0,2.5,63.6
전라북도 부안군 줄포면 줄포리,오리-육용오리,20140122,20140120,243,19700,부안,20140120,2.3,1.5,3.3,72.1
전라북도 부안군 줄포면 파산리,오리-육용오리,20140124,20140123,243,7000,부안,20140123,-0.7,0.0,0.7,67.9
전라북도 부안군 줄포면 파산리,오리-육용오리,20140127,20140124,243,21500,부안,20140124,6.5,0.0,1.9,67.1
전라북도 부안군 줄포면 파산리,오리-종오리,20140127,20140124,243,2500,부안,20140124,6.5,0.0,1.9,67.1
전라북도 부안군 진서면 운호리,오리-종오리,20210105,20210104,243,6200,부안,20210104,-2.1,0.0,0.7,80.6
전라북도 순창군 구림면 화암리,닭-토종닭,20170613,20170609,254,7,순창군,20170609,20.4,0.0,2.5,65.5
전라북도 순창군 동계면 관전리,오리-육용오리,20140307,20140306,254,8000,순창군,20140306,1.3,0.0,2.6,37.8
전라북도 순창군 동계면 현포리,오리-육용오리,20080417,20080417,254,9000,,,,,,
전라북도 순창군 동계면 현포리,오리-육용오리,20140312,20140309,254,9500,순창군,20140309,1.2,1.0,2.6,59.4
전라북도 완주군 구이면 계곡리,닭-토종닭,20170611,20170606,146,12,전주,20170606,19.5,3.1,2.4,65.6
전라북도 완주군 삼례읍 신금리,닭-토종닭,20170613,20170608,146,15,전주,20170608,19.4,0.0,1.7,77.8
전라북도 익산시 금강동,닭-토종닭,20170613,20170607,140,26,군산,20170607,18.6,3.5,4.6,85.6
전라북도 익산시 망성면 무형리,닭-원종계,20101231,20101231,140,34000,군산,20101231,-5.0,0.5,1.1,79.8
전라북도 익산시 신흥동,오리-육용오리,20150306,20150226,140,9600,군산,20150226,2.9,0.0,5.5,66.3
전라북도 익산시 신흥동,오리-종오리,20201230,20201228,140,8894,군산,20201228,5.3,0.0,0.6,88.6
전라북도 익산시 여산면 두여리,닭-원종계,20080423,20080423,140,51000,군산,20080423,10.6,3.5,5.7,84.3
전라북도 익산시 오산면 장신리,닭-토종닭,20170608,20170605,140,15,군산,20170605,20.9,0.0,1.8,54.4
전라북도 익산시 오산면 장신리,닭-토종닭,20170613,20170607,140,13,군산,20170607,18.6,3.5,4.6,85.6
전라북도 익산시 오산면 장신리,오리-육용오리,20170611,20170607,140,100,군산,20170607,18.6,3.5,4.6,85.6
전라북도 익산시 용동면 대조리,닭-종계,20170302,20170227,140,65000,군산,20170227,3.4,0.0,1.6,69.6
전라북도 익산시 용동면 대조리,닭-종계,20170309,20170306,140,44000,군산,20170306,2.2,0.0,5.1,55.9
전라북도 익산시 용동면 화배리,닭-백세미,20170309,20170306,140,55000,군산,20170306,2.2,0.0,5.1,55.9
전라북도 익산시 용동면 흥왕리,닭-기타,20080423,20080423,140,10000,군산,20080423,10.6,3.5,5.7,84.3
전라북도 익산시 용안면 칠목리,닭-토종닭,20170405,20170402,140,38000,군산,20170402,7.3,0.0,2.5,81.4
전라북도 익산시 웅포면 고창리,야생조류-고니,20140217,20140206,172,0,고창,20140206,0.4,0.0,2.3,50.5
전라북도 익산시 월성동,닭-토종닭,20170611,20170607,140,10,군산,20170607,18.6,3.5,4.6,85.6
전라북도 익산시 함열읍 다송리,닭-종계,20140306,20140305,140,1,군산,20140305,2.6,0.0,5.4,53.6
전라북도 익산시 함열읍 석매리,닭-산란계,20170321,20170317,140,150000,군산,20170317,5.3,0.0,1.8,67.0
전라북도 익산시 함열읍 석매리,닭-원종계,20061125,20061125,140,26000,군산,20061125,9.7,0.0,2.0,58.8
전라북도 익산시 함열읍 석매리,닭-육계,20170325,20170322,140,36000,군산,20170322,5.7,0.0,1.7,77.8
전라북도 익산시 함열읍 석매리,닭-종계,20170325,20170322,140,32000,군산,20170322,5.7,0.0,1.7,77.8
전라북도 익산시 함열읍 석매리,닭-종계,20170327,20170323,140,19000,군산,20170323,7.3,0.0,1.9,75.5
전라북도 익산시 황등면 죽촌리,닭-원종계,20061128,20061128,140,12240,군산,20061128,8.2,0.5,3.6,75.6
전라북도 익산시 황등면 죽촌리,닭-종계,20170330,20170326,140,19000,군산,20170326,6.2,0.0,2.3,72.8
전라북도 임실군 관촌면 병암리,닭-토종닭,20170613,20170609,244,40,임실,20170609,19.4,0.0,1.0,66.4
전라북도 임실군 삼계면 죽계리,닭-토종닭,20170613,20170608,244,30,임실,20170608,18.5,0.0,1.3,68.0
전라북도 임실군 신덕면 신덕리,닭-토종닭,20170613,20170609,244,12,임실,20170609,19.4,0.0,1.0,66.4
전라북도 임실군 신덕면 오궁리,닭-토종닭,20170611,20170607,244,14,임실,20170607,16.8,1.5,2.1,88.6
전라북도 임실군 오수면 대정리,닭-종계,20201215,20201214,244,36000,임실,20201214,-4.6,0.0,2.0,54.4
전라북도 임실군 임실읍 정월리,닭-토종닭,20170613,20170609,244,15,임실,20170609,19.4,0.0,1.0,66.4
전라북도 임실군 청웅면 옥전리,오리-육용오리,20140129,20140127,244,27000,임실,20140127,-1.7,0.0,1.1,60.0
전라북도 전주시 덕진구 송천동2가,야생조류-백로,20140314,20140308,146,0,전주,20140308,2.2,0.0,1.4,46.0
전라북도 전주시 덕진구 용정동,닭-토종닭,20170611,20170607,146,46,전주,20170607,18.3,0.9,3.1,89.8
전라북도 정읍시 고부면 관청리,오리-육용오리,20080411,20080411,245,20000,정읍,20080411,13.2,0.0,1.4,66.6
전라북도 정읍시 고부면 관청리,오리-육용오리,20150326,20150320,245,10000,정읍,20150320,11.7,0.0,1.1,68.8
전라북도 정읍시 고부면 관청리,오리-육용오리,20161209,20161205,245,67800,정읍,20161205,9.3,0.0,2.6,73.8
전라북도 정읍시 고부면 관청리,오리-육용오리,20161213,20161206,245,10000,정읍,20161206,1.5,0.0,2.3,54.6
전라북도 정읍시 고부면 덕안리,닭-토종닭,20161221,20161215,245,8000,정읍,20161215,-1.0,0.5,2.5,67.4
전라북도 정읍시 고부면 백운리,오리-육용오리,20140124,20140122,245,10000,정읍,20140122,-2.4,0.0,1.0,69.3
전라북도 정읍시 고부면 신중리,닭-토종닭,20161226,20161221,245,24000,정읍,20161221,11.2,13.2,2.1,85.6
전라북도 정읍시 고부면 신흥리,오리-육용오리,20161213,20161205,245,14000,정읍,20161205,9.3,0.0,2.6,73.8
전라북도 정읍시 고부면 신흥리,오리-육용오리,20161213,20161206,245,16400,정읍,20161206,1.5,0.0,2.3,54.6
전라북도 정읍시 고부면 용흥리,오리-육용오리,20161208,20161204,245,14000,정읍,20161204,6.1,0.0,0.6,73.6
전라북도 정읍시 고부면 용흥리,오리-육용오리,20161209,20161205,245,13700,정읍,20161205,9.3,0.0,2.6,73.8
전라북도 정읍시 고부면 용흥리,오리-육용오리,20161213,20161208,245,10500,정읍,20161208,5.0,0.7,1.1,74.4
전라북도 정읍시 고부면 입석리,오리-육용오리,20161213,20161205,245,10000,정읍,20161205,9.3,0.0,2.6,73.8
전라북도 정읍시 삼산동,닭-산란계,20140217,20140213,245,16000,정읍,20140213,2.0,0.0,0.9,62.3
전라북도 정읍시 소성면 고교리,오리-육용오리,20150121,20150117,245,50000,정읍,20150117,-0.7,0.1,2.0,63.3
전라북도 정읍시 소성면 고교리,오리-육용오리,20150121,20150119,245,12500,정읍,20150119,2.4,0.0,1.7,70.8
전라북도 정읍시 소성면 고교리,오리-육용오리,20161216,20161213,245,27500,정읍,20161213,5.1,0.0,1.7,75.4
전라북도 정읍시 소성면 고교리,오리-육용오리,20161221,20161217,245,15000,정읍,20161217,3.9,0.0,1.1,68.5
전라북도 정읍시 소성면 고교리,오리-종오리,20150126,20150119,245,22000,정읍,20150119,2.4,0.0,1.7,70.8
전라북도 정읍시 소성면 고교리,오리-종오리,20161216,20161213,245,25920,정읍,20161213,5.1,0.0,1.7,75.4
전라북도 정읍시 소성면 기린리,오리-육용오리,20201128,20201126,245,38000,정읍,20201126,6.6,0.0,0.8,70.0
전라북도 정읍시 소성면 애당리,오리-종오리,20161222,20161218,245,6800,정읍,20161218,5.2,0.5,0.8,76.6
전라북도 정읍시 소성면 화룡리,닭-기타,20080419,20080419,245,22000,정읍,20080419,16.6,0.0,1.3,55.9
전라북도 정읍시 소성면 화룡리,닭-종계,20161224,20161220,245,24000,정읍,20161220,7.9,0.0,1.3,81.3
전라북도 정읍시 영원면 앵성리,오리-기타,20080407,20080407,245,20000,정읍,20080407,10.7,1.0,1.1,84.3
전라북도 정읍시 영원면 앵성리,오리-육용오리,20140131,20140129,245,21000,정읍,20140129,3.6,0.1,0.8,54.1
전라북도 정읍시 영원면 앵성리,오리-육용오리,20140201,20140129,245,12000,정읍,20140129,3.6,0.1,0.8,54.1
전라북도 정읍시 영원면 앵성리,오리-육용오리,20161221,20161216,245,22400,정읍,20161216,-0.7,0.0,1.5,57.9
전라북도 정읍시 영원면 은선리,오리-육용오리,20080411,20080411,245,37000,정읍,20080411,13.2,0.0,1.4,66.6
전라북도 정읍시 이평면 장내리,닭-종계,20161231,20161227,245,30000,정읍,20161227,0.9,0.0,3.8,63.0
전라북도 정읍시 이평면 장내리,오리-기타,20140211,20140206,245,10500,정읍,20140206,-0.1,0.0,1.0,41.6
전라북도 정읍시 이평면 장내리,오리-육용오리,20170102,20161227,245,18500,정읍,20161227,0.9,0.0,3.8,63.0
전라북도 정읍시 이평면 장내리,오리-육용오리,20171223,20171222,245,29000,정읍,20171222,2.5,0.0,0.9,73.8
전라북도 정읍시 이평면 장내리,오리-종오리,20140206,20140203,245,6200,정읍,20140203,0.8,0.2,2.2,52.9
전라북도 정읍시 이평면 청량리,오리-육용오리,20140127,20140124,245,10000,정읍,20140124,7.9,0.0,1.4,61.4
전라북도 정읍시 이평면 청량리,오리-육용오리,20161231,20161226,245,30000,정읍,20161226,3.7,13.3,1.6,90.3
전라북도 정읍시 이평면 청량리,오리-종오리,20140202,20140130,245,10300,정읍,20140130,6.6,1.5,1.1,91.1
전라북도 정읍시 입암면 단곡리,오리-육용오리,20150501,20150429,245,53000,정읍,20150429,18.2,28.5,1.7,85.1
전라북도 정읍시 입암면 단곡리,오리-육용오리,20201228,20201227,245,13000,정읍,20201227,4.2,5.4,0.5,80.3
전라북도 정읍시 입암면 접지리,오리-육용오리,20140211,20140207,245,8000,정읍,20140207,3.6,0.1,1.0,53.0
전라북도 정읍시 입암면 접지리,오리-육용오리,20140217,20140213,245,8000,정읍,20140213,2.0,0.0,0.9,62.3
전라북도 정읍시 입암면 접지리,오리-종오리,20140217,20140213,245,13000,정읍,20140213,2.0,0.0,0.9,62.3
전라북도 정읍시 입암면 하부리,오리-육용오리,20140202,20140130,245,14500,정읍,20140130,6.6,1.5,1.1,91.1
전라북도 정읍시 정우면 대사리,오리-육용오리,20150225,20150218,245,6,정읍,20150218,2.3,0.0,1.7,72.4
전라북도 정읍시 정우면 대사리,오리-육용오리,20161221,20161215,245,15500,정읍,20161215,-1.0,0.5,2.5,67.4
전라북도 정읍시 정우면 대사리,오리-육용오리,20201211,20201210,245,17500,정읍,20201210,4.7,0.0,0.4,64.8
전라북도 정읍시 정우면 우일리,오리-종오리,20210113,20210112,245,8500,정읍,20210112,-1.5,0.3,1.6,75.3
전라북도 진안군 부귀면 오룡리,오리-육용오리,20140329,20140327,248,1,장수,20140327,10.6,0.0,1.3,75.8
제주특별자치도 제주시 노형동,닭-토종닭,20170610,20170604,184,5,제주,20170604,20.3,0.0,2.5,56.6
제주특별자치도 제주시 애월읍 고성리,닭-토종닭,20170605,20170602,184,2500,제주,20170602,20.2,0.0,2.4,63.1
제주특별자치도 제주시 애월읍 고성리,닭-토종닭,20170610,20170604,184,10,제주,20170604,20.3,0.0,2.5,56.6
제주특별자치도 제주시 애월읍 상귀리,닭-토종닭,20170607,20170603,184,457,제주,20170603,20.4,0.0,2.3,53.9
제주특별자치도 제주시 이호일동,닭-토종닭,20170607,20170602,184,7,제주,20170602,20.2,0.0,2.4,63.1
제주특별자치도 제주시 조천읍 신촌리,닭-토종닭,20170610,20170604,184,27,제주,20170604,20.3,0.0,2.5,56.6
제주특별자치도 제주시 한림읍 금악리,오리-육용오리,20210213,20210212,184,5500,제주,20210212,12.2,0.0,1.6,57.0
충청남도 공주시 계룡면 경천리,닭-종계,20170401,20170329,133,22000,대전,20170329,9.7,1.6,1.2,60.9
충청남도 공주시 탄천면 남산리,닭-산란계,20140512,20140508,133,63142,대전,20140508,15.7,1.8,2.3,73.1
충청남도 논산시 광석면 광리,닭-육계,20201230,20201229,236,85500,부여,20201229,0.6,0.9,1.2,87.3
충청남도 논산시 광석면 사월리,닭-산란계,20170322,20170319,236,920000,부여,20170319,8.0,0.0,0.9,51.8
충청남도 논산시 노성면 송당리,닭-원종계,20170330,20170327,236,33000,부여,20170327,5.6,0.4,1.8,71.1
충청남도 논산시 부적면 외성리,오리-산란오리,20080425,20080425,236,7800,부여,20080425,12.9,1.5,2.5,52.9
충청남도 논산시 상월면 상도리,관상조류-기러기,20170406,20170404,236,700,부여,20170404,12.1,0.0,1.0,48.5
충청남도 논산시 연무읍 마전리,닭-종계,20140224,20140220,236,40000,부여,20140220,0.0,0.0,1.1,72.4
충청남도 논산시 은진면 토양리,닭-토종닭,20170304,20170301,236,43400,부여,20170301,4.7,2.0,1.2,67.5
충청남도 당진시 신평면 금천리,닭-종계,20140312,20140307,129,25800,서산,20140307,-0.8,0.0,2.5,49.5
충청남도 당진시 우강면 부장리,야생오리-가창오리,20140127,20140123,129,0,서산,20140123,-1.3,0.0,1.0,86.3
충청남도 당진시 정미면 대운산리,닭-종계,20140314,20140310,129,18000,서산,20140310,0.2,0.0,1.4,67.8
충청남도 당진시 합덕읍 석우리,닭-종계,20180205,20180204,129,24000,서산,20180204,-6.9,0.0,4.4,49.0
충청남도 부여군 홍산면 북촌리,닭-종계,20140125,20140124,236,15983,부여,20140124,3.2,0.0,0.9,75.8
충청남도 서산시 인지면 성리,닭-토종닭,20170106,20170102,129,12,서산,20170102,5.3,0.4,1.6,93.8
충청남도 서천군 마서면 도삼리,야생오리-가창오리,20140125,20140122,140,0,군산,20140122,-2.4,0.0,1.0,81.4
충청남도 서천군 화양면 옥포리,야생오리-가창오리,20140124,20140122,140,0,군산,20140122,-2.4,0.0,1.0,81.4
충청남도 서천군 화양면 화촌리,야생오리-가창오리,20140130,20140127,140,0,군산,20140127,0.3,0.0,1.3,72.3
충청남도 아산시 둔포면 봉재리,오리-육용오리,20161226,20161221,129,3800,서산,20161221,9.5,40.4,2.2,91.9
충청남도 아산시 둔포면 염작리,닭-산란계,20170111,20170107,129,150000,서산,20170107,4.0,0.0,1.1,88.5
충청남도 아산시 둔포면 염작리,닭-산란계,20180318,20180317,129,115000,서산,20180317,5.0,0.0,1.3,72.5
충청남도 아산시 둔포면 운교리,닭-종계,20170114,20170110,129,100000,서산,20170110,-0.7,0.1,2.5,68.8
충청남도 아산시 배방읍 세교리,닭-종계,20161214,20161210,129,836,서산,20161210,-0.2,0.0,1.6,69.0
충청남도 아산시 선장면 대흥리,오리-종오리,20161208,20161204,129,7800,서산,20161204,5.1,0.1,1.0,94.0
충청남도 아산시 신창면 가내리,닭-산란계,20161219,20161216,129,50000,서산,20161216,-2.2,0.0,1.6,74.5
충청남도 아산시 신창면 궁화리,오리-육용오리,20150331,20150328,129,6000,서산,20150328,7.7,0.0,1.9,48.5
충청남도 아산시 신창면 오목리,닭-산란계,20161212,20161208,129,300000,서산,20161208,3.4,5.4,1.7,88.4
충청남도 아산시 신창면 읍내리,닭-산란계,20161205,20161202,129,233500,서산,20161202,0.9,0.0,1.0,84.9
충청남도 아산시 신창면 읍내리,닭-산란계,20161207,20161202,129,4500,서산,20161202,0.9,0.0,1.0,84.9
충청남도 아산시 신창면 행목리,닭-산란계,20161125,20161123,129,52500,서산,20161123,1.0,0.0,2.6,63.4
충청남도 아산시 염치읍 쌍죽리,닭-산란계,20161216,20161213,129,24600,서산,20161213,3.0,0.0,1.9,78.4
충청남도 아산시 음봉면 산동리,닭-산란계,20110107,20110107,129,53000,서산,20110107,-6.3,0.0,1.5,72.5
충청남도 아산시 인주면 해암리,닭-산란계,20161205,20161202,129,150000,서산,20161202,0.9,0.0,1.0,84.9
충청남도 아산시 탕정면 용두리,오리,20040205,20040205,129,14910,서산,20040205,-3.2,0.1,4.3,60.8
충청남도 아산시 탕정면 용두리,오리-산란오리,20061221,20061221,129,9146,서산,20061221,2.8,0.0,1.5,77.4
충청남도 아산시 탕정면 용두리,오리-산란오리,20061223,20061223,129,9146,서산,20061223,1.7,0.0,1.2,86.0
충청남도 예산군 고덕면 석곡리,닭-종계,20201226,20201225,129,34700,서산,20201225,0.1,0.2,1.5,66.0
충청남도 천안시 동남구 광덕면 매당리,오리-육용오리,20161218,20161215,232,10500,천안,20161215,-2.2,0.0,2.1,46.6
충청남도 천안시 동남구 동면 동산리,오리-육용오리,20161128,20161124,232,10000,천안,20161124,-1.3,0.0,1.8,50.5
충청남도 천안시 동남구 동면 행암리,닭-산란계,20161218,20161215,232,118000,천안,20161215,-2.2,0.0,2.1,46.6
충청남도 천안시 동남구 동면 화계리,오리-산란오리,20070308,20070308,232,13521,천안,20070308,1.2,0.1,2.2,63.8
충청남도 천안시 동남구 동면 화계리,오리-종오리,20140312,20140307,232,14790,천안,20140307,-0.3,0.0,3.0,37.8
충청남도 천안시 동남구 동면 화계리,오리-종오리,20161205,20161201,232,8500,천안,20161201,4.6,0.0,1.8,62.9
충청남도 천안시 동남구 동면 화계리,오리-종오리,20161212,20161208,232,12141,천안,20161208,2.1,0.5,0.7,84.4
충청남도 천안시 동남구 목천읍 소사리,닭-산란계,20161216,20161212,232,28000,천안,20161212,2.5,0.5,0.6,65.3
충청남도 천안시 동남구 목천읍 소사리,닭-종계,20161221,20161217,232,26000,천안,20161217,2.6,0.0,0.9,68.5
충청남도 천안시 동남구 목천읍 운전리,오리-종오리,20140321,20140317,232,6,천안,20140317,14.2,0.0,3.1,68.4
충청남도 천안시 동남구 목천읍 운전리,오리-종오리,20161228,20161224,232,10000,천안,20161224,-2.1,0.0,0.7,76.1
충청남도 천안시 동남구 병천면 관성리,닭-산란계,20161215,20161211,232,38600,천안,20161211,-3.1,0.0,0.6,64.4
충청남도 천안시 동남구 병천면 도원리,닭-산란계,20140225,20140223,232,120000,천안,20140223,1.6,0.0,1.1,64.5
충청남도 천안시 동남구 병천면 도원리,닭-산란계,20161221,20161218,232,10400,천안,20161218,2.0,0.0,0.7,82.3
충청남도 천안시 동남구 병천면 도원리,오리-육용오리,20140308,20140306,232,6100,천안,20140306,1.3,0.0,2.9,40.8
충청남도 천안시 동남구 병천면 매성리,오리-육용오리,20210105,20201228,232,14400,천안,20201228,3.3,0.0,0.5,82.6
충청남도 천안시 동남구 병천면 봉항리,오리-육용오리,20161130,20161124,232,6000,천안,20161124,-1.3,0.0,1.8,50.5
충청남도 천안시 동남구 병천면 탑원리,오리-육용오리,20140308,20140306,232,12000,천안,20140306,1.3,0.0,2.9,40.8
충청남도 천안시 동남구 병천면 탑원리,오리-육용오리,20161215,20161212,232,12100,천안,20161212,2.5,0.5,0.6,65.3
충청남도 천안시 동남구 북면 운용리,오리,20031224,20031224,232,4758,천안,20031224,1.2,0.0,0.5,87.0
충청남도 천안시 동남구 북면 운용리,오리-종오리,20110302,20110302,232,12400,천안,20110302,-0.8,0.0,4.2,50.1
충청남도 천안시 동남구 성남면 대흥리,닭-산란계,20140403,20140331,232,55000,천안,20140331,12.0,0.0,1.5,57.1
충청남도 천안시 동남구 성남면 대흥리,닭-산란계,20161222,20161219,232,71900,천안,20161219,6.4,1.7,0.9,87.5
충청남도 천안시 동남구 성남면 대흥리,닭-산란계,20161224,20161220,232,49900,천안,20161220,5.4,0.0,0.6,86.3
충청남도 천안시 동남구 성남면 대흥리,오리-육용오리,20150202,20150128,232,14000,천안,20150128,-3.8,0.0,1.7,59.9
충청남도 천안시 동남구 성남면 대흥리,오리-육용오리,20161226,20161221,232,15300,천안,20161221,7.5,21.3,1.6,86.0
충청남도 천안시 동남구 성남면 대흥리,오리-종오리,20140321,20140317,232,6354,천안,20140317,14.2,0.0,3.1,68.4
충청남도 천안시 동남구 성남면 대흥리,오리-종오리,20150204,20150202,232,10991,천안,20150202,-2.3,0.0,0.8,67.8
충청남도 천안시 동남구 성남면 대흥리,오리-종오리,20201225,20201224,232,10750,천안,20201224,2.2,0.0,1.7,71.0
충청남도 천안시 동남구 성남면 봉양리,닭-산란계,20161226,20161221,232,219000,천안,20161221,7.5,21.3,1.6,86.0
충청남도 천안시 동남구 성남면 석곡리,닭-산란계,20140411,20140407,232,530,천안,20140407,10.4,0.0,2.8,51.4
충청남도 천안시 동남구 성남면 석곡리,닭-육계,20140410,20140408,232,1,천안,20140408,10.9,0.0,1.7,50.3
충청남도 천안시 동남구 성남면 신덕리,닭-토종닭,20161218,20161215,232,45000,천안,20161215,-2.2,0.0,2.1,46.6
충청남도 천안시 동남구 성남면 용원리,메추리-비분류,20170106,20170102,232,250000,천안,20170102,4.8,0.0,1.2,79.5
충청남도 천안시 동남구 수신면 신풍리,닭-육계,20161228,20161224,232,14000,천안,20161224,-2.1,0.0,0.7,76.1
충청남도 천안시 동남구 수신면 신풍리,닭-토종닭,20140325,20140321,232,38522,천안,20140321,4.8,0.0,3.0,55.1
충청남도 천안시 동남구 신방동,오리-기타,20161224,20161220,232,24,천안,20161220,5.4,0.0,0.6,86.3
충청남도 천안시 동남구 풍세면 가송리,닭-산란계,20140314,20140310,232,40000,천안,20140310,1.5,0.0,2.3,49.6
충청남도 천안시 동남구 풍세면 가송리,닭-산란계,20161207,20161204,232,166700,천안,20161204,3.0,0.0,0.5,73.8
충청남도 천안시 동남구 풍세면 가송리,닭-산란계,20161216,20161212,232,70000,천안,20161212,2.5,0.5,0.6,65.3
충청남도 천안시 동남구 풍세면 가송리,닭-산란계,20161217,20161213,232,90000,천안,20161213,2.5,0.0,1.0,77.4
충청남도 천안시 동남구 풍세면 가송리,닭-토종닭,20161217,20161214,232,42900,천안,20161214,0.2,0.0,1.4,70.3
충청남도 천안시 동남구 풍세면 보성리,거위-비분류,20140304,20140228,232,15,천안,20140228,6.2,0.0,1.9,70.8
충청남도 천안시 동남구 풍세면 보성리,닭-산란계,20140225,20140223,232,75000,천안,20140223,1.6,0.0,1.1,64.5
충청남도 천안시 동남구 풍세면 보성리,닭-산란계,20161208,20161205,232,126000,천안,20161205,6.6,0.5,1.8,70.6
충청남도 천안시 동남구 풍세면 보성리,닭-산란계,20161222,20161218,232,53300,천안,20161218,2.0,0.0,0.7,82.3
충청남도 천안시 동남구 풍세면 보성리,오리-육용오리,20140210,20140207,232,10280,천안,20140207,2.2,0.0,2.3,55.8
충청남도 천안시 동남구 풍세면 보성리,오리-육용오리,20140217,20140213,232,3000,천안,20140213,1.7,0.0,1.0,67.5
충청남도 천안시 동남구 풍세면 보성리,오리-종오리,20140217,20140215,232,14392,천안,20140215,1.5,0.0,1.3,64.9
충청남도 천안시 동남구 풍세면 보성리,오리-종오리,20161205,20161130,232,4270,천안,20161130,4.5,1.0,0.6,75.1
충청남도 천안시 동남구 풍세면 용정리,닭-산란계,20070120,20070120,232,30000,천안,20070120,-3.3,0.0,0.9,62.3
충청남도 천안시 동남구 풍세면 용정리,닭-산란계,20070124,20070124,232,30000,천안,20070124,-1.7,0.0,1.3,69.0
충청남도 천안시 동남구 풍세면 용정리,닭-산란계,20140219,20140216,232,30000,천안,20140216,1.5,0.0,1.1,68.8
충청남도 천안시 동남구 풍세면 용정리,닭-산란계,20161207,20161204,232,43000,천안,20161204,3.0,0.0,0.5,73.8
충청남도 천안시 동남구 풍세면 용정리,닭-종계,20150313,20150309,232,19900,천안,20150309,2.8,0.0,5.1,48.3
충청남도 천안시 동남구 풍세면 풍서리,닭-토종닭,20170109,20170105,232,50000,천안,20170105,3.9,0.0,1.9,67.0
충청남도 천안시 동남구 풍세면 풍서리,오리-기타,20101231,20101231,232,10700,천안,20101231,-7.4,0.4,2.6,64.0
충청남도 천안시 서북구 성환읍 대홍리,거위-비분류,20201215,20201214,232,42,천안,20201214,-5.6,0.0,2.1,47.3
충청남도 천안시 서북구 성환읍 도하리,닭-산란계,20161216,20161212,232,105046,천안,20161212,2.5,0.5,0.6,65.3
충청남도 천안시 서북구 성환읍 도하리,닭-산란계,20161219,20161216,232,100000,천안,20161216,-4.4,0.0,1.3,58.4
충청남도 천안시 서북구 성환읍 도하리,닭-산란계,20210114,20210112,232,83800,천안,20210112,-3.9,0.1,1.0,85.5
충청남도 천안시 서북구 성환읍 매주리,닭-산란계,20161231,20161228,232,25000,천안,20161228,-3.6,0.0,0.9,60.9
충청남도 천안시 서북구 성환읍 성환리,오리-육용오리,20161223,20161219,232,23100,천안,20161219,6.4,1.7,0.9,87.5
충청남도 천안시 서북구 성환읍 신가리,닭-산란계,20161216,20161213,232,559359,천안,20161213,2.5,0.0,1.0,77.4
충청남도 천안시 서북구 성환읍 신가리,닭-산란계,20210104,20210103,232,346000,천안,20210103,-5.8,0.0,0.9,65.1
충청남도 천안시 서북구 성환읍 양령리,닭-산란계,20161223,20161220,232,23965,천안,20161220,5.4,0.0,0.6,86.3
충청남도 천안시 서북구 성환읍 양령리,닭-산란계,20161226,20161221,232,120000,천안,20161221,7.5,21.3,1.6,86.0
충청남도 천안시 서북구 성환읍 양령리,닭-산란계,20180209,20180208,232,21000,천안,20180208,-5.8,0.0,0.8,55.3
충청남도 천안시 서북구 성환읍 양령리,닭-육계,20161230,20161226,232,50000,천안,20161226,2.4,3.3,0.7,90.6
충청남도 천안시 서북구 성환읍 어룡리,오리-종오리,20140304,20140302,232,4828,천안,20140302,3.5,0.0,2.5,55.9
충청남도 천안시 서북구 성환읍 왕림리,닭-산란계,20161224,20161221,232,100000,천안,20161221,7.5,21.3,1.6,86.0
충청남도 천안시 서북구 입장면 가산리,닭-산란계,20161226,20161222,232,290500,천안,20161222,7.5,11.0,3.3,85.5
충청남도 천안시 서북구 입장면 호당리,닭-산란계,20170104,20161231,232,212251,천안,20161231,0.4,0.0,0.7,80.6
충청남도 천안시 서북구 직산읍 마정리,닭-산란계,20161228,20161224,232,48000,천안,20161224,-2.1,0.0,0.7,76.1
충청남도 천안시 서북구 직산읍 석곡리,오리-산란오리,20040104,20040104,232,8500,천안,20040104,-1.6,0.0,0.7,68.5
충청남도 천안시 서북구 직산읍 석곡리,오리-육용오리,20110119,20110119,232,21000,천안,20110119,-6.3,0.0,1.6,63.9
충청남도 천안시 서북구 직산읍 수헐리,닭-산란계,20210123,20210122,232,99000,천안,20210122,6.0,1.4,0.5,99.6
충청남도 천안시 서북구 직산읍 신갈리,닭-육계,20031226,20031226,232,17800,천안,20031226,-2.4,0.0,3.9,54.0
충청남도 천안시 서북구 직산읍 판정리,오리-종오리,20110117,20110117,232,18960,천안,20110117,-10.5,0.0,1.4,69.4
충청남도 천안시 서북구 직산읍 판정리,오리-종오리,20140128,20140126,232,9500,천안,20140126,-1.8,0.0,3.0,53.0
충청남도 천안시 직산읍 판정리,오리,20031224,20031224,232,8800,천안,20031224,1.2,0.0,0.5,87.0
충청남도 천안시 풍세면 용정리,닭-산란계,20040126,20040126,232,22200,천안,20040126,-6.0,0.0,1.1,69.6
충청남도 청양군 비봉면 양사리,닭-산란계,20150313,20150310,236,47000,부여,20150310,-1.4,0.0,4.1,42.4
충청남도 청양군 비봉면 양사리,닭-산란계,20170225,20170222,236,90000,부여,20170222,2.4,17.5,1.9,84.5
충청남도 청양군 운곡면 위라리,닭-산란계,20140217,20140214,236,35000,부여,20140214,2.4,0.0,1.6,62.0
충청남도 청양군 청남면 왕진리,오리-육용오리,20140304,20140228,236,2000,부여,20140228,7.2,0.0,0.9,70.8
충청남도 홍성군 구항면 태봉리,닭-종계,20210114,20210113,177,41200,홍성,20210113,2.7,0.0,1.6,82.5
충청남도 홍성군 구항면 태봉리,닭-종계,20210120,20210114,177,20000,홍성,20210114,1.0,0.0,0.7,63.6
충청남도 홍성군 서부면 판교리,닭-종계,20140307,20140302,177,40000,,,,,,
충청남도 홍성군 은하면 장곡리,오리-종오리,20170302,20170227,177,10000,홍성,20170227,2.3,0.0,0.9,64.4
충청남도 홍성군 장곡면 신풍리,닭-종계,20150312,20150309,177,33900,,,,,,
충청북도 괴산군 소수면 수리,오리-종오리,20161202,20161130,127,6500,충주,20161130,4.9,0.9,0.8,71.6
충청북도 괴산군 소수면 아성리,오리-종오리,20161205,20161202,127,9600,충주,20161202,-0.9,0.0,1.1,59.0
충청북도 괴산군 소수면 아성리,오리-종오리,20161209,20161202,127,6400,충주,20161202,-0.9,0.0,1.1,59.0
충청북도 괴산군 소수면 아성리,오리-종오리,20210218,20210217,127,7500,충주,20210217,-8.0,0.0,4.6,45.4
충청북도 괴산군 장연면 조곡리,오리-종오리,20210206,20210205,127,15500,충주,20210205,-1.1,0.0,0.7,63.9
충청북도 옥천군 옥천읍 구일리,닭-산란계,20161223,20161221,133,100000,대전,20161221,8.2,20.5,1.6,89.9
충청북도 음성군 감곡면 단평리,오리-육용오리,20161130,20161128,127,8800,충주,20161128,1.8,0.0,1.5,67.5
충청북도 음성군 감곡면 문촌리,오리-종오리,20161220,20161218,127,7599,충주,20161218,1.7,0.0,0.8,77.1
충청북도 음성군 감곡면 문촌리,오리-종오리,20201223,20201222,127,6000,충주,20201222,-2.8,0.1,0.6,81.9
충청북도 음성군 금왕읍 내송리,오리-종오리,20150314,20150311,127,8600,충주,20150311,0.4,0.0,3.5,37.9
충청북도 음성군 금왕읍 본대리,오리-육용오리,20150323,20150320,127,16000,충주,20150320,12.2,0.0,1.1,50.6
충청북도 음성군 금왕읍 본대리,오리-육용오리,20161216,20161214,127,12000,충주,20161214,0.2,0.8,1.0,78.5
충청북도 음성군 금왕읍 본대리,오리-육용오리,20161217,20161215,127,16000,충주,20161215,-2.7,0.0,2.5,49.6
충청북도 음성군 금왕읍 삼봉리,오리-육용오리,20150225,20150222,127,8300,충주,20150222,4.4,2.3,2.3,76.9
충청북도 음성군 금왕읍 삼봉리,오리-육용오리,20161126,20161122,127,5500,충주,20161122,4.5,0.9,2.1,63.4
충청북도 음성군 금왕읍 신평리,메추리-비분류,20161231,20161229,127,788000,충주,20161229,-3.8,0.1,2.0,56.8
충청북도 음성군 금왕읍 신평리,메추리-비분류,20201208,20201207,127,726000,충주,20201207,1.3,0.0,1.2,67.9
충청북도 음성군 금왕읍 유포리,오리-육용오리,20161205,20161203,127,9200,충주,20161203,0.5,0.0,0.8,67.0
충청북도 음성군 대소면 미곡리,닭-산란계,20140211,20140207,127,24000,충주,20140207,2.5,0.0,2.2,53.4
충청북도 음성군 대소면 미곡리,오리-육용오리,20140207,20140205,127,6800,충주,20140205,-6.0,0.0,1.0,41.9
충청북도 음성군 대소면 미곡리,오리-육용오리,20140210,20140205,127,44300,충주,20140205,-6.0,0.0,1.0,41.9
충청북도 음성군 대소면 부윤리,오리-육용오리,20140221,20140219,127,6840,충주,20140219,0.8,0.0,1.4,52.4
충청북도 음성군 대소면 부윤리,오리-육용오리,20150225,20150222,127,4500,충주,20150222,4.4,2.3,2.3,76.9
충청북도 음성군 대소면 부윤리,오리-종오리,20150226,20150222,127,2200,충주,20150222,4.4,2.3,2.3,76.9
충청북도 음성군 대소면 부윤리,오리-종오리,20161125,20161121,127,1500,충주,20161121,7.0,0.0,0.6,84.9
충청북도 음성군 대소면 삼정리,오리-종오리,20140210,20140202,127,9100,충주,20140202,6.5,0.9,0.8,96.4
충청북도 음성군 대소면 삼호리,닭-산란계,20210114,20210113,127,36000,충주,20210113,1.5,0.0,1.2,77.0
충청북도 음성군 대소면 성본리,오리-육용오리,20140225,20140222,127,7700,충주,20140222,0.0,0.0,1.1,56.9
충청북도 음성군 대소면 성본리,오리-육용오리,20161209,20161207,127,8000,충주,20161207,-1.3,0.4,0.7,74.1
충청북도 음성군 대소면 수태리,오리-육용오리,20140221,20140219,127,15231,충주,20140219,0.8,0.0,1.4,52.4
충청북도 음성군 대소면 수태리,오리-육용오리,20140224,20140219,127,6900,충주,20140219,0.8,0.0,1.4,52.4
충청북도 음성군 대소면 수태리,오리-육용오리,20150304,20150302,127,10108,충주,20150302,2.1,0.0,1.4,47.0
충청북도 음성군 대소면 수태리,오리-육용오리,20150306,20150224,127,34300,충주,20150224,1.4,0.0,1.3,60.3
충청북도 음성군 대소면 수태리,오리-육용오리,20161122,20161119,127,10000,충주,20161119,11.6,0.6,0.7,94.0
충청북도 음성군 대소면 오류리,오리-육용오리,20140225,20140222,127,20000,충주,20140222,0.0,0.0,1.1,56.9
충청북도 음성군 대소면 태생리,오리,20031224,20031224,127,14500,충주,20031224,2.7,0.0,0.8,81.4
충청북도 음성군 맹동면 마산리,오리-육용오리,20140221,20140219,127,76812,충주,20140219,0.8,0.0,1.4,52.4
충청북도 음성군 맹동면 마산리,오리-육용오리,20150304,20150226,127,31439,충주,20150226,2.2,1.0,3.5,49.6
충청북도 음성군 맹동면 마산리,오리-육용오리,20150306,20150303,127,28200,충주,20150303,3.4,0.5,1.8,57.5
충청북도 음성군 맹동면 마산리,오리-육용오리,20150307,20150304,127,8414,충주,20150304,-1.5,0.0,4.4,38.0
충청북도 음성군 맹동면 마산리,오리-육용오리,20161123,20161121,127,21000,충주,20161121,7.0,0.0,0.6,84.9
충청북도 음성군 맹동면 마산리,오리-육용오리,20161124,20161122,127,7000,충주,20161122,4.5,0.9,2.1,63.4
충청북도 음성군 맹동면 마산리,오리-육용오리,20161125,20161123,127,28000,충주,20161123,0.7,0.0,1.3,44.1
충청북도 음성군 맹동면 본성리,오리-육용오리,20140221,20140219,127,20255,충주,20140219,0.8,0.0,1.4,52.4
충청북도 음성군 맹동면 본성리,오리-육용오리,20150323,20150313,127,10500,충주,20150313,4.9,7.1,2.0,53.1
충청북도 음성군 맹동면 본성리,오리-육용오리,20161125,20161123,127,10200,충주,20161123,0.7,0.0,1.3,44.1
충청북도 음성군 맹동면 봉현리,닭-종계,20150323,20150310,127,80000,충주,20150310,-3.0,0.0,5.0,27.0
충청북도 음성군 맹동면 봉현리,닭-종계,20161129,20161127,127,84000,충주,20161127,3.2,0.0,0.8,81.4
충청북도 음성군 맹동면 봉현리,오리-육용오리,20140219,20140217,127,6100,충주,20140217,4.0,0.0,1.5,55.0
충청북도 음성군 맹동면 봉현리,오리-육용오리,20140219,20140218,127,33196,충주,20140218,2.6,0.0,3.0,43.5
충청북도 음성군 맹동면 봉현리,오리-육용오리,20140220,20140218,127,10279,충주,20140218,2.6,0.0,3.0,43.5
충청북도 음성군 맹동면 봉현리,오리-육용오리,20140220,20140219,127,14239,충주,20140219,0.8,0.0,1.4,52.4
충청북도 음성군 맹동면 봉현리,오리-육용오리,20140221,20140219,127,56925,충주,20140219,0.8,0.0,1.4,52.4
충청북도 음성군 맹동면 봉현리,오리-육용오리,20140223,20140219,127,5900,충주,20140219,0.8,0.0,1.4,52.4
충청북도 음성군 맹동면 봉현리,오리-육용오리,20140224,20140218,127,34500,충주,20140218,2.6,0.0,3.0,43.5
충청북도 음성군 맹동면 봉현리,오리-육용오리,20150224,20150222,127,20000,충주,20150222,4.4,2.3,2.3,76.9
충청북도 음성군 맹동면 봉현리,오리-육용오리,20150225,20150222,127,36900,충주,20150222,4.4,2.3,2.3,76.9
충청북도 음성군 맹동면 봉현리,오리-육용오리,20150225,20150223,127,37200,충주,20150223,1.5,0.0,2.3,56.9
충청북도 음성군 맹동면 봉현리,오리-육용오리,20150226,20150222,127,9300,충주,20150222,4.4,2.3,2.3,76.9
충청북도 음성군 맹동면 봉현리,오리-육용오리,20150226,20150223,127,5000,충주,20150223,1.5,0.0,2.3,56.9
충청북도 음성군 맹동면 봉현리,오리-육용오리,20150304,20150226,127,6418,충주,20150226,2.2,1.0,3.5,49.6
충청북도 음성군 맹동면 봉현리,오리-육용오리,20150305,20150301,127,8001,충주,20150301,2.3,0.2,2.8,61.5
충청북도 음성군 맹동면 봉현리,오리-육용오리,20150306,20150227,127,10102,충주,20150227,-1.6,0.0,2.3,36.3
충청북도 음성군 맹동면 봉현리,오리-육용오리,20150306,20150302,127,20000,충주,20150302,2.1,0.0,1.4,47.0
충청북도 음성군 맹동면 봉현리,오리-육용오리,20150306,20150303,127,5000,충주,20150303,3.4,0.5,1.8,57.5
충청북도 음성군 맹동면 봉현리,오리-육용오리,20150308,20150303,127,9000,충주,20150303,3.4,0.5,1.8,57.5
충청북도 음성군 맹동면 봉현리,오리-육용오리,20161122,20161118,127,17340,충주,20161118,7.6,5.9,0.9,80.3
충청북도 음성군 맹동면 봉현리,오리-육용오리,20161123,20161118,127,11000,충주,20161118,7.6,5.9,0.9,80.3
충청북도 음성군 맹동면 봉현리,오리-육용오리,20161123,20161121,127,10000,충주,20161121,7.0,0.0,0.6,84.9
충청북도 음성군 맹동면 봉현리,오리-육용오리,20161124,20161122,127,21300,충주,20161122,4.5,0.9,2.1,63.4
충청북도 음성군 맹동면 봉현리,오리-육용오리,20161125,20161123,127,16500,충주,20161123,0.7,0.0,1.3,44.1
충청북도 음성군 맹동면 봉현리,오리-육용오리,20161126,20161119,127,37000,충주,20161119,11.6,0.6,0.7,94.0
충청북도 음성군 맹동면 봉현리,오리-육용오리,20161126,20161120,127,11000,충주,20161120,10.3,0.0,1.1,75.3
충청북도 음성군 맹동면 봉현리,오리-육용오리,20161128,20161123,127,16500,충주,20161123,0.7,0.0,1.3,44.1
충청북도 음성군 맹동면 봉현리,타조-비분류,20140307,20140303,127,35,충주,20140303,3.2,0.0,1.2,43.0
충청북도 음성군 맹동면 신돈리,오리-육용오리,20161124,20161122,127,9000,충주,20161122,4.5,0.9,2.1,63.4
충청북도 음성군 맹동면 용촌리,오리-육용오리,20140221,20140219,127,14928,충주,20140219,0.8,0.0,1.4,52.4
충청북도 음성군 맹동면 용촌리,오리-육용오리,20140223,20140219,127,6826,충주,20140219,0.8,0.0,1.4,52.4
충청북도 음성군 맹동면 용촌리,오리-육용오리,20150225,20150222,127,13000,충주,20150222,4.4,2.3,2.3,76.9
충청북도 음성군 맹동면 용촌리,오리-육용오리,20150304,20150227,127,9885,충주,20150227,-1.6,0.0,2.3,36.3
충청북도 음성군 맹동면 용촌리,오리-육용오리,20150305,20150303,127,8000,충주,20150303,3.4,0.5,1.8,57.5
충청북도 음성군 맹동면 용촌리,오리-육용오리,20161117,20161116,127,10500,충주,20161116,3.3,0.0,0.9,62.8
충청북도 음성군 맹동면 용촌리,오리-육용오리,20161122,20161118,127,9300,충주,20161118,7.6,5.9,0.9,80.3
충청북도 음성군 맹동면 용촌리,오리-육용오리,20161123,20161119,127,11500,충주,20161119,11.6,0.6,0.7,94.0
충청북도 음성군 맹동면 인곡리,오리-종오리,20140228,20140225,127,3500,충주,20140225,3.5,0.0,0.9,64.6
충청북도 음성군 맹동면 인곡리,오리-종오리,20150305,20150303,127,10000,충주,20150303,3.4,0.5,1.8,57.5
충청북도 음성군 삼성면 능산리,닭-산란계,20161226,20161224,127,75000,충주,20161224,-1.7,0.0,1.0,68.8
충청북도 음성군 삼성면 능산리,닭-종계,20161205,20161202,127,136000,충주,20161202,-0.9,0.0,1.1,59.0
충청북도 음성군 삼성면 능산리,닭-종계,20161216,20161214,127,130000,충주,20161214,0.2,0.8,1.0,78.5
충청북도 음성군 삼성면 대정리,닭-산란계,20161215,20161213,127,13000,충주,20161213,2.3,0.0,0.8,71.6
충청북도 음성군 삼성면 덕정리,오리,20031217,20031217,127,3200,충주,20031217,0.1,1.8,3.2,63.9
충청북도 음성군 삼성면 상곡리,닭-산란계,20161222,20161220,127,35100,충주,20161220,5.4,0.0,0.8,80.3
충청북도 음성군 삼성면 용대리,닭-산란계,20161207,20161205,127,210000,충주,20161205,6.7,0.0,1.6,66.8
충청북도 음성군 삼성면 용대리,오리-육용오리,20161128,20161125,127,6700,충주,20161125,-1.9,0.0,0.9,62.6
충청북도 음성군 삼성면 용대리,오리-종오리,20161128,20161125,127,8442,충주,20161125,-1.9,0.0,0.9,62.6
충청북도 음성군 삼성면 용대리,오리-종오리,20210106,20210105,127,5000,충주,20210105,-4.2,0.2,2.1,53.0
충청북도 음성군 삼성면 용성리,닭,20031219,20031219,127,15000,충주,20031219,-4.7,0.0,4.3,46.1
충청북도 음성군 삼성면 용성리,닭-육계,20031212,20031212,127,24000,충주,20031212,-1.2,0.0,1.4,74.5
충청북도 음성군 삼성면 천평리,오리-육용오리,20140228,20140224,127,20936,충주,20140224,2.3,0.0,1.0,60.9
충청북도 음성군 삼성면 천평리,오리-육용오리,20161214,20161212,127,10000,충주,20161212,1.2,0.0,0.6,63.3
충청북도 음성군 삼성면 청용리,오리-육용오리,20140228,20140222,127,12000,충주,20140222,0.0,0.0,1.1,56.9
충청북도 음성군 삼성면 청용리,오리-종오리,20140225,20140221,127,22500,충주,20140221,-0.7,0.0,1.1,59.6
충청북도 음성군 생극면 병암리,닭-산란계,20150323,20150315,127,135325,충주,20150315,4.8,0.0,1.4,43.9
충청북도 음성군 생극면 임곡리,닭-산란계,20161214,20161212,127,6500,충주,20161212,1.2,0.0,0.6,63.3
충청북도 음성군 생극면 임곡리,닭-산란계,20161224,20161222,127,420000,충주,20161222,8.2,11.3,3.2,79.0
충청북도 음성군 생극면 임곡리,닭-산란계,20210119,20210118,127,400000,충주,20210118,-3.7,3.1,1.9,72.3
충청북도 음성군 소이면 비산리,오리-육용오리,20180315,20180312,127,11700,충주,20180312,7.3,0.0,1.1,53.6
충청북도 음성군 원남면 덕정리,메추리-비분류,20161208,20161206,127,71000,충주,20161206,-1.1,0.0,2.1,49.1
충청북도 음성군 원남면 덕정리,오리-종오리,20161130,20161128,127,10000,충주,20161128,1.8,0.0,1.5,67.5
충청북도 음성군 원남면 보룡리,오리-종오리,20210210,20210209,127,9400,충주,20210209,-2.4,0.0,1.3,48.8
충청북도 음성군 원남면 하노리,닭-산란계,20161212,20161209,127,91000,충주,20161209,2.8,2.4,2.1,70.0
충청북도 증평군 도안면 화성리,닭-종계,20140325,20140320,131,18000,청주,20140320,7.2,3.0,2.1,64.5
충청북도 진천군 덕산면 구산리,닭-종계,20161210,20161208,131,92500,청주,20161208,3.1,1.0,1.2,76.0
충청북도 진천군 덕산면 구산리,오리-육용오리,20140211,20140207,131,14000,청주,20140207,3.0,0.0,2.4,52.9
충청북도 진천군 덕산면 구산리,오리-육용오리,20161202,20161130,131,9900,청주,20161130,5.3,1.2,0.9,64.9
충청북도 진천군 덕산면 기전리,오리-육용오리,20161205,20161202,131,5500,청주,20161202,2.0,0.0,1.1,46.3
충청북도 진천군 덕산면 용몽리,오리-육용오리,20150306,20150302,131,8500,청주,20150302,4.4,0.0,1.2,42.9
충청북도 진천군 덕산면 인산리,오리-기타,20140208,20140201,131,9000,청주,20140201,5.5,4.5,1.1,63.6
충청북도 진천군 덕산면 인산리,오리-육용오리,20140210,20140204,131,27000,청주,20140204,-5.7,0.0,2.1,33.1
충청북도 진천군 덕산면 인산리,오리-육용오리,20140210,20140207,131,9780,청주,20140207,3.0,0.0,2.4,52.9
충청북도 진천군 덕산면 인산리,오리-육용오리,20161201,20161128,131,29000,청주,20161128,2.8,0.0,1.4,56.6
충청북도 진천군 덕산면 합목리,오리-육용오리,20161203,20161201,131,15000,청주,20161201,5.5,0.0,1.9,56.6
충청북도 진천군 덕산면 화상리,닭-산란계,20161205,20161202,131,200000,청주,20161202,2.0,0.0,1.1,46.3
충청북도 진천군 덕산면 화상리,오리-육용오리,20161205,20161202,131,9500,청주,20161202,2.0,0.0,1.1,46.3
충청북도 진천군 문백면 계산리,오리-종오리,20140304,20140226,131,10000,청주,20140226,7.1,0.0,1.4,59.9
충청북도 진천군 문백면 계산리,오리-종오리,20161201,20161129,131,2800,청주,20161129,2.2,0.0,1.2,42.8
충청북도 진천군 문백면 계산리,오리-종오리,20161209,20161205,131,11000,청주,20161205,8.1,0.0,1.7,61.3
충청북도 진천군 문백면 도하리,거위-비분류,20140424,20140421,131,700,청주,20140421,16.0,0.0,1.3,45.1
충청북도 진천군 문백면 도하리,오리-종오리,20161221,20161219,131,10536,청주,20161219,7.2,0.3,0.8,74.8
충청북도 진천군 문백면 봉죽리,오리-육용오리,20150306,20150303,131,10800,청주,20150303,4.6,0.5,1.5,54.4
충청북도 진천군 문백면 사양리,오리-종오리,20161221,20161218,131,2577,청주,20161218,4.2,0.0,0.7,69.5
충청북도 진천군 이월면 동성리,오리-육용오리,20140205,20140203,131,9185,청주,20140203,-0.7,0.0,2.1,52.3
충청북도 진천군 이월면 동성리,오리-육용오리,20140206,20140203,131,21174,청주,20140203,-0.7,0.0,2.1,52.3
충청북도 진천군 이월면 동성리,오리-육용오리,20161201,20161129,131,17500,청주,20161129,2.2,0.0,1.2,42.8
충청북도 진천군 이월면 미잠리,오리-육용오리,20161128,20161126,131,9000,청주,20161126,0.3,0.0,0.9,74.8
충청북도 진천군 이월면 삼용리,오리-육용오리,20140131,20140129,131,5789,청주,20140129,2.1,0.0,0.5,49.8
충청북도 진천군 이월면 삼용리,오리-육용오리,20140208,20140201,131,5,청주,20140201,5.5,4.5,1.1,63.6
충청북도 진천군 이월면 삼용리,오리-육용오리,20161126,20161123,131,4500,청주,20161123,0.4,0.0,1.8,35.9
충청북도 진천군 이월면 삼용리,오리-육용오리,20161128,20161125,131,7000,청주,20161125,0.8,0.0,0.9,53.0
충청북도 진천군 이월면 삼용리,오리-육용오리,20161130,20161125,131,13260,청주,20161125,0.8,0.0,0.9,53.0
충청북도 진천군 이월면 삼용리,오리-육용오리,20161130,20161128,131,13000,청주,20161128,2.8,0.0,1.4,56.6
충청북도 진천군 이월면 삼용리,오리-육용오리,20161201,20161129,131,24000,청주,20161129,2.2,0.0,1.2,42.8
충청북도 진천군 이월면 삼용리,오리-육용오리,20161207,20161203,131,100000,청주,20161203,3.0,0.0,0.7,58.5
충청북도 진천군 이월면 삼용리,오리-종오리,20140129,20140127,131,5000,청주,20140127,0.1,0.0,0.9,49.0
충청북도 진천군 이월면 중산리,닭-산란계,20161214,20161212,131,125,청주,20161212,2.9,0.0,1.2,50.4
충청북도 진천군 이월면 중산리,오리-육용오리,20140209,20140207,131,9060,청주,20140207,3.0,0.0,2.4,52.9
충청북도 진천군 이월면 중산리,오리-육용오리,20140211,20140207,131,15000,청주,20140207,3.0,0.0,2.4,52.9
충청북도 진천군 이월면 중산리,오리-종오리,20161207,20161205,131,8500,청주,20161205,8.1,0.0,1.7,61.3
충청북도 진천군 진천읍 문봉리,오리-육용오리,20161221,20161219,131,5000,청주,20161219,7.2,0.3,0.8,74.8
충청북도 진천군 진천읍 상신리,닭-토종닭,20161205,20161202,131,30000,청주,20161202,2.0,0.0,1.1,46.3
충청북도 진천군 진천읍 신정리,오리,20031224,20031224,131,5000,청주,20031224,4.2,0.0,0.7,79.5
충청북도 진천군 초평면 오갑리,오리-육용오리,20140209,20140207,131,12415,청주,20140207,3.0,0.0,2.4,52.9
충청북도 진천군 초평면 오갑리,오리-육용오리,20161128,20161125,131,12800,청주,20161125,0.8,0.0,0.9,53.0
충청북도 진천군 초평면 오갑리,오리-육용오리,20161128,20161126,131,10200,청주,20161126,0.3,0.0,0.9,74.8
충청북도 청원군 북이면 토성리,오리-육용오리,20161122,20161120,131,8500,청주,20161120,11.1,0.0,1.1,63.5
충청북도 청주시 서원구 현도면 중척리,야생오리-청둥오리,20140321,20140317,131,500,청주,20140317,13.7,0.0,1.6,65.4
충청북도 청주시 청원구 북이면 대길리,오리-육용오리,20140306,20140303,131,9400,청주,20140303,5.7,0.0,0.9,37.5
충청북도 청주시 청원구 오창읍 성재리,오리-육용오리,20161226,20161223,131,10300,청주,20161223,0.4,0.6,2.3,70.5
충청북도 청주시 흥덕구 강내면 궁현리,닭-토종닭,20161212,20161210,131,35000,청주,20161210,-0.1,0.0,1.2,46.4
충청북도 청주시 흥덕구 오송읍 동평리,닭-산란계,20161203,20161201,131,173000,청주,20161201,5.5,0.0,1.9,56.6
충청북도 청주시 흥덕구 오송읍 동평리,닭-토종닭,20161214,20161212,131,125,청주,20161212,2.9,0.0,1.2,50.4
충청북도 청주시 흥덕구 오송읍 쌍청리,오리-육용오리,20161201,20161129,131,12000,청주,20161129,2.2,0.0,1.2,42.8
충청북도 청주시 흥덕구 오송읍 오송리,닭-육계,20161206,20161204,131,1500,청주,20161204,4.3,0.0,0.6,63.3
충청북도 충주시 대소원면 만정리,닭-토종닭,20161208,20161206,127,100,충주,20161206,-1.1,0.0,2.1,49.1
충청북도 충주시 동량면 대전리,오리-종오리,20210203,20210202,133,7600,대전,20210202,-2.4,0.0,2.5,46.9
충청북도 충주시 소태면 주치리,닭-산란계,20210313,20210311,127,550000,충주,20210311,8.7,0.0,0.8,51.6
충청북도 충주시 소태면 주치리,닭-토종닭,20210311,20210310,127,5500,충주,20210310,7.4,0.0,1.2,53.8
