주소,축종,"사육
두수",진단일,발생일,지역코드
강원도 원주시 귀래면 주포리,닭-산란계,170000,20210224,20210223,114
강원도 인제군 기린면 북리,닭-산란계,28500,20170107,20170103,211
강원도 철원군 갈말읍 강포리,닭-산란계,16000,20161212,20161209,95
강원도 철원군 갈말읍 강포리,닭-산란계,30000,20161203,20161130,95
강원도 춘천시 사북면 지촌리,닭-산란계,48,20080507,20080507,101
강원도 춘천시 사북면 지촌리,닭-산란계,48,20080507,20080507,101
강원도 횡성군 횡성읍 학곡리,닭-토종닭,13,20170109,20170106,114
강원도 횡성군 횡성읍 학곡리,거위-비분류,1300,20140617,20140613,114
경기도 고양시 덕양구 관산동,닭-토종닭,3000,20170307,20170303,99
경기도 고양시 덕양구 내유동,관상조류-비분류,900,20201229,20201228,99
경기도 과천시 문원동,야생조류-큰기러기,0,20140314,20140309,119
경기도 광주시 남한산성면 불당리,오리-기타,12,20160405,20160405,203
경기도 광주시 오포읍 양벌리,야생조류-왜가리,1,20150121,20150119,203
경기도 광주시 초월읍 신월리,닭-산란계,46000,20161222,20161218,203
경기도 김포시 대곶면 쇄암리,닭-산란계,95000,20210109,20210108,112
경기도 김포시 대곶면 초원지리,닭-토종닭,50,20161218,20161212,112
경기도 김포시 월곶면 군하리,닭-산란계,212333,20201230,20201229,112
경기도 김포시 통진읍 가현리,닭-산란계,40000,20201213,20201212,112
경기도 김포시 통진읍 가현리,닭-산란계,105000,20161224,20161218,112
경기도 김포시 통진읍 가현리,닭-산란계,107000,20150203,20150131,112
경기도 김포시 통진읍 수참리,닭-산란계,80000,20210101,20201231,112
경기도 김포시 하성면 마조리,메추리-비분류,430000,20170125,20170121,112
경기도 남양주시 화도읍 차산리,닭-산란계,38400,20210112,20210111,108
경기도 동두천시 하봉암동,칠면조,465,20110211,20110211,98
경기도 성남시 수정구 태평동,닭-토종닭,1,20141230,20141226,119
경기도 성남시 중원구 성남동,닭-토종닭,1,20141229,20141222,119
경기도 성남시 중원구 성남동,닭-토종닭,1,20141229,20141222,119
경기도 성남시 중원구 성남동,닭-토종닭,1,20141229,20141222,119
경기도 성남시 중원구 성남동,닭-토종닭,1,20141227,20141222,119
경기도 수원시 영통구 하동,야생조류-논병아리,0,20140304,20140227,119
경기도 수원시 팔달구 인계동,야생조류-기러기,0,20140131,20140128,119
경기도 수원시 팔달구 화서동,야생조류-큰기러기,3,20150202,20150124,119
경기도 안성시 공도읍 건천리,오리-육용오리,31000,20140228,20140225,203
경기도 안성시 공도읍 건천리,거위-비분류,300,20140228,20140225,203
경기도 안성시 공도읍 마정리,닭-산란계,78600,20210129,20210128,203
경기도 안성시 공도읍 마정리,닭-산란계,137178,20170114,20170108,203
경기도 안성시 공도읍 신두리,닭-산란계,33000,20161220,20161216,203
경기도 안성시 공도읍 용두리,닭-산란계,62500,20210201,20210130,203
경기도 안성시 공도읍 용두리,닭-산란계,41500,20170101,20161228,203
경기도 안성시 공도읍 중복리,닭-기타,15392,20080508,20080508,203
경기도 안성시 공도읍 중복리,닭-기타,15392,20080508,20080508,203
경기도 안성시 공도읍 진사리,닭-종계,59788,20161228,20161223,203
경기도 안성시 금광면 개산리,오리-육용오리,8600,20161230,20161224,203
경기도 안성시 금광면 개산리,오리-육용오리,9000,20150310,20150305,203
경기도 안성시 금광면 내우리,오리-육용오리,9000,20150308,20150304,203
경기도 안성시 금광면 삼흥리,닭-산란계,390000,20210113,20210112,203
경기도 안성시 대덕면 명당리,닭-산란계,376000,20170105,20170101,203
경기도 안성시 대덕면 보동리,닭-토종닭,27500,20161129,20161125,203
경기도 안성시 미양면 강덕리,오리-종오리,6500,20150130,20150129,203
경기도 안성시 미양면 강덕리,오리-종오리,16000,20150129,20150126,203
경기도 안성시 미양면 강덕리,오리-종오리,7,20140217,20140214,203
경기도 안성시 미양면 강덕리,오리-종오리,22760,20140213,20140211,203
경기도 안성시 미양면 강덕리,오리-종오리,45000,20110113,20110113,203
경기도 안성시 미양면 강덕리,닭-육계,55802,20080505,20080505,203
경기도 안성시 미양면 강덕리,닭-육계,55802,20080503,20080503,203
경기도 안성시 미양면 고지리,오리-종오리,7441,20150116,20150113,203
경기도 안성시 미양면 고지리,오리-종오리,1878,20140219,20140217,203
경기도 안성시 미양면 고지리,오리-종오리,9000,20140217,20140215,203
경기도 안성시 미양면 고지리,오리-육용오리,20200,20110116,20110116,203
경기도 안성시 미양면 법전리,닭-산란계,161400,20150417,20150414,203
경기도 안성시 미양면 보체리,닭-육계,100000,20170112,20170109,203
경기도 안성시 미양면 정동리,오리-육용오리,60,20150123,20150122,203
경기도 안성시 미양면 정동리,오리-육용오리,17300,20150126,20150120,203
경기도 안성시 미양면 정동리,오리-육용오리,10000,20140224,20140218,203
경기도 안성시 보개면 기좌리,닭-토종닭,108607,20170118,20170114,203
경기도 안성시 보개면 남풍리,닭-산란계,170500,20161224,20161218,203
경기도 안성시 보개면 내방리,오리-육용오리,9000,20150209,20150204,203
경기도 안성시 보개면 동신리,닭-산란계,29000,20210128,20210127,203
경기도 안성시 보개면 동신리,닭-산란계,40000,20170106,20161230,203
경기도 안성시 보개면 동평리,오리-육용오리,10500,20161216,20161211,203
경기도 안성시 보개면 복평리,오리-육용오리,6000,20161218,20161209,203
경기도 안성시 보개면 양복리,오리-육용오리,16500,20150209,20150205,203
경기도 안성시 보개면 적가리,닭-일괄,241000,20161226,20161220,203
경기도 안성시 삼죽면 덕산리,닭-산란계,43200,20161218,20161213,203
경기도 안성시 삼죽면 마전리,오리-육용오리,9500,20150225,20150212,203
경기도 안성시 서운면 신촌리,닭-산란계,280000,20210114,20210113,203
경기도 안성시 서운면 신촌리,닭-산란계,230000,20161228,20161223,203
경기도 안성시 서운면 신촌리,닭-산란계,54000,20161228,20161222,203
경기도 안성시 서운면 신흥리,오리-육용오리,20000,20150211,20150208,203
경기도 안성시 서운면 신흥리,오리-종오리,6500,20150205,20150202,203
경기도 안성시 서운면 신흥리,오리-육용오리,33000,20110108,20110108,203
경기도 안성시 원곡면 외가천리,닭-토종닭,45500,20161207,20161201,203
경기도 안성시 일죽면 능국리,닭-산란계,400000,20161218,20161211,203
경기도 안성시 일죽면 능국리,닭-산란계,50000,20161214,20161207,203
경기도 안성시 일죽면 능국리,닭-산란계,110000,20140401,20140329,203
경기도 안성시 일죽면 능국리,닭-산란계,443000,20140321,20140318,203
경기도 안성시 일죽면 방초리,닭-토종닭,1500,20170114,20170109,203
경기도 안성시 일죽면 산북리,닭-일괄,290000,20161220,20161214,203
경기도 안성시 일죽면 산북리,오리-육용오리,5500,20161210,20161207,203
경기도 안성시 일죽면 산북리,오리-육용오리,14800,20110111,20110111,203
경기도 안성시 일죽면 신흥리,닭-산란계,60000,20210201,20210131,203
경기도 안성시 일죽면 신흥리,오리-육용오리,1,20140315,20140313,203
경기도 안성시 일죽면 장암리,닭-종계,18780,20210127,20210126,203
경기도 안성시 일죽면 장암리,닭-산란계,100000,20161226,20161220,203
경기도 안성시 일죽면 장암리,닭-육계,133003,20070210,20070210,203
경기도 안성시 일죽면 화곡리,오리-육용오리,5500,20161218,20161208,203
경기도 안성시 일죽면 화봉리,닭-산란계,30000,20140312,20140306,203
경기도 안성시 중리동,오리-육용오리,4000,20140626,20140625,203
경기도 양주시 광적면 우고리,오리-비분류,210,20150524,20150522,98
경기도 양주시 광적면 우고리,오리-비분류,700,20150524,20150521,98
경기도 양주시 남면 경신리,닭-산란계,11830,20170111,20170107,98
경기도 양주시 남면 경신리,닭-산란계,8000,20110120,20110120,98
경기도 양주시 남면 상수리,닭-산란계,17070,20170214,20170209,98
경기도 양주시 백석읍 가업리,닭-산란계,102783,20161129,20161126,98
경기도 양주시 백석읍 가업리,닭-산란계,15500,20161123,20161120,98
경기도 양주시 백석읍 오산리,닭-산란계,16000,20161201,20161128,98
경기도 양주시 은현면 도하리,닭-산란계,31500,20170111,20170105,98
경기도 양주시 은현면 봉암리,닭-산란계,26000,20180318,20180316,98
경기도 양주시 은현면 봉암리,닭-산란계,9800,20170118,20170112,98
경기도 양주시 은현면 하패리,닭-산란계,22000,20040321,20040321,98
경기도 양주시 은현면 하패리,닭-산란계,22000,20040321,20040321,98
경기도 양평군 지평면 수곡리,오리-육용오리,4500,20161207,20161203,202
경기도 여주시 가남읍 금당리,닭-산란계,416271,20161218,20161213,203
경기도 여주시 가남읍 금당리,닭-산란계,541023,20150202,20150123,203
경기도 여주시 가남읍 삼군리,메추리-비분류,110000,20201209,20201208,203
경기도 여주시 가남읍 은봉리,닭-산란계,193000,20201207,20201206,203
경기도 여주시 가남읍 은봉리,닭-산란계,120000,20161210,20161206,203
경기도 여주시 가남읍 하귀리,닭-산란계,409447,20161218,20161213,203
경기도 여주시 가남읍 하귀리,닭-산란계,300000,20150121,20150114,203
경기도 여주시 능서면 광대리,오리-종오리,29386,20161214,20161209,203
경기도 여주시 능서면 광대리,오리-종오리,41200,20150202,20150123,203
경기도 여주시 능서면 광대리,닭-산란계,30000,20110223,20110223,203
경기도 여주시 능서면 마래리,닭-산란계,208300,20201229,20201228,203
경기도 여주시 능서면 마래리,닭-육계,55000,20161230,20161226,203
경기도 여주시 능서면 마래리,메추리-비분류,100000,20170101,20161224,203
경기도 여주시 능서면 마래리,닭-산란계,208100,20161210,20161207,203
경기도 여주시 능서면 용은리,닭-산란계,48000,20161220,20161218,203
경기도 여주시 점동면 당진리,닭-산란계,153600,20201222,20201221,203
경기도 여주시 흥천면 율극리,닭-산란계,250000,20161228,20161224,203
경기도 여주시 흥천면 율극리,닭-산란계,120417,20161228,20161223,203
경기도 연천군 미산면 백석리,닭-산란계,16000,20110524,20110524,98
경기도 연천군 연천읍 상리,닭-산란계,9874,20170118,20170112,98
경기도 용인시 처인구 백암면 박곡리,닭-산란계,196000,20161214,20161209,203
경기도 용인시 처인구 백암면 박곡리,닭-산란계,200000,20110306,20110306,203
경기도 용인시 처인구 백암면 석천리,닭-산란계,203000,20161218,20161213,203
경기도 용인시 처인구 백암면 석천리,닭-산란계,110000,20161218,20161213,203
경기도 용인시 처인구 백암면 옥산리,닭-산란계,188000,20210119,20210118,203
경기도 용인시 처인구 백암면 옥산리,닭-산란계,240000,20161218,20161213,203
경기도 용인시 처인구 백암면 장평리,닭-산란계,19000,20210201,20210129,203
경기도 용인시 처인구 원삼면 문촌리,오리-종오리,6000,20201223,20201220,203
경기도 의정부시 용현동,닭-토종닭,48,20150420,20150416,98
경기도 이천시 대월면 대대리,오리-육용오리,5500,20161216,20161211,203
경기도 이천시 대월면 대흥리,닭-산란계,54000,20161216,20161211,203
경기도 이천시 대월면 초지리,닭-산란계,360000,20161207,20161203,203
경기도 이천시 마장면 이치리,오리-종오리,10907,20160323,20160323,203
경기도 이천시 모가면 원두리,오리-육용오리,18600,20161207,20161201,203
경기도 이천시 백사면 도립리,닭-산란계,119000,20210214,20210213,203
경기도 이천시 부발읍 가산리,닭-산란계,241000,20210214,20210213,203
경기도 이천시 부발읍 가산리,닭-산란계,200000,20161129,20161127,203
경기도 이천시 설성면 상봉리,닭-종계,21000,20110217,20110217,203
경기도 이천시 설성면 신필리,닭-산란계,10000,20161209,20161204,203
경기도 이천시 설성면 신필리,닭-토종닭,27300,20161218,20161214,203
경기도 이천시 설성면 신필리,오리-육용오리,3000,20161203,20161130,203
경기도 이천시 설성면 암산리,닭-토종닭,23000,20161210,20161205,203
경기도 이천시 설성면 장능리,닭-산란계,95000,20161209,20161204,203
경기도 이천시 설성면 장능리,닭-토종닭,26500,20110121,20110121,203
경기도 이천시 설성면 장천리,닭-산란계,146000,20210202,20210201,203
경기도 이천시 설성면 장천리,닭-산란계,160000,20161129,20161125,203
경기도 이천시 설성면 장천리,닭-산란계,156704,20150225,20150210,203
경기도 이천시 설성면 장천리,오리-종오리,8300,20110122,20110122,203
경기도 이천시 설성면 행죽리,닭-종계,60000,20161207,20161202,203
경기도 이천시 설성면 행죽리,닭-종계,16000,20110114,20110114,203
경기도 이천시 율면 본죽리,닭-산란계,75500,20161214,20161208,203
경기도 이천시 율면 본죽리,닭-산란계,90000,20140422,20140420,203
경기도 이천시 율면 석산리,메추리-비분류,620000,20161206,20161203,203
경기도 이천시 율면 석산리,메추리-비분류,430000,20140508,20140430,203
경기도 이천시 율면 신추리,닭-산란계,50000,20210130,20210129,203
경기도 이천시 율면 신추리,닭-산란계,47060,20161220,20161215,203
경기도 이천시 율면 신추리,닭-산란계,43728,20031225,20031225,203
경기도 이천시 율면 신추리,닭-산란계,43728,20031225,20031225,203
경기도 이천시 율면 월포리,닭-육계,71700,20161220,20161214,203
경기도 이천시 장호원읍 나래리,닭-산란계,478000,20210122,20210121,203
경기도 이천시 장호원읍 나래리,닭-산란계,278100,20161224,20161218,203
경기도 이천시 장호원읍 나래리,닭-산란계,289800,20150126,20150121,203
경기도 이천시 장호원읍 선읍리,메추리-비분류,164482,20161224,20161218,203
경기도 이천시 장호원읍 선읍리,닭-산란계,18000,20161216,20161210,203
경기도 이천시 장호원읍 어석리,닭-종계,87900,20210223,20210222,203
경기도 이천시 장호원읍 와현리,닭-종계,22200,20210128,20210127,203
경기도 이천시 장호원읍 와현리,닭-종계,24000,20210127,20210126,203
경기도 이천시 장호원읍 와현리,닭-산란계,14860,20161230,20161225,203
경기도 이천시 장호원읍 와현리,닭-종계,25506,20161220,20161216,203
경기도 이천시 장호원읍 진암리,닭-산란계,25000,20161214,20161209,203
경기도 파주시 광탄면 창만리,닭-산란계,7000,20110118,20110118,99
경기도 파주시 법원읍 갈곡리,닭-일괄,1600,20170606,20170603,99
경기도 파주시 적성면 어유지리,닭-산란계,130000,20210127,20210126,99
경기도 평택시 고덕면 동고리,닭-산란계,370000,20210216,20210215,232
경기도 평택시 고덕면 동고리,닭-산란계,620000,20161222,20161216,232
경기도 평택시 고덕면 두릉리,오리-산란오리,4500,20161201,20161128,232
경기도 평택시 고덕면 문곡리,오리-기타,11500,20161220,20161216,232
경기도 평택시 고덕면 율포리,닭-육계,7300,20140304,20140228,232
경기도 평택시 서탄면 회화리,닭-산란계,121000,20161216,20161211,232
경기도 평택시 안중읍 성해리,닭-기타,35000,20110207,20110207,232
경기도 평택시 오성면 길음리,닭-산란계,35000,20161228,20161222,232
경기도 평택시 오성면 안화리,닭-비분류,72962,20161226,20161220,232
경기도 평택시 오성면 양교리,닭-산란계,486000,20180318,20180316,232
경기도 평택시 청북면 고잔리,닭-산란계,570100,20161207,20161203,232
경기도 평택시 청북면 고잔리,닭-산란계,110,20140312,20140306,232
경기도 평택시 청북면 삼계리,닭-종계,25113,20161220,20161215,232
경기도 평택시 청북면 현곡리,꿩,2000,20110125,20110125,232
경기도 평택시 청북읍 고잔리,닭-산란계,26500,20201229,20201228,232
경기도 평택시 청북읍 고잔리,닭-산란계,143000,20180128,20180127,232
경기도 평택시 청북읍 한산리,닭-종계,20000,20161218,20161211,232
경기도 평택시 팽성읍 대사리,닭-산란계,239200,20210211,20210209,232
경기도 평택시 팽성읍 대사리,닭-산란계,370000,20161224,20161222,232
경기도 평택시 팽성읍 대사리,오리-종오리,12800,20161216,20161210,232
경기도 평택시 팽성읍 대사리,오리-종오리,18600,20140225,20140223,232
경기도 평택시 팽성읍 대사리,닭-종계,25000,20110125,20110125,232
경기도 평택시 포승면 석정리,닭-산란계,22597,20080414,20080414,232
경기도 평택시 포승면 석정리,닭-산란계,22597,20080416,20080416,232
경기도 평택시 포승읍 도곡리,닭-종계,25000,20161230,20161225,232
경기도 평택시 포승읍 석정리,오리-육용오리,10000,20161228,20161223,232
경기도 평택시 포승읍 홍원리,닭-산란계,66000,20161224,20161218,232
경기도 포천시 관인면 사정리,닭-종계,38496,20161222,20161217,98
경기도 포천시 관인면 탄동리,닭-산란계,160000,20161209,20161203,98
경기도 포천시 선단동,닭-산란계,180000,20210113,20210112,98
경기도 포천시 신북면 삼성당리,닭-산란계,39000,20210127,20210126,98
경기도 포천시 영북면 문암리,닭-산란계,30000,20161216,20161210,98
경기도 포천시 영북면 야미리,닭-산란계,37000,20161220,20161213,98
경기도 포천시 영북면 야미리,닭-산란계,11000,20161222,20161216,98
경기도 포천시 영북면 야미리,닭-산란계,25926,20161220,20161210,98
경기도 포천시 영북면 야미리,닭-산란계,50000,20161216,20161210,98
경기도 포천시 영북면 야미리,닭-산란계,188000,20161209,20161204,98
경기도 포천시 영북면 자일리,닭-산란계,198400,20180104,20180103,98
경기도 포천시 영북면 자일리,고양이-코리아숏헤어,7,20170102,20161230,98
경기도 포천시 영북면 자일리,고양이-코리아숏헤어,7,20161231,20161226,98
경기도 포천시 영북면 자일리,고양이-코리아숏헤어,7,20161231,20161226,98
경기도 포천시 영북면 자일리,닭-산란계,68014,20161210,20161206,98
경기도 포천시 영북면 자일리,닭-산란계,71200,20161210,20161205,98
경기도 포천시 영북면 자일리,닭-산란계,24030,20161209,20161204,98
경기도 포천시 영북면 자일리,닭-산란계,30000,20161209,20161204,98
경기도 포천시 영북면 자일리,닭-산란계,37000,20161209,20161202,98
경기도 포천시 영북면 자일리,닭-산란계,24500,20161207,20161202,98
경기도 포천시 영북면 자일리,닭-산란계,28000,20161207,20161202,98
경기도 포천시 영북면 자일리,닭-산란계,35824,20161207,20161202,98
경기도 포천시 영북면 자일리,닭-산란계,31900,20161207,20161202,98
경기도 포천시 영북면 자일리,닭-산란계,299000,20161125,20161122,98
경기도 포천시 영중면 거사리,닭-산란계,189738,20210227,20210226,98
경기도 포천시 영중면 거사리,닭-산란계,134000,20150126,20150122,98
경기도 포천시 영중면 성동리,닭-산란계,43000,20161222,20161216,98
경기도 포천시 이동면 노곡리,닭-산란계,106503,20170127,20170124,98
경기도 포천시 일동면 길명리,닭-토종닭,1135,20150428,20150424,98
경기도 포천시 창수면 주원리,닭-산란계,160000,20210208,20210207,98
경기도 포천시 창수면 주원리,닭-산란계,130000,20161224,20161219,98
경기도 포천시 창수면 주원리,닭-산란계,331778,20161218,20161212,98
경기도 포천시 창수면 추동리,닭-백세미,48000,20150423,20150420,98
경기도 포천시 창수면 추동리,닭-토종닭,11000,20150423,20150420,98
경기도 포천시 화현면 지현리,닭-산란계,15000,20170202,20170124,98
경기도 화성시 남양읍 신남리,닭-산란계,90000,20201217,20201216,119
경기도 화성시 남양읍 온석리,닭-육계,60000,20170109,20170103,119
경기도 화성시 남양읍 온석리,닭-산란계,48000,20170105,20170101,119
경기도 화성시 남양읍 온석리,닭-산란계,300000,20170105,20170101,119
경기도 화성시 남양읍 온석리,닭-산란계,154800,20140228,20140227,119
경기도 화성시 남양읍 장덕리,닭-육계,41268,20170114,20170108,119
경기도 화성시 마도면 청원리,닭-토종닭,30000,20170125,20170121,119
경기도 화성시 서신면 전곡리,닭-종계,18000,20140130,20140128,119
경기도 화성시 양감면 사창리,닭-산란계,602000,20210124,20210123,119
경기도 화성시 양감면 사창리,닭-산란계,14000,20161214,20161207,119
경기도 화성시 양감면 사창리,닭-종계,23286,20161201,20161129,119
경기도 화성시 온석동,오리-육용오리,6452,20140212,20140211,119
경기도 화성시 온석동,닭-종계,17000,20140211,20140209,119
경기도 화성시 온석동,닭-육계,27000,20140211,20140206,119
경기도 화성시 우정읍 매향리,닭-산란계,46000,20161220,20161216,119
경기도 화성시 팔탄면 구장리,닭-산란계,150000,20210218,20210217,119
경기도 화성시 팔탄면 구장리,닭-산란계,147700,20180127,20180126,119
경기도 화성시 팔탄면 서근리,오리-종오리,8000,20110210,20110210,119
경기도 화성시 팔탄면 율암리,닭-산란계,29835,20170125,20170120,119
경기도 화성시 팔탄면 율암리,오리-육용오리,9200,20140211,20140207,119
경기도 화성시 팔탄면 율암리,닭-산란계,26100,20140217,20140214,119
경기도 화성시 향남읍 상신리,닭-산란계,310000,20201223,20201222,119
경상남도 거창군 가조면 동례리,오리-육용오리,20400,20210110,20210109,284
경상남도 고성군 거류면 은월리,닭-토종닭,850,20170613,20170610,162
경상남도 고성군 거류면 은월리,개-기타,3,20150201,20150123,162
경상남도 고성군 거류면 은월리,오리-육용오리,14000,20150124,20150119,162
경상남도 고성군 대가면 갈천리,닭-토종닭,131,20170613,20170609,162
경상남도 고성군 마암면 두호리,오리-육용오리,11000,20161229,20161225,162
경상남도 고성군 마암면 삼락리,오리-육용오리,14000,20210115,20210112,162
경상남도 고성군 마암면 삼락리,오리-육용오리,9800,20210115,20210112,162
경상남도 고성군 마암면 삼락리,오리-육용오리,18500,20210115,20210112,162
경상남도 고성군 마암면 삼락리,오리-육용오리,10500,20210112,20210111,162
경상남도 고성군 마암면 삼락리,오리-육용오리,15000,20161231,20161226,162
경상남도 밀양시 초동면 덕산리,닭-토종닭,9400,20140130,20140128,288
경상남도 양산시 동면 내송리,닭-토종닭,150,20110224,20110224,257
경상남도 양산시 명곡동,닭-토종닭,20,20141222,20141211,257
경상남도 양산시 상북면 상삼리,닭-산란계,59905,20080514,20080514,288
경상남도 양산시 상북면 상삼리,닭-산란계,59905,20080513,20080513,288
경상남도 양산시 상북면 좌삼리,닭-산란계,53397,20161226,20161225,257
경상남도 양산시 원동면 화제리,닭-토종닭,441,20170607,20170603,257
경상남도 양산시 하북면 백록리,닭-산란계,17000,20040113,20040113,288
경상남도 진주시 수곡면 대천리,오리-육용오리,22000,20210109,20210108,192
경상남도 통영시 도산면 오륜리,칠면조-비분류,4651,20210219,20210218,162
경상남도 하동군 옥종면 문암리,오리-육용오리,13100,20210118,20210116,192
경상남도 하동군 옥종면 문암리,오리-육용오리,15900,20210116,20210114,192
경상남도 하동군 적량면 고절리,닭-산란계,3500,20140415,20140411,192
경상남도 하동군 진교면 고이리,오리-육용오리,3151,20170302,20170227,192
경상북도 경산시 갑제동,닭-기타,14700,20080513,20080513,281
경상북도 경산시 갑제동,닭-기타,14700,20080514,20080514,281
경상북도 경주시 내남면 이조리,메추리-비분류,10900,20210101,20201231,283
경상북도 경주시 산내면 대현리,닭-토종닭,130,20141201,20141124,283
경상북도 경주시 안강읍 육통리,닭-산란계,10650,20031224,20031224,138
경상북도 경주시 안강읍 육통리,닭-산란계,10650,20031221,20031221,138
경상북도 경주시 안강읍 육통리,닭-산란계,144000,20031224,20031224,138
경상북도 경주시 안강읍 육통리,닭-산란계,144000,20031224,20031224,138
경상북도 경주시 천북면 신당리,닭-산란계,8000,20201226,20201225,283
경상북도 경주시 천북면 신당리,닭-산란계,30000,20140312,20140307,283
경상북도 경주시 천북면 화산리,닭-산란계,60000,20140312,20140310,283
경상북도 구미시 선산읍 죽장리,닭-삼계,28000,20201215,20201214,279
경상북도 문경시 농암면 사현리,닭-산란계,38000,20210113,20210112,273
경상북도 상주시 공성면 무곡리,닭-산란계,188000,20201202,20201201,137
경상북도 성주군 용암면 덕평리,닭-산란계,201000,20110123,20110123,279
경상북도 영주시 장수면 호문리,오리-종오리,7200,20210217,20210215,272
경상북도 영천시 서산동,닭-산란계,18000,20110322,20110322,281
경상북도 영천시 오미동,닭-기타,66,20080501,20080501,281
경상북도 영천시 오미동,닭-기타,66,20080501,20080501,281
경상북도 영천시 오수동,닭-산란계,13200,20110406,20110406,281
경상북도 포항시 북구 청하면 신흥리,닭-산란계,240000,20210131,20210130,138
광주광역시 광산구 신창동,오리-육용오리,10298,20150927,20150922,156
광주광역시 북구 우산동,오리-육용오리,28,20150921,20150916,156
대구광역시 달성군 옥포면 본리리,닭-토종닭,50,20140619,20140616,143
대구광역시 동구 도동,닭-토종닭,160,20170623,20170621,143
대구광역시 수성구 만촌동,닭-육계,6,20080502,20080502,143
대구광역시 수성구 만촌동,닭-육계,6,20080502,20080502,143
부산광역시 강서구 대저1동,오리-육용오리,229,20080507,20080507,159
부산광역시 강서구 대저2동,닭-토종닭,880,20150121,20150113,159
부산광역시 강서구 대저2동,관상조류-기러기,880,20150121,20150113,159
부산광역시 기장군 일광면 삼성리,닭-토종닭,24,20161216,20161215,159
부산광역시 기장군 일광면 용천리,닭-토종닭,18,20170609,20170607,159
부산광역시 기장군 장안읍 오리,닭-토종닭,6000,20170607,20170604,159
부산광역시 기장군 장안읍 장안리,닭-기타,320,20080510,20080510,159
부산광역시 해운대구 반여동,닭-기타,26,20080510,20080510,159
서울특별시 광진구 자양동,닭-산란계,85,20080506,20080506,108
서울특별시 광진구 자양동,닭-산란계,85,20080505,20080505,108
서울특별시 송파구 장지동,오리-기타,9653,20080511,20080511,108
서울특별시 송파구 장지동,오리-기타,9653,20080511,20080511,108
세종특별자치시 부강면 등곡리,닭-산란계,140000,20210105,20210104,239
세종특별자치시 부강면 등곡리,닭-산란계,70000,20161208,20161206,133
세종특별자치시 부강면 등곡리,닭-산란계,70000,20140314,20140310,133
세종특별자치시 소정면 고등리,닭-토종닭,49000,20161228,20161225,133
세종특별자치시 소정면 고등리,닭-산란계,318000,20161217,20161215,133
세종특별자치시 소정면 고등리,닭-산란계,37000,20161214,20161212,133
세종특별자치시 소정면 고등리,닭-산란계,311500,20140307,20140303,133
세종특별자치시 소정면 대곡리,닭-산란계,60500,20161229,20161226,133
세종특별자치시 소정면 대곡리,닭-산란계,210000,20161217,20161214,133
세종특별자치시 소정면 대곡리,닭-산란계,104400,20161217,20161214,133
세종특별자치시 소정면 대곡리,닭-산란계,110000,20161215,20161213,133
세종특별자치시 소정면 대곡리,닭-산란계,25000,20161214,20161212,133
세종특별자치시 소정면 대곡리,닭-산란계,30600,20140314,20140312,133
세종특별자치시 소정면 소정리,닭-산란계,130800,20140328,20140325,133
세종특별자치시 연동면 문주리,닭-산란계,400000,20161214,20161212,133
세종특별자치시 연동면 응암리,닭-토종닭,1000,20161207,20161205,133
세종특별자치시 연서면 봉암리,닭-산란계,102000,20161222,20161220,133
세종특별자치시 전동면 노장리,닭-산란계,79700,20161220,20161218,133
세종특별자치시 전동면 보덕리,닭-산란계,700000,20161128,20161126,133
세종특별자치시 전동면 심중리,오리-육용오리,7500,20161203,20161201,133
세종특별자치시 전의면 유천리,닭-산란계,94000,20161216,20161214,133
세종특별자치시 전의면 유천리,닭-산란계,150000,20161214,20161212,133
울산광역시 남구 상개동,닭-토종닭,236,20170607,20170605,152
울산광역시 남구 상개동,닭-토종닭,91,20150216,20150211,152
울산광역시 남구 상개동,닭-토종닭,73,20150216,20150211,152
울산광역시 울주군 상북면 명촌리,닭-육계,3610,20031227,20031227,152
울산광역시 울주군 상북면 명촌리,닭-육계,3610,20031227,20031227,152
울산광역시 울주군 서생면 나사리,닭-토종닭,7000,20140430,20140423,152
울산광역시 울주군 언양읍 다개리,닭-토종닭,15,20170607,20170605,152
울산광역시 울주군 온산읍 삼평리,닭-토종닭,24,20170607,20170605,152
울산광역시 울주군 웅촌면,닭-기타,120,20080501,20080501,152
인천광역시 서구 공촌동,닭-토종닭,30,20161228,20161226,112
인천광역시 옹진군 영흥면 내리,야생조류-큰기러기,1,20140208,20140201,112
전라남도 강진군 강진읍 덕남리,닭-기타,60,20150928,20150921,259
전라남도 강진군 도암면 석문리,오리-종오리,8000,20170309,20170306,259
전라남도 강진군 도암면 석문리,오리-육용오리,22400,20170307,20170305,259
전라남도 강진군 도암면 석문리,오리-육용오리,40000,20170309,20170306,259
전라남도 강진군 성전면 금당리,오리-종오리,5900,20180111,20180110,259
전라남도 강진군 성전면 금당리,오리-종오리,16800,20170313,20170309,259
전라남도 강진군 성전면 금당리,오리-종오리,15000,20150513,20150428,259
전라남도 강진군 성전면 금당리,오리-육용오리,1,20140507,20140504,259
전라남도 강진군 신전면 송천리,오리-육용오리,8800,20170228,20170226,259
전라남도 강진군 작천면 갈동리,오리-종오리,22000,20180105,20180104,259
전라남도 강진군 칠량면 삼흥리,오리-육용오리,6850,20150918,20150914,259
전라남도 고흥군 도덕면 용동리,오리-육용오리,31000,20110227,20110227,262
전라남도 고흥군 동강면 매곡리,오리-육용오리,8300,20180103,20180101,262
전라남도 고흥군 동강면 매곡리,오리-육용오리,17000,20171228,20171226,262
전라남도 곡성군 겸면 현정리,오리-육용오리,12000,20141117,20141107,174
전라남도 곡성군 곡성읍 대평리,오리-육용오리,20000,20201230,20201229,174
전라남도 곡성군 석곡면 당월리,오리-육용오리,25000,20170328,20170324,174
전라남도 곡성군 석곡면 석곡리,오리-육용오리,1,20141001,20140926,174
전라남도 곡성군 옥과면 리문리,닭-토종닭,1,20140930,20140926,174
전라남도 곡성군 옥과면 리문리,오리-육용오리,1,20140731,20140725,174
전라남도 구례군 용방면 신도리,오리-육용오리,16000,20201225,20201223,174
전라남도 구례군 용방면 신도리,오리-육용오리,7200,20161219,20161217,174
전라남도 구례군 용방면 신도리,오리-육용오리,8000,20150202,20150129,174
전라남도 구례군 용방면 신도리,오리-육용오리,17400,20150221,20150216,174
전라남도 구례군 용방면 신도리,오리-육용오리,12700,20150202,20150128,174
전라남도 구례군 용방면 신도리,오리-육용오리,9000,20150202,20150128,174
전라남도 구례군 용방면 용강리,오리-육용오리,15000,20150317,20150306,174
전라남도 구례군 용방면 용정리,오리-육용오리,16500,20201227,20201223,174
전라남도 구례군 용방면 용정리,오리-육용오리,12000,20150306,20150227,174
전라남도 구례군 용방면 용정리,오리-육용오리,11500,20150306,20150227,174
전라남도 구례군 용방면 중방리,오리-육용오리,9000,20150201,20150129,174
전라남도 구례군 용방면 중방리,오리-육용오리,7600,20150201,20150129,174
전라남도 나주시 공산면 가송리,닭-산란계,64500,20140408,20140406,156
전라남도 나주시 공산면 가송리,오리-종오리,12000,20140328,20140326,156
전라남도 나주시 공산면 남창리,오리-종오리,4600,20110107,20110107,156
전라남도 나주시 공산면 동촌리,오리-육용오리,61000,20140328,20140326,156
전라남도 나주시 공산면 중포리,오리-종오리,23000,20171230,20171228,156
전라남도 나주시 공산면 중포리,오리-종오리,25000,20161201,20161128,156
전라남도 나주시 공산면 중포리,오리-종오리,27000,20140328,20140326,156
전라남도 나주시 남평읍 광이리,오리-육용오리,34000,20110107,20110107,156
전라남도 나주시 남평읍 상곡리,오리-종오리,4928,20161212,20161210,156
전라남도 나주시 남평읍 상곡리,오리-종오리,13415,20161212,20161210,156
전라남도 나주시 남평읍 우산리,오리-육용오리,16500,20161219,20161216,156
전라남도 나주시 남평읍 풍림리,오리-육용오리,10000,20141017,20141011,156
전라남도 나주시 노안면 영평리,오리-종오리,3000,20140316,20140313,156
전라남도 나주시 노안면 오정리,오리-육용오리,8000,20150918,20150914,156
전라남도 나주시 노안면 오정리,오리-육용오리,1,20141217,20141213,156
전라남도 나주시 동강면 양지리,오리-육용오리,13700,20140403,20140402,156
전라남도 나주시 동강면 장동리,오리-육용오리,22800,20201210,20201209,156
전라남도 나주시 동강면 장동리,오리-종오리,11300,20161215,20161210,156
전라남도 나주시 동강면 장동리,오리-종오리,16380,20161209,20161207,156
전라남도 나주시 동강면 장동리,오리-종오리,6000,20140321,20140316,156
전라남도 나주시 동강면 장동리,오리-육용오리,15000,20110108,20110108,156
전라남도 나주시 문평면 옥당리,닭-육계,88000,20110111,20110111,156
전라남도 나주시 반남면 덕산리,오리-육용오리,19000,20170102,20161230,156
전라남도 나주시 반남면 흥덕리,오리-종오리,12000,20210212,20210211,156
전라남도 나주시 반남면 흥덕리,오리-육용오리,12000,20161227,20161223,156
전라남도 나주시 반남면 흥덕리,오리-종오리,16000,20161227,20161223,156
전라남도 나주시 반남면 흥덕리,오리-종오리,5050,20161224,20161222,156
전라남도 나주시 반남면 흥덕리,오리-육용오리,16000,20151103,20151023,156
전라남도 나주시 반남면 흥덕리,오리-육용오리,18000,20140316,20140313,156
전라남도 나주시 반남면 흥덕리,오리-육용오리,9000,20140316,20140313,156
전라남도 나주시 반남면 흥덕리,오리-육용오리,18000,20140316,20140313,156
전라남도 나주시 반남면 흥덕리,오리-육용오리,1,20140316,20140313,156
전라남도 나주시 반남면 흥덕리,오리-종오리,5000,20140316,20140313,156
전라남도 나주시 반남면 흥덕리,오리-육용오리,16000,20140630,20140626,156
전라남도 나주시 반남면 흥덕리,오리-종오리,13536,20140314,20140310,156
전라남도 나주시 반남면 흥덕리,오리-육용오리,10000,20140314,20140310,156
전라남도 나주시 봉황면 옥산리,닭-산란계,214000,20210311,20210310,156
전라남도 나주시 산포면 내기리,오리-육용오리,15000,20170316,20170314,156
전라남도 나주시 산포면 덕례리,오리-육용오리,8370,20141028,20141028,156
전라남도 나주시 산포면 덕례리,오리-육용오리,16700,20141029,20141027,156
전라남도 나주시 산포면 덕례리,오리-육용오리,13600,20110111,20110111,156
전라남도 나주시 산포면 등수리,오리-육용오리,19000,20210324,20210323,156
전라남도 나주시 산포면 등수리,오리-육용오리,16500,20180109,20180107,156
전라남도 나주시 산포면 등수리,오리-육용오리,5200,20141027,20141017,156
전라남도 나주시 산포면 매성리,오리,14900,20031225,20031225,156
전라남도 나주시 산포면 매성리,오리,14900,20031221,20031221,156
전라남도 나주시 산포면 화지리,오리-육용오리,5000,20110111,20110111,156
전라남도 나주시 세지면 동곡리,오리-육용오리,32000,20110107,20110107,156
전라남도 나주시 세지면 성산리,오리-육용오리,12700,20110107,20110107,188
전라남도 나주시 세지면 오봉리,오리-육용오리,14400,20150212,20150209,156
전라남도 나주시 세지면 오봉리,오리-종오리,12000,20140128,20140125,156
전라남도 나주시 세지면 죽동리,오리-육용오리,32000,20201209,20201207,156
전라남도 나주시 세지면 죽동리,오리-육용오리,19300,20150202,20150130,156
전라남도 나주시 세지면 죽동리,오리-육용오리,22000,20150130,20150127,156
전라남도 나주시 세지면 죽동리,오리-육용오리,18000,20150130,20150127,156
전라남도 나주시 세지면 죽동리,오리-육용오리,14000,20150202,20150128,156
전라남도 나주시 세지면 죽동리,오리-육용오리,14000,20150131,20150128,156
전라남도 나주시 세지면 죽동리,오리-육용오리,18000,20150131,20150128,156
전라남도 나주시 세지면 죽동리,오리-육용오리,14800,20150202,20150127,156
전라남도 나주시 왕곡면 화정리,오리-육용오리,26000,20170109,20170104,156
전라남도 담양군 담양읍 담주리,오리-육용오리,4,20150921,20150916,156
전라남도 담양군 담양읍 만성리,오리-기타,11,20150927,20150920,156
전라남도 담양군 담양읍 만성리,오리-육용오리,30,20141017,20141006,156
전라남도 담양군 담양읍 반룡리,오리-육용오리,11000,20110224,20110224,156
전라남도 담양군 대전면 대치리,오리-육용오리,14000,20140524,20140523,156
전라남도 담양군 봉산면 대추리,오리-육용오리,1,20140522,20140516,156
전라남도 담양군 용면 쌍태리,닭-토종닭,20,20141001,20141001,156
전라남도 무안군 망운면 피서리,오리-종오리,14500,20170112,20170110,165
전라남도 무안군 몽탄면 학산리,오리-육용오리,9000,20170313,20170310,165
전라남도 무안군 삼향읍 왕산리,닭-산란계,96500,20210123,20210122,165
전라남도 무안군 일로읍 감돈리,오리-육용오리,25150,20150116,20150106,165
전라남도 무안군 일로읍 월암리,닭-토종닭,1,20141001,20140927,165
전라남도 무안군 일로읍 월암리,오리-육용오리,19,20141007,20140927,165
전라남도 무안군 일로읍 의산리,오리-육용오리,21700,20161122,20161119,165
전라남도 무안군 일로읍 죽산리,오리-육용오리,13200,20150121,20150119,165
전라남도 무안군 일로읍 지장리,오리-육용오리,11000,20210113,20210107,165
전라남도 무안군 일로읍 지장리,오리-육용오리,8500,20170317,20170315,165
전라남도 무안군 일로읍 지장리,닭-일괄,32,20150114,20150110,165
전라남도 무안군 일로읍 지장리,오리-종오리,8600,20150114,20150111,165
전라남도 무안군 청계면 남성리,닭-산란계,77900,20210102,20210101,165
전라남도 무안군 현경면 외반리,오리-육용오리,18000,20170107,20170105,165
전라남도 무안군 현경면 해운리,오리-육용오리,1,20141101,20141029,165
전라남도 무안군 현경면 현화리,오리-육용오리,10600,20140619,20140616,165
전라남도 보성군 겸백면 수남리,오리-종오리,9000,20210116,20210115,258
전라남도 보성군 겸백면 수남리,닭-토종닭,400,20141119,20141111,258
전라남도 보성군 노동면 명봉리,오리-종오리,14000,20110120,20110120,258
전라남도 순천시 낙안면 검암리,오리-육용오리,18500,20140304,20140227,174
전라남도 신안군 암태면 기동리,야생오리-청둥오리,0,20140131,20140127,165
전라남도 신안군 압해읍 신장리,야생조류-기타,0,20140217,20140127,165
전라남도 여수시 만흥동,닭-토종닭,20,20110112,20110112,168
전라남도 영광군 묘량면 덕흥리,닭-산란계,198000,20140312,20140307,252
전라남도 영광군 묘량면 영양리,오리-종오리,19700,20140304,20140226,252
전라남도 영광군 홍농읍 신석리,오리-종오리,5400,20140228,20140222,252
전라남도 영암군 군서면 양장리,오리-육용오리,10300,20140628,20140626,260
전라남도 영암군 군서면 양장리,오리-육용오리,2000,20140217,20140213,260
전라남도 영암군 군서면 해창리,오리-육용오리,12000,20110111,20110111,260
전라남도 영암군 덕진면 금강리,오리-종오리,11500,20150613,20150611,260
전라남도 영암군 덕진면 노송리,오리-육용오리,20700,20210108,20210106,260
전라남도 영암군 덕진면 용산리,오리-육용오리,15500,20201213,20201211,260
전라남도 영암군 덕진면 용산리,오리-육용오리,35000,20201213,20201211,260
전라남도 영암군 덕진면 용산리,오리-육용오리,33800,20150520,20150518,260
전라남도 영암군 덕진면 용산리,오리-육용오리,24000,20140216,20140214,260
전라남도 영암군 덕진면 장선리,오리-종오리,9700,20171227,20171226,260
전라남도 영암군 덕진면 장선리,오리-종오리,8000,20150526,20150520,260
전라남도 영암군 덕진면 장선리,오리-종오리,10000,20140130,20140128,260
전라남도 영암군 덕진면 장선리,오리-종오리,20600,20110120,20110120,260
전라남도 영암군 도포면 구학리,오리-육용오리,24300,20151114,20151114,260
전라남도 영암군 도포면 구학리,오리-육용오리,22100,20151113,20151113,260
전라남도 영암군 도포면 구학리,오리-육용오리,19500,20151027,20151030,260
전라남도 영암군 도포면 구학리,오리-육용오리,15000,20140930,20140925,260
전라남도 영암군 도포면 구학리,오리-육용오리,22400,20140929,20140924,260
전라남도 영암군 도포면 구학리,오리-육용오리,14200,20140929,20140924,260
전라남도 영암군 도포면 구학리,오리-육용오리,13400,20140929,20140924,260
전라남도 영암군 도포면 구학리,오리-육용오리,24000,20110109,20110109,260
전라남도 영암군 도포면 덕화리,닭-산란계,27000,20140211,20140206,260
전라남도 영암군 도포면 영호리,오리-육용오리,24000,20151115,20151115,260
전라남도 영암군 도포면 영호리,오리-육용오리,15864,20151026,20151026,260
전라남도 영암군 도포면 원항리,오리-육용오리,11200,20110109,20110109,260
전라남도 영암군 삼호읍 용당리,야생조류-기타,0,20140217,20140129,260
전라남도 영암군 삼호읍 용당리,야생오리-청둥오리,0,20140213,20140129,260
전라남도 영암군 시종면 금지리,오리-육용오리,15000,20151023,20151023,260
전라남도 영암군 시종면 금지리,오리-육용오리,12000,20140224,20140222,260
전라남도 영암군 시종면 금지리,오리-육용오리,300,20140224,20140220,260
전라남도 영암군 시종면 봉소리,오리-육용오리,35000,20171230,20171228,260
전라남도 영암군 시종면 봉소리,오리-육용오리,16200,20141013,20141007,260
전라남도 영암군 시종면 봉소리,오리-육용오리,25900,20141007,20140930,260
전라남도 영암군 시종면 봉소리,오리-육용오리,16500,20140322,20140305,260
전라남도 영암군 시종면 봉소리,오리-육용오리,14500,20110105,20110105,260
전라남도 영암군 시종면 신연리,오리-육용오리,20000,20110107,20110107,260
전라남도 영암군 시종면 신연리,오리-육용오리,10600,20110107,20110107,260
전라남도 영암군 시종면 신연리,오리-육용오리,32300,20110107,20110107,260
전라남도 영암군 시종면 신학리,오리-육용오리,9800,20201205,20201204,260
전라남도 영암군 시종면 신학리,오리-육용오리,21000,20171221,20171219,260
전라남도 영암군 시종면 신학리,오리-종오리,7500,20141007,20141002,260
전라남도 영암군 시종면 신학리,오리-육용오리,29700,20141017,20141012,260
전라남도 영암군 시종면 신학리,오리-종오리,5400,20140307,20140302,260
전라남도 영암군 시종면 신흥리,오리-종오리,8000,20210206,20210204,260
전라남도 영암군 시종면 신흥리,오리-육용오리,1,20141202,20141128,260
전라남도 영암군 시종면 옥야리,오리-육용오리,18000,20141013,20141006,260
전라남도 영암군 시종면 옥야리,오리-종오리,12500,20140324,20140320,260
전라남도 영암군 시종면 와우리,오리-육용오리,15000,20141017,20141012,260
전라남도 영암군 시종면 월롱리,오리-육용오리,17000,20161227,20161223,260
전라남도 영암군 시종면 월롱리,오리-육용오리,1,20141010,20141007,260
전라남도 영암군 시종면 월롱리,오리-육용오리,18300,20141013,20141005,260
전라남도 영암군 신북면 월지리,오리-육용오리,15000,20151027,20151027,260
전라남도 영암군 신북면 월지리,오리-육용오리,26700,20151027,20151028,260
전라남도 영암군 신북면 월지리,오리-육용오리,27200,20151018,20151019,260
전라남도 영암군 신북면 월지리,오리-육용오리,8000,20150601,20150529,260
전라남도 영암군 신북면 월지리,오리-육용오리,19400,20150601,20150528,260
전라남도 영암군 신북면 월지리,오리-육용오리,49600,20140929,20140925,260
전라남도 영암군 신북면 월지리,오리-육용오리,22000,20140929,20140925,260
전라남도 영암군 신북면 월지리,오리-육용오리,43000,20140224,20140220,260
전라남도 영암군 신북면 월지리,오리-육용오리,21000,20110109,20110109,260
전라남도 영암군 신북면 월지리,닭-산란계,17800,20080412,20080412,260
전라남도 영암군 신북면 월지리,닭-산란계,17800,20080412,20080412,260
전라남도 영암군 신북면 월평리,오리-육용오리,13000,20170103,20161231,260
전라남도 영암군 신북면 유곡리,오리-산란오리,11830,20171211,20171210,260
전라남도 영암군 신북면 행정리,오리-육용오리,33300,20150608,20150605,260
전라남도 영암군 영암읍 송평리,오리-종오리,4200,20140213,20140211,260
전라남도 장성군 남면 마령리,닭-산란계,2000,20161203,20161201,156
전라남도 장성군 삼계면 상도리,오리-종오리,8000,20201211,20201210,156
전라남도 장흥군 부산면 기동리,오리-육용오리,8800,20170318,20170315,260
전라남도 장흥군 부산면 기동리,오리-육용오리,13400,20170318,20170315,260
전라남도 장흥군 부산면 기동리,오리-육용오리,8500,20170317,20170315,260
전라남도 장흥군 부산면 호계리,오리-육용오리,19500,20140328,20140320,260
전라남도 장흥군 용산면 풍길리,오리-육용오리,22400,20170402,20170329,260
전라남도 장흥군 용산면 풍길리,오리-육용오리,10500,20170325,20170322,260
전라남도 장흥군 용산면 풍길리,오리-육용오리,22500,20170324,20170322,260
전라남도 장흥군 장평면 기동리,오리-육용오리,11800,20210323,20210322,260
전라남도 장흥군 장평면 기동리,오리-육용오리,20000,20210322,20210321,260
전라남도 장흥군 장평면 기동리,오리-육용오리,20000,20110111,20110111,260
전라남도 장흥군 장평면 양촌리,오리-육용오리,9500,20210407,20210406,260
전라남도 장흥군 장평면 양촌리,오리-육용오리,15500,20210407,20210406,260
전라남도 장흥군 장평면 청용리,오리-육용오리,13375,20141026,20141026,260
전라남도 장흥군 장평면 청용리,오리-육용오리,12000,20141029,20141024,260
전라남도 장흥군 회진면 회진리,오리-육용오리,14500,20180111,20180110,260
전라남도 진도군 의신면 창포리,오리-종오리,14043,20161224,20161222,268
전라남도 함평군 나산면 삼축리,오리-육용오리,12000,20210125,20210124,252
전라남도 함평군 신광면 가덕리,오리-육용오리,7000,20140224,20140220,252
전라남도 함평군 월야면 외치리,오리-종오리,5000,20140315,20140315,252
전라남도 함평군 월야면 외치리,오리-육용오리,1,20140727,20140725,252
전라남도 함평군 월야면 외치리,관상조류-기러기,7500,20140806,20140731,252
전라남도 함평군 월야면 외치리,오리-육용오리,30000,20140731,20140728,252
전라남도 함평군 월야면 외치리,오리-종오리,36000,20140321,20140314,252
전라남도 해남군 마산면 송석리,오리-육용오리,23000,20170223,20170221,261
전라남도 해남군 마산면 송석리,오리-육용오리,15700,20170225,20170221,261
전라남도 해남군 마산면 송석리,오리-육용오리,13500,20140219,20140214,261
전라남도 해남군 산이면 금송리,닭-산란계,40000,20161117,20161116,261
전라남도 해남군 송지면 마봉리,오리-종오리,12500,20140126,20140124,261
전라남도 해남군 화산면 관동리,오리-육용오리,13700,20170101,20161230,261
전라남도 화순군 북면 송단리,닭-토종닭,40,20141029,20141027,258
전라남도 화순군 청풍면 대비리,오리-육용오리,9000,20110109,20110109,258
전라북도 고창군 고수면 봉산리,오리-육용오리,10000,20210101,20201230,251
전라북도 고창군 고수면 인성리,오리-육용오리,11900,20140415,20140411,251
전라북도 고창군 고수면 장두리,오리-육용오리,8000,20140416,20140414,251
전라북도 고창군 고수면 장두리,닭-산란계,30000,20140422,20140418,251
전라북도 고창군 무장면 목우리,오리-육용오리,15800,20170309,20170305,251
전라북도 고창군 부안면 운양리,오리-육용오리,12000,20140125,20140123,251
전라북도 고창군 성내면 신성리,야생오리-가창오리,0,20140122,20140119,251
전라북도 고창군 성내면 신성리,야생조류-큰기러기,0,20140122,20140119,251
전라북도 고창군 성내면 신성리,야생조류-큰기러기,0,20140125,20140121,251
전라북도 고창군 성내면 신성리,야생오리-가창오리,0,20140125,20140122,251
전라북도 고창군 성내면 신성리,야생오리-가창오리,0,20140120,20140117,251
전라북도 고창군 성내면 신성리,야생조류-물닭,0,20140127,20140122,251
전라북도 고창군 성내면 신성리,야생조류-큰기러기,0,20140123,20140120,251
전라북도 고창군 성내면 신성리,야생오리-가창오리,0,20140124,20140121,251
전라북도 고창군 성내면 신성리,야생오리-가창오리,0,20140124,20140120,251
전라북도 고창군 성송면 학천리,오리-육용오리,8000,20170313,20170308,251
전라북도 고창군 신림면 무림리,오리-육용오리,12000,20161213,20161208,251
전라북도 고창군 신림면 무림리,오리-종오리,20000,20140116,20140116,251
전라북도 고창군 신림면 벽송리,오리-육용오리,10000,20140122,20140120,251
전라북도 고창군 아산면 반암리,메추리,100000,20110124,20110124,251
전라북도 고창군 아산면 성산리,오리-육용오리,36000,20210128,20210127,251
전라북도 고창군 아산면 성산리,닭-산란계,81000,20170306,20170302,251
전라북도 고창군 아산면 성산리,오리-육용오리,13000,20170304,20170225,251
전라북도 고창군 아산면 성산리,오리-육용오리,10000,20170228,20170224,251
전라북도 고창군 아산면 학전리,오리-육용오리,17800,20210130,20210128,251
전라북도 고창군 아산면 학전리,오리-육용오리,15000,20170302,20170225,251
전라북도 고창군 아산면 학전리,오리-육용오리,15000,20170302,20170225,251
전라북도 고창군 해리면 사반리,오리-육용오리,11200,20140121,20140121,251
전라북도 고창군 해리면 왕촌리,오리-종오리,5,20140127,20140124,251
전라북도 고창군 흥덕면 사천리,오리-육용오리,25680,20201217,20201216,251
전라북도 고창군 흥덕면 사천리,오리-육용오리,20000,20140125,20140123,251
전라북도 고창군 흥덕면 용반리,오리-육용오리,16000,20140122,20140120,251
전라북도 고창군 흥덕면 치룡리,오리-육용오리,12300,20171119,20171117,251
전라북도 군산시 나포면 나포리,야생오리-가창오리,0,20140124,20140121,140
전라북도 군산시 서수면 마룡리,오리-육용오리,7000,20150306,20150224,140
전라북도 군산시 서수면 축동리,닭-토종닭,15300,20170606,20170603,140
전라북도 군산시 옥구읍 옥정리,닭-토종닭,6,20170611,20170607,140
전라북도 군산시 옥산면 남내리,닭-토종닭,15,20170613,20170609,140
전라북도 군산시 옥산면 쌍봉리,닭-토종닭,5,20170613,20170607,140
전라북도 군산시 옥산면 옥산리,닭-토종닭,4,20170613,20170607,140
전라북도 군산시 회현면 월연리,닭-토종닭,31,20170613,20170608,140
전라북도 김제시 공덕면 공덕리,닭-산란계,110000,20170209,20170206,146
전라북도 김제시 공덕면 동계리,오리-육용오리,12000,20140224,20140220,146
전라북도 김제시 공덕면 마현리,메추리,290000,20061211,20061211,146
전라북도 김제시 공덕면 회룡리,오리-육용오리,23000,20210116,20210115,146
전라북도 김제시 공덕면 회룡리,오리-육용오리,25000,20161216,20161213,146
전라북도 김제시 금구면 낙성리,오리-육용오리,10500,20141119,20141114,146
전라북도 김제시 금구면 용지리,오리-육용오리,16700,20161124,20161121,146
전라북도 김제시 금구면 용지리,오리-종오리,12000,20141117,20141107,146
전라북도 김제시 금구면 용지리,오리-육용오리,12000,20141124,20141119,146
전라북도 김제시 금구면 하신리,닭-기타,35000,20080423,20080423,146
전라북도 김제시 금산면 청도리,닭-기타,920,20080417,20080417,146
전라북도 김제시 만경읍 대동리,오리-육용오리,3100,20210117,20210116,146
전라북도 김제시 백구면 마산리,닭-기타,15750,20080418,20080418,146
전라북도 김제시 용지면 구암리,닭-산란계,20000,20080418,20080418,146
전라북도 김제시 용지면 반교리,오리-종오리,7380,20140219,20140216,146
전라북도 김제시 용지면 신정리,닭-산란계,20000,20161226,20161222,146
전라북도 김제시 용지면 신정리,닭-산란계,65000,20150401,20150331,146
전라북도 김제시 용지면 신정리,닭-산란계,9000,20150414,20150412,146
전라북도 김제시 용지면 신정리,닭-산란계,15000,20150408,20150406,146
전라북도 김제시 용지면 용수리,닭-산란계,150000,20161224,20161220,146
전라북도 김제시 용지면 용수리,닭-비분류,20000,20161227,20161223,146
전라북도 김제시 용지면 용수리,닭-산란계,11000,20150401,20150331,146
전라북도 김제시 용지면 용수리,닭-산란계,18000,20150401,20150328,146
전라북도 김제시 용지면 용수리,닭-산란계,10000,20150401,20150326,146
전라북도 김제시 용지면 용수리,닭-산란계,14000,20150408,20150401,146
전라북도 김제시 용지면 용수리,닭-산란계,9500,20150408,20150403,146
전라북도 김제시 용지면 용수리,닭-산란계,14000,20150408,20150405,146
전라북도 김제시 용지면 용수리,닭-산란계,10500,20080412,20080412,146
전라북도 김제시 용지면 용수리,닭-산란계,10000,20080412,20080412,146
전라북도 김제시 용지면 용수리,닭-산란계,16000,20080412,20080412,146
전라북도 김제시 용지면 용암리,닭-산란계,150570,20080403,20080403,146
전라북도 김제시 용지면 용암리,닭-산란계,40000,20080412,20080412,146
전라북도 김제시 용지면 용암리,닭-산란계,60000,20080412,20080412,146
전라북도 김제시 용지면 장신리,닭-산란계,14000,20150420,20150411,146
전라북도 김제시 용지면 장신리,닭-산란계,15000,20150414,20150410,146
전라북도 김제시 청하면 장산리,오리-육용오리,10000,20140307,20140304,146
전라북도 남원시 사매면 관풍리,오리-육용오리,40000,20201224,20201222,254
전라북도 남원시 주생면 중동리,오리-육용오리,13500,20201225,20201223,254
전라북도 부안군 계화면 양산리,오리-육용오리,26200,20170111,20170106,243
전라북도 부안군 계화면 양산리,오리-육용오리,35000,20140130,20140127,243
전라북도 부안군 계화면 양산리,오리-기타,18100,20140128,20140125,243
전라북도 부안군 동진면 동전리,오리-육용오리,11000,20150209,20150204,243
전라북도 부안군 동진면 동전리,오리-육용오리,17500,20150202,20150126,243
전라북도 부안군 동진면 동전리,오리-육용오리,14000,20140131,20140129,243
전라북도 부안군 주산면 사산리,오리-육용오리,14000,20210210,20210209,243
전라북도 부안군 줄포면 난산리,오리-육용오리,8000,20140127,20140124,243
전라북도 부안군 줄포면 대동리,오리-종오리,10000,20161213,20161208,243
전라북도 부안군 줄포면 신리,오리-육용오리,50100,20210101,20201230,243
전라북도 부안군 줄포면 신리,오리-육용오리,15000,20140121,20140119,243
전라북도 부안군 줄포면 신리,오리-육용오리,8500,20140121,20140119,243
전라북도 부안군 줄포면 신리,오리-육용오리,15000,20140122,20140120,243
전라북도 부안군 줄포면 신리,오리-육용오리,9200,20140118,20140118,243
전라북도 부안군 줄포면 신리,오리-육용오리,6000,20140117,20140117,243
전라북도 부안군 줄포면 우포리,오리-육용오리,19400,20140124,20140122,243
전라북도 부안군 줄포면 장동리,오리-육용오리,7000,20161214,20161209,243
전라북도 부안군 줄포면 장동리,오리-육용오리,28500,20140125,20140123,243
전라북도 부안군 줄포면 줄포리,오리-육용오리,19700,20140122,20140120,243
전라북도 부안군 줄포면 파산리,오리-육용오리,11000,20140127,20140124,243
전라북도 부안군 줄포면 파산리,오리-육용오리,10500,20140127,20140124,243
전라북도 부안군 줄포면 파산리,오리-종오리,2500,20140127,20140124,243
전라북도 부안군 줄포면 파산리,오리-육용오리,7000,20140124,20140123,243
전라북도 부안군 진서면 운호리,오리-종오리,6200,20210105,20210104,243
전라북도 순창군 구림면 화암리,닭-토종닭,7,20170613,20170609,254
전라북도 순창군 동계면 관전리,오리-육용오리,8000,20140307,20140306,254
전라북도 순창군 동계면 현포리,오리-육용오리,9500,20140312,20140309,254
전라북도 순창군 동계면 현포리,오리-육용오리,9000,20080417,20080417,254
전라북도 완주군 구이면 계곡리,닭-토종닭,12,20170611,20170606,146
전라북도 완주군 삼례읍 신금리,닭-토종닭,15,20170613,20170608,146
전라북도 익산시 금강동,닭-토종닭,26,20170613,20170607,140
전라북도 익산시 망성면 무형리,닭-원종계,17000,20101231,20101231,140
전라북도 익산시 망성면 무형리,닭-원종계,17000,20101231,20101231,140
전라북도 익산시 신흥동,오리-종오리,8894,20201230,20201228,140
전라북도 익산시 신흥동,오리-육용오리,9600,20150306,20150226,140
전라북도 익산시 여산면 두여리,닭-원종계,51000,20080423,20080423,140
전라북도 익산시 오산면 장신리,닭-토종닭,13,20170613,20170607,140
전라북도 익산시 오산면 장신리,오리-육용오리,100,20170611,20170607,140
전라북도 익산시 오산면 장신리,닭-토종닭,15,20170608,20170605,140
전라북도 익산시 용동면 대조리,닭-종계,44000,20170309,20170306,140
전라북도 익산시 용동면 대조리,닭-종계,65000,20170302,20170227,140
전라북도 익산시 용동면 화배리,닭-백세미,55000,20170309,20170306,140
전라북도 익산시 용동면 흥왕리,닭-기타,10000,20080423,20080423,140
전라북도 익산시 용안면 칠목리,닭-토종닭,38000,20170405,20170402,140
전라북도 익산시 웅포면 고창리,야생조류-고니,0,20140217,20140206,140
전라북도 익산시 월성동,닭-토종닭,10,20170611,20170607,140
전라북도 익산시 함열읍 다송리,닭-종계,1,20140306,20140305,140
전라북도 익산시 함열읍 석매리,닭-육계,36000,20170325,20170322,140
전라북도 익산시 함열읍 석매리,닭-종계,32000,20170325,20170322,140
전라북도 익산시 함열읍 석매리,닭-종계,19000,20170327,20170323,140
전라북도 익산시 함열읍 석매리,닭-산란계,150000,20170321,20170317,140
전라북도 익산시 함열읍 석매리,닭-원종계,13000,20061125,20061125,140
전라북도 익산시 함열읍 석매리,닭-원종계,13000,20061125,20061125,140
전라북도 익산시 황등면 죽촌리,닭-종계,19000,20170330,20170326,140
전라북도 익산시 황등면 죽촌리,닭-원종계,12240,20061128,20061128,140
전라북도 임실군 관촌면 병암리,닭-토종닭,40,20170613,20170609,244
전라북도 임실군 삼계면 죽계리,닭-토종닭,30,20170613,20170608,244
전라북도 임실군 신덕면 신덕리,닭-토종닭,12,20170613,20170609,244
전라북도 임실군 신덕면 오궁리,닭-토종닭,14,20170611,20170607,244
전라북도 임실군 오수면 대정리,닭-종계,36000,20201215,20201214,244
전라북도 임실군 임실읍 정월리,닭-토종닭,15,20170613,20170609,244
전라북도 임실군 청웅면 옥전리,오리-육용오리,27000,20140129,20140127,244
전라북도 전주시 덕진구 송천동2가,야생조류-백로,0,20140314,20140308,146
전라북도 전주시 덕진구 용정동,닭-토종닭,46,20170611,20170607,146
전라북도 정읍시 고부면 관청리,오리-육용오리,10000,20161213,20161206,245
전라북도 정읍시 고부면 관청리,오리-육용오리,16300,20161209,20161205,245
전라북도 정읍시 고부면 관청리,오리-육용오리,13000,20161209,20161205,245
전라북도 정읍시 고부면 관청리,오리-육용오리,38500,20161209,20161205,245
전라북도 정읍시 고부면 관청리,오리-육용오리,10000,20150326,20150320,245
전라북도 정읍시 고부면 관청리,오리-육용오리,20000,20080411,20080411,245
전라북도 정읍시 고부면 덕안리,닭-토종닭,8000,20161221,20161215,245
전라북도 정읍시 고부면 백운리,오리-육용오리,10000,20140124,20140122,245
전라북도 정읍시 고부면 신중리,닭-토종닭,24000,20161226,20161221,245
전라북도 정읍시 고부면 신흥리,오리-육용오리,16400,20161213,20161206,245
전라북도 정읍시 고부면 신흥리,오리-육용오리,14000,20161213,20161205,245
전라북도 정읍시 고부면 용흥리,오리-육용오리,10500,20161213,20161208,245
전라북도 정읍시 고부면 용흥리,오리-육용오리,13700,20161209,20161205,245
전라북도 정읍시 고부면 용흥리,오리-육용오리,14000,20161208,20161204,245
전라북도 정읍시 고부면 입석리,오리-육용오리,10000,20161213,20161205,245
전라북도 정읍시 삼산동,닭-산란계,16000,20140217,20140213,245
전라북도 정읍시 소성면 고교리,오리-육용오리,15000,20161221,20161217,245
전라북도 정읍시 소성면 고교리,오리-종오리,25920,20161216,20161213,245
전라북도 정읍시 소성면 고교리,오리-육용오리,27500,20161216,20161213,245
전라북도 정읍시 소성면 고교리,오리-종오리,22000,20150126,20150119,245
전라북도 정읍시 소성면 고교리,오리-육용오리,12500,20150121,20150119,245
전라북도 정읍시 소성면 고교리,오리-육용오리,50000,20150121,20150117,245
전라북도 정읍시 소성면 기린리,오리-육용오리,19000,20201128,20201126,245
전라북도 정읍시 소성면 기린리,오리-육용오리,19000,20201128,20201126,245
전라북도 정읍시 소성면 애당리,오리-종오리,6800,20161222,20161218,245
전라북도 정읍시 소성면 화룡리,닭-종계,24000,20161224,20161220,245
전라북도 정읍시 소성면 화룡리,닭-기타,22000,20080419,20080419,245
전라북도 정읍시 영원면 앵성리,오리-육용오리,22400,20161221,20161216,245
전라북도 정읍시 영원면 앵성리,오리-육용오리,21000,20140131,20140129,245
전라북도 정읍시 영원면 앵성리,오리-육용오리,12000,20140201,20140129,245
전라북도 정읍시 영원면 앵성리,오리-기타,10000,20080407,20080407,245
전라북도 정읍시 영원면 앵성리,오리-기타,10000,20080407,20080407,245
전라북도 정읍시 영원면 은선리,오리-육용오리,37000,20080411,20080411,245
전라북도 정읍시 이평면 장내리,오리-육용오리,29000,20171223,20171222,245
전라북도 정읍시 이평면 장내리,오리-육용오리,18500,20170102,20161227,245
전라북도 정읍시 이평면 장내리,닭-종계,30000,20161231,20161227,245
전라북도 정읍시 이평면 장내리,오리-종오리,6200,20140206,20140203,245
전라북도 정읍시 이평면 장내리,오리-기타,10500,20140211,20140206,245
전라북도 정읍시 이평면 청량리,오리-육용오리,30000,20161231,20161226,245
전라북도 정읍시 이평면 청량리,오리-종오리,10300,20140202,20140130,245
전라북도 정읍시 이평면 청량리,오리-육용오리,10000,20140127,20140124,245
전라북도 정읍시 입암면 단곡리,오리-육용오리,13000,20201228,20201227,245
전라북도 정읍시 입암면 단곡리,오리-육용오리,53000,20150501,20150429,245
전라북도 정읍시 입암면 접지리,오리-육용오리,8000,20140217,20140213,245
전라북도 정읍시 입암면 접지리,오리-종오리,13000,20140217,20140213,245
전라북도 정읍시 입암면 접지리,오리-육용오리,8000,20140211,20140207,245
전라북도 정읍시 입암면 하부리,오리-육용오리,14500,20140202,20140130,245
전라북도 정읍시 정우면 대사리,오리-육용오리,17500,20201211,20201210,245
전라북도 정읍시 정우면 대사리,오리-육용오리,15500,20161221,20161215,245
전라북도 정읍시 정우면 대사리,오리-육용오리,6,20150225,20150218,245
전라북도 정읍시 정우면 우일리,오리-종오리,8500,20210113,20210112,245
전라북도 진안군 부귀면 오룡리,오리-육용오리,1,20140329,20140327,248
제주특별자치도 제주시 노형동,닭-토종닭,5,20170610,20170604,184
제주특별자치도 제주시 애월읍 고성리,닭-토종닭,10,20170610,20170604,184
제주특별자치도 제주시 애월읍 고성리,닭-토종닭,2500,20170605,20170602,184
제주특별자치도 제주시 애월읍 상귀리,닭-토종닭,457,20170607,20170603,184
제주특별자치도 제주시 이호일동,닭-토종닭,7,20170607,20170602,184
제주특별자치도 제주시 조천읍 신촌리,닭-토종닭,27,20170610,20170604,184
제주특별자치도 제주시 한림읍 금악리,오리-육용오리,5500,20210213,20210212,184
충청남도 공주시 계룡면 경천리,닭-종계,22000,20170401,20170329,236
충청남도 공주시 탄천면 남산리,닭-산란계,63142,20140512,20140508,236
충청남도 논산시 광석면 광리,닭-육계,85500,20201230,20201229,236
충청남도 논산시 광석면 사월리,닭-산란계,920000,20170322,20170319,236
충청남도 논산시 노성면 송당리,닭-원종계,33000,20170330,20170327,236
충청남도 논산시 부적면 외성리,오리-산란오리,7800,20080425,20080425,236
충청남도 논산시 상월면 상도리,관상조류-기러기,700,20170406,20170404,236
충청남도 논산시 연무읍 마전리,닭-종계,40000,20140224,20140220,236
충청남도 논산시 은진면 토양리,닭-토종닭,43400,20170304,20170301,236
충청남도 당진시 신평면 금천리,닭-종계,25800,20140312,20140307,129
충청남도 당진시 우강면 부장리,야생오리-가창오리,0,20140127,20140123,129
충청남도 당진시 정미면 대운산리,닭-종계,18000,20140314,20140310,129
충청남도 당진시 합덕읍 석우리,닭-종계,24000,20180205,20180204,129
충청남도 부여군 홍산면 북촌리,닭-종계,15983,20140125,20140124,236
충청남도 서산시 인지면 성리,닭-토종닭,12,20170106,20170102,129
충청남도 서천군 마서면 도삼리,야생오리-가창오리,0,20140125,20140122,140
충청남도 서천군 화양면 옥포리,야생오리-가창오리,0,20140124,20140122,140
충청남도 서천군 화양면 화촌리,야생오리-가창오리,0,20140130,20140127,140
충청남도 아산시 둔포면 봉재리,오리-육용오리,3800,20161226,20161221,232
충청남도 아산시 둔포면 염작리,닭-산란계,115000,20180318,20180317,232
충청남도 아산시 둔포면 염작리,닭-산란계,150000,20170111,20170107,232
충청남도 아산시 둔포면 운교리,닭-종계,100000,20170114,20170110,232
충청남도 아산시 배방읍 세교리,닭-종계,836,20161214,20161210,232
충청남도 아산시 선장면 대흥리,오리-종오리,7800,20161208,20161204,232
충청남도 아산시 신창면 가내리,닭-산란계,50000,20161219,20161216,232
충청남도 아산시 신창면 궁화리,오리-육용오리,6000,20150331,20150328,232
충청남도 아산시 신창면 오목리,닭-산란계,60000,20161212,20161208,232
충청남도 아산시 신창면 오목리,닭-산란계,240000,20161212,20161208,232
충청남도 아산시 신창면 읍내리,닭-산란계,4500,20161207,20161202,232
충청남도 아산시 신창면 읍내리,닭-산란계,233500,20161205,20161202,232
충청남도 아산시 신창면 행목리,닭-산란계,52500,20161125,20161123,232
충청남도 아산시 염치읍 쌍죽리,닭-산란계,24600,20161216,20161213,232
충청남도 아산시 음봉면 산동리,닭-산란계,53000,20110107,20110107,232
충청남도 아산시 인주면 해암리,닭-산란계,150000,20161205,20161202,232
충청남도 아산시 탕정면 용두리,오리-산란오리,9146,20061223,20061223,232
충청남도 아산시 탕정면 용두리,오리-산란오리,9146,20061221,20061221,232
충청남도 아산시 탕정면 용두리,오리,14910,20040205,20040205,232
충청남도 예산군 고덕면 석곡리,닭-종계,34700,20201226,20201225,232
충청남도 천안시 동남구 광덕면 매당리,오리-육용오리,10500,20161218,20161215,232
충청남도 천안시 동남구 동면 동산리,오리-육용오리,10000,20161128,20161124,232
충청남도 천안시 동남구 동면 행암리,닭-산란계,118000,20161218,20161215,232
충청남도 천안시 동남구 동면 화계리,오리-종오리,12141,20161212,20161208,232
충청남도 천안시 동남구 동면 화계리,오리-종오리,8500,20161205,20161201,232
충청남도 천안시 동남구 동면 화계리,오리-종오리,14790,20140312,20140307,232
충청남도 천안시 동남구 동면 화계리,오리-산란오리,13521,20070308,20070308,232
충청남도 천안시 동남구 목천읍 소사리,닭-종계,26000,20161221,20161217,232
충청남도 천안시 동남구 목천읍 소사리,닭-산란계,28000,20161216,20161212,232
충청남도 천안시 동남구 목천읍 운전리,오리-종오리,10000,20161228,20161224,232
충청남도 천안시 동남구 목천읍 운전리,오리-종오리,6,20140321,20140317,232
충청남도 천안시 동남구 병천면 관성리,닭-산란계,38600,20161215,20161211,232
충청남도 천안시 동남구 병천면 도원리,닭-산란계,10400,20161221,20161218,232
충청남도 천안시 동남구 병천면 도원리,오리-육용오리,6100,20140308,20140306,232
충청남도 천안시 동남구 병천면 도원리,닭-산란계,120000,20140225,20140223,232
충청남도 천안시 동남구 병천면 매성리,오리-육용오리,14400,20210105,20201228,232
충청남도 천안시 동남구 병천면 봉항리,오리-육용오리,6000,20161130,20161124,232
충청남도 천안시 동남구 병천면 탑원리,오리-육용오리,12100,20161215,20161212,232
충청남도 천안시 동남구 병천면 탑원리,오리-육용오리,12000,20140308,20140306,232
충청남도 천안시 동남구 북면 운용리,오리-종오리,12400,20110302,20110302,232
충청남도 천안시 동남구 북면 운용리,오리,4758,20031224,20031224,232
충청남도 천안시 동남구 성남면 대흥리,오리-종오리,10750,20201225,20201224,232
충청남도 천안시 동남구 성남면 대흥리,오리-육용오리,15300,20161226,20161221,232
충청남도 천안시 동남구 성남면 대흥리,닭-산란계,49900,20161224,20161220,232
충청남도 천안시 동남구 성남면 대흥리,닭-산란계,71900,20161222,20161219,232
충청남도 천안시 동남구 성남면 대흥리,오리-종오리,10991,20150204,20150202,232
충청남도 천안시 동남구 성남면 대흥리,오리-육용오리,14000,20150202,20150128,232
충청남도 천안시 동남구 성남면 대흥리,닭-산란계,55000,20140403,20140331,232
충청남도 천안시 동남구 성남면 대흥리,오리-종오리,6354,20140321,20140317,232
충청남도 천안시 동남구 성남면 봉양리,닭-산란계,200000,20161226,20161221,232
충청남도 천안시 동남구 성남면 봉양리,닭-산란계,19000,20161226,20161221,232
충청남도 천안시 동남구 성남면 석곡리,닭-육계,1,20140410,20140408,232
충청남도 천안시 동남구 성남면 석곡리,닭-산란계,530,20140411,20140407,232
충청남도 천안시 동남구 성남면 신덕리,닭-토종닭,45000,20161218,20161215,232
충청남도 천안시 동남구 성남면 용원리,메추리-비분류,250000,20170106,20170102,232
충청남도 천안시 동남구 수신면 신풍리,닭-육계,14000,20161228,20161224,232
충청남도 천안시 동남구 수신면 신풍리,닭-토종닭,38522,20140325,20140321,232
충청남도 천안시 동남구 신방동,오리-기타,24,20161224,20161220,232
충청남도 천안시 동남구 풍세면 가송리,닭-토종닭,42900,20161217,20161214,232
충청남도 천안시 동남구 풍세면 가송리,닭-산란계,90000,20161217,20161213,232
충청남도 천안시 동남구 풍세면 가송리,닭-산란계,70000,20161216,20161212,232
충청남도 천안시 동남구 풍세면 가송리,닭-산란계,166700,20161207,20161204,232
충청남도 천안시 동남구 풍세면 가송리,닭-산란계,40000,20140314,20140310,232
충청남도 천안시 동남구 풍세면 보성리,닭-산란계,53300,20161222,20161218,232
충청남도 천안시 동남구 풍세면 보성리,닭-산란계,126000,20161208,20161205,232
충청남도 천안시 동남구 풍세면 보성리,오리-종오리,4270,20161205,20161130,232
충청남도 천안시 동남구 풍세면 보성리,오리-종오리,14392,20140217,20140215,232
충청남도 천안시 동남구 풍세면 보성리,오리-육용오리,10280,20140210,20140207,232
충청남도 천안시 동남구 풍세면 보성리,오리-육용오리,3000,20140217,20140213,232
충청남도 천안시 동남구 풍세면 보성리,닭-산란계,75000,20140225,20140223,232
충청남도 천안시 동남구 풍세면 보성리,거위-비분류,15,20140304,20140228,232
충청남도 천안시 동남구 풍세면 용정리,닭-산란계,43000,20161207,20161204,232
충청남도 천안시 동남구 풍세면 용정리,닭-종계,19900,20150313,20150309,232
충청남도 천안시 동남구 풍세면 용정리,닭-산란계,30000,20140219,20140216,232
충청남도 천안시 동남구 풍세면 용정리,닭-산란계,30000,20070124,20070124,232
충청남도 천안시 동남구 풍세면 용정리,닭-산란계,30000,20070120,20070120,232
충청남도 천안시 동남구 풍세면 풍서리,닭-토종닭,50000,20170109,20170105,232
충청남도 천안시 동남구 풍세면 풍서리,오리-기타,10700,20101231,20101231,232
충청남도 천안시 서북구 성환읍 대홍리,거위-비분류,42,20201215,20201214,232
충청남도 천안시 서북구 성환읍 도하리,닭-산란계,83800,20210114,20210112,232
충청남도 천안시 서북구 성환읍 도하리,닭-산란계,100000,20161219,20161216,232
충청남도 천안시 서북구 성환읍 도하리,닭-산란계,105046,20161216,20161212,232
충청남도 천안시 서북구 성환읍 매주리,닭-산란계,25000,20161231,20161228,232
충청남도 천안시 서북구 성환읍 성환리,오리-육용오리,10800,20161223,20161219,232
충청남도 천안시 서북구 성환읍 성환리,오리-육용오리,12300,20161223,20161219,232
충청남도 천안시 서북구 성환읍 신가리,닭-산란계,346000,20210104,20210103,232
충청남도 천안시 서북구 성환읍 신가리,닭-산란계,559359,20161216,20161213,232
충청남도 천안시 서북구 성환읍 양령리,닭-산란계,21000,20180209,20180208,232
충청남도 천안시 서북구 성환읍 양령리,닭-육계,50000,20161230,20161226,232
충청남도 천안시 서북구 성환읍 양령리,닭-산란계,120000,20161226,20161221,232
충청남도 천안시 서북구 성환읍 양령리,닭-산란계,23965,20161223,20161220,232
충청남도 천안시 서북구 성환읍 어룡리,오리-종오리,4828,20140304,20140302,232
충청남도 천안시 서북구 성환읍 왕림리,닭-산란계,100000,20161224,20161221,232
충청남도 천안시 서북구 입장면 가산리,닭-산란계,290500,20161226,20161222,232
충청남도 천안시 서북구 입장면 호당리,닭-산란계,212251,20170104,20161231,232
충청남도 천안시 서북구 직산읍 마정리,닭-산란계,48000,20161228,20161224,232
충청남도 천안시 서북구 직산읍 석곡리,오리-육용오리,21000,20110119,20110119,232
충청남도 천안시 서북구 직산읍 석곡리,오리-산란오리,8500,20040104,20040104,232
충청남도 천안시 서북구 직산읍 수헐리,닭-산란계,99000,20210123,20210122,232
충청남도 천안시 서북구 직산읍 신갈리,닭-육계,17800,20031226,20031226,232
충청남도 천안시 서북구 직산읍 판정리,오리-종오리,9500,20140128,20140126,232
충청남도 천안시 서북구 직산읍 판정리,오리-종오리,13360,20110117,20110117,232
충청남도 천안시 서북구 직산읍 판정리,오리-종오리,5600,20110117,20110117,232
충청남도 천안시 직산읍 판정리,오리,8800,20031224,20031224,232
충청남도 천안시 풍세면 용정리,닭-산란계,22200,20040126,20040126,232
충청남도 청양군 비봉면 양사리,닭-산란계,90000,20170225,20170222,236
충청남도 청양군 비봉면 양사리,닭-산란계,47000,20150313,20150310,236
충청남도 청양군 운곡면 위라리,닭-산란계,35000,20140217,20140214,236
충청남도 청양군 청남면 왕진리,오리-육용오리,2000,20140304,20140228,236
충청남도 홍성군 구항면 태봉리,닭-종계,20000,20210120,20210114,177
충청남도 홍성군 구항면 태봉리,닭-종계,41200,20210114,20210113,177
충청남도 홍성군 서부면 판교리,닭-종계,40000,20140307,20140302,235
충청남도 홍성군 은하면 장곡리,오리-종오리,10000,20170302,20170227,177
충청남도 홍성군 장곡면 신풍리,닭-종계,33900,20150312,20150309,235
충청북도 괴산군 소수면 수리,오리-종오리,6500,20161202,20161130,127
충청북도 괴산군 소수면 아성리,오리-종오리,7500,20210218,20210217,127
충청북도 괴산군 소수면 아성리,오리-종오리,6400,20161209,20161202,127
충청북도 괴산군 소수면 아성리,오리-종오리,9600,20161205,20161202,127
충청북도 괴산군 장연면 조곡리,오리-종오리,15500,20210206,20210205,127
충청북도 옥천군 옥천읍 구일리,닭-산란계,100000,20161223,20161221,133
충청북도 음성군 감곡면 단평리,오리-육용오리,8800,20161130,20161128,127
충청북도 음성군 감곡면 문촌리,오리-종오리,6000,20201223,20201222,127
충청북도 음성군 감곡면 문촌리,오리-종오리,7599,20161220,20161218,127
충청북도 음성군 금왕읍 내송리,오리-종오리,8600,20150314,20150311,127
충청북도 음성군 금왕읍 본대리,오리-육용오리,16000,20161217,20161215,127
충청북도 음성군 금왕읍 본대리,오리-육용오리,12000,20161216,20161214,127
충청북도 음성군 금왕읍 본대리,오리-육용오리,16000,20150323,20150320,127
충청북도 음성군 금왕읍 삼봉리,오리-육용오리,5500,20161126,20161122,127
충청북도 음성군 금왕읍 삼봉리,오리-육용오리,8300,20150225,20150222,127
충청북도 음성군 금왕읍 신평리,메추리-비분류,726000,20201208,20201207,127
충청북도 음성군 금왕읍 신평리,메추리-비분류,788000,20161231,20161229,127
충청북도 음성군 금왕읍 유포리,오리-육용오리,9200,20161205,20161203,127
충청북도 음성군 대소면 미곡리,닭-산란계,24000,20140211,20140207,127
충청북도 음성군 대소면 미곡리,오리-육용오리,6800,20140207,20140205,127
충청북도 음성군 대소면 미곡리,오리-육용오리,9300,20140210,20140205,127
충청북도 음성군 대소면 미곡리,오리-육용오리,35000,20140210,20140205,127
충청북도 음성군 대소면 부윤리,오리-종오리,1500,20161125,20161121,127
충청북도 음성군 대소면 부윤리,오리-종오리,2200,20150226,20150222,127
충청북도 음성군 대소면 부윤리,오리-육용오리,4500,20150225,20150222,127
충청북도 음성군 대소면 부윤리,오리-육용오리,2120,20140221,20140219,127
충청북도 음성군 대소면 부윤리,오리-육용오리,3070,20140221,20140219,127
충청북도 음성군 대소면 부윤리,오리-육용오리,1650,20140221,20140219,127
충청북도 음성군 대소면 삼정리,오리-종오리,9100,20140210,20140202,127
충청북도 음성군 대소면 삼호리,닭-산란계,36000,20210114,20210113,127
충청북도 음성군 대소면 성본리,오리-육용오리,8000,20161209,20161207,127
충청북도 음성군 대소면 성본리,오리-육용오리,7700,20140225,20140222,127
충청북도 음성군 대소면 수태리,오리-육용오리,10000,20161122,20161119,127
충청북도 음성군 대소면 수태리,오리-육용오리,10108,20150304,20150302,127
충청북도 음성군 대소면 수태리,오리-육용오리,34300,20150306,20150224,127
충청북도 음성군 대소면 수태리,오리-육용오리,15231,20140221,20140219,127
충청북도 음성군 대소면 수태리,오리-육용오리,6900,20140224,20140219,127
충청북도 음성군 대소면 오류리,오리-육용오리,20000,20140225,20140222,127
충청북도 음성군 대소면 태생리,오리,6500,20031224,20031224,127
충청북도 음성군 대소면 태생리,오리,8000,20031224,20031224,127
충청북도 음성군 맹동면 마산리,오리-육용오리,28000,20161125,20161123,127
충청북도 음성군 맹동면 마산리,오리-육용오리,9500,20161123,20161121,127
충청북도 음성군 맹동면 마산리,오리-육용오리,7000,20161124,20161122,127
충청북도 음성군 맹동면 마산리,오리-육용오리,6500,20161123,20161121,127
충청북도 음성군 맹동면 마산리,오리-육용오리,5000,20161123,20161121,127
충청북도 음성군 맹동면 마산리,오리-육용오리,8414,20150307,20150304,127
충청북도 음성군 맹동면 마산리,오리-육용오리,14200,20150306,20150303,127
충청북도 음성군 맹동면 마산리,오리-육용오리,14000,20150306,20150303,127
충청북도 음성군 맹동면 마산리,오리-육용오리,10675,20150304,20150226,127
충청북도 음성군 맹동면 마산리,오리-육용오리,20764,20150304,20150226,127
충청북도 음성군 맹동면 마산리,오리-육용오리,11544,20140221,20140219,127
충청북도 음성군 맹동면 마산리,오리-육용오리,15929,20140221,20140219,127
충청북도 음성군 맹동면 마산리,오리-육용오리,23389,20140221,20140219,127
충청북도 음성군 맹동면 마산리,오리-육용오리,18970,20140221,20140219,127
충청북도 음성군 맹동면 마산리,오리-육용오리,6980,20140221,20140219,127
충청북도 음성군 맹동면 본성리,오리-육용오리,10200,20161125,20161123,127
충청북도 음성군 맹동면 본성리,오리-육용오리,10500,20150323,20150313,127
충청북도 음성군 맹동면 본성리,오리-육용오리,20255,20140221,20140219,127
충청북도 음성군 맹동면 봉현리,오리-육용오리,17340,20161122,20161118,127
충청북도 음성군 맹동면 봉현리,오리-육용오리,11000,20161123,20161118,127
충청북도 음성군 맹동면 봉현리,닭-종계,84000,20161129,20161127,127
충청북도 음성군 맹동면 봉현리,오리-육용오리,4400,20161124,20161122,127
충청북도 음성군 맹동면 봉현리,오리-육용오리,7000,20161124,20161122,127
충청북도 음성군 맹동면 봉현리,오리-육용오리,9900,20161124,20161122,127
충청북도 음성군 맹동면 봉현리,오리-육용오리,16500,20161125,20161123,127
충청북도 음성군 맹동면 봉현리,오리-육용오리,10000,20161123,20161121,127
충청북도 음성군 맹동면 봉현리,오리-육용오리,16500,20161128,20161123,127
충청북도 음성군 맹동면 봉현리,오리-육용오리,10000,20161126,20161119,127
충청북도 음성군 맹동면 봉현리,오리-육용오리,17000,20161126,20161119,127
충청북도 음성군 맹동면 봉현리,오리-육용오리,10000,20161126,20161119,127
충청북도 음성군 맹동면 봉현리,오리-육용오리,11000,20161126,20161120,127
충청북도 음성군 맹동면 봉현리,오리-육용오리,9000,20150308,20150303,127
충청북도 음성군 맹동면 봉현리,오리-육용오리,5000,20150226,20150223,127
충청북도 음성군 맹동면 봉현리,오리-육용오리,10102,20150306,20150227,127
충청북도 음성군 맹동면 봉현리,오리-육용오리,8001,20150305,20150301,127
충청북도 음성군 맹동면 봉현리,오리-육용오리,6418,20150304,20150226,127
충청북도 음성군 맹동면 봉현리,오리-육용오리,28200,20150225,20150223,127
충청북도 음성군 맹동면 봉현리,오리-육용오리,9300,20150226,20150222,127
충청북도 음성군 맹동면 봉현리,오리-육용오리,11200,20150225,20150222,127
충청북도 음성군 맹동면 봉현리,오리-육용오리,14000,20150225,20150222,127
충청북도 음성군 맹동면 봉현리,오리-육용오리,11700,20150225,20150222,127
충청북도 음성군 맹동면 봉현리,오리-육용오리,20000,20150224,20150222,127
충청북도 음성군 맹동면 봉현리,닭-종계,80000,20150323,20150310,127
충청북도 음성군 맹동면 봉현리,오리-육용오리,5000,20150306,20150303,127
충청북도 음성군 맹동면 봉현리,오리-육용오리,9000,20150225,20150223,127
충청북도 음성군 맹동면 봉현리,오리-육용오리,20000,20150306,20150302,127
충청북도 음성군 맹동면 봉현리,오리-육용오리,5900,20140223,20140219,127
충청북도 음성군 맹동면 봉현리,오리-육용오리,7800,20140221,20140219,127
충청북도 음성군 맹동면 봉현리,오리-육용오리,13657,20140221,20140219,127
충청북도 음성군 맹동면 봉현리,오리-육용오리,10700,20140221,20140219,127
충청북도 음성군 맹동면 봉현리,오리-육용오리,5474,20140221,20140219,127
충청북도 음성군 맹동면 봉현리,오리-육용오리,14239,20140220,20140219,127
충청북도 음성군 맹동면 봉현리,오리-육용오리,19294,20140221,20140219,127
충청북도 음성군 맹동면 봉현리,오리-육용오리,20196,20140219,20140218,127
충청북도 음성군 맹동면 봉현리,오리-육용오리,10279,20140220,20140218,127
충청북도 음성군 맹동면 봉현리,타조-비분류,35,20140307,20140303,127
충청북도 음성군 맹동면 봉현리,오리-육용오리,3000,20140219,20140218,127
충청북도 음성군 맹동면 봉현리,오리-육용오리,10000,20140219,20140218,127
충청북도 음성군 맹동면 봉현리,오리-육용오리,8500,20140224,20140218,127
충청북도 음성군 맹동면 봉현리,오리-육용오리,10000,20140224,20140218,127
충청북도 음성군 맹동면 봉현리,오리-육용오리,16000,20140224,20140218,127
충청북도 음성군 맹동면 봉현리,오리-육용오리,6100,20140219,20140217,127
충청북도 음성군 맹동면 신돈리,오리-육용오리,9000,20161124,20161122,127
충청북도 음성군 맹동면 용촌리,오리-육용오리,9300,20161122,20161118,127
충청북도 음성군 맹동면 용촌리,오리-육용오리,11500,20161123,20161119,127
충청북도 음성군 맹동면 용촌리,오리-육용오리,10500,20161117,20161116,127
충청북도 음성군 맹동면 용촌리,오리-육용오리,8000,20150305,20150303,127
충청북도 음성군 맹동면 용촌리,오리-육용오리,9885,20150304,20150227,127
충청북도 음성군 맹동면 용촌리,오리-육용오리,13000,20150225,20150222,127
충청북도 음성군 맹동면 용촌리,오리-육용오리,6046,20140221,20140219,127
충청북도 음성군 맹동면 용촌리,오리-육용오리,6826,20140223,20140219,127
충청북도 음성군 맹동면 용촌리,오리-육용오리,8882,20140221,20140219,127
충청북도 음성군 맹동면 인곡리,오리-종오리,10000,20150305,20150303,127
충청북도 음성군 맹동면 인곡리,오리-종오리,3500,20140228,20140225,127
충청북도 음성군 삼성면 능산리,닭-산란계,75000,20161226,20161224,127
충청북도 음성군 삼성면 능산리,닭-종계,130000,20161216,20161214,127
충청북도 음성군 삼성면 능산리,닭-종계,136000,20161205,20161202,127
충청북도 음성군 삼성면 대정리,닭-산란계,13000,20161215,20161213,127
충청북도 음성군 삼성면 덕정리,오리,3200,20031217,20031217,127
충청북도 음성군 삼성면 상곡리,닭-산란계,35100,20161222,20161220,127
충청북도 음성군 삼성면 용대리,오리-종오리,5000,20210106,20210105,127
충청북도 음성군 삼성면 용대리,닭-산란계,210000,20161207,20161205,127
충청북도 음성군 삼성면 용대리,오리-육용오리,6700,20161128,20161125,127
충청북도 음성군 삼성면 용대리,오리-종오리,8442,20161128,20161125,127
충청북도 음성군 삼성면 용성리,닭,15000,20031219,20031219,127
충청북도 음성군 삼성면 용성리,닭-육계,24000,20031212,20031212,127
충청북도 음성군 삼성면 천평리,오리-육용오리,10000,20161214,20161212,127
충청북도 음성군 삼성면 천평리,오리-육용오리,20936,20140228,20140224,127
충청북도 음성군 삼성면 청용리,오리-종오리,12500,20140225,20140221,127
충청북도 음성군 삼성면 청용리,오리-육용오리,12000,20140228,20140222,127
충청북도 음성군 삼성면 청용리,오리-종오리,10000,20140225,20140221,127
충청북도 음성군 생극면 병암리,닭-산란계,135325,20150323,20150315,127
충청북도 음성군 생극면 임곡리,닭-산란계,400000,20210119,20210118,127
충청북도 음성군 생극면 임곡리,닭-산란계,420000,20161224,20161222,127
충청북도 음성군 생극면 임곡리,닭-산란계,6500,20161214,20161212,127
충청북도 음성군 소이면 비산리,오리-육용오리,11700,20180315,20180312,127
충청북도 음성군 원남면 덕정리,메추리-비분류,71000,20161208,20161206,127
충청북도 음성군 원남면 덕정리,오리-종오리,10000,20161130,20161128,127
충청북도 음성군 원남면 보룡리,오리-종오리,9400,20210210,20210209,127
충청북도 음성군 원남면 하노리,닭-산란계,91000,20161212,20161209,127
충청북도 증평군 도안면 화성리,닭-종계,18000,20140325,20140320,131
충청북도 진천군 덕산면 구산리,닭-종계,92500,20161210,20161208,131
충청북도 진천군 덕산면 구산리,오리-육용오리,9900,20161202,20161130,131
충청북도 진천군 덕산면 구산리,오리-육용오리,14000,20140211,20140207,131
충청북도 진천군 덕산면 기전리,오리-육용오리,5500,20161205,20161202,131
충청북도 진천군 덕산면 용몽리,오리-육용오리,8500,20150306,20150302,131
충청북도 진천군 덕산면 인산리,오리-육용오리,29000,20161201,20161128,131
충청북도 진천군 덕산면 인산리,오리-육용오리,9780,20140210,20140207,131
충청북도 진천군 덕산면 인산리,오리-육용오리,27000,20140210,20140204,131
충청북도 진천군 덕산면 인산리,오리-기타,9000,20140208,20140201,131
충청북도 진천군 덕산면 합목리,오리-육용오리,15000,20161203,20161201,131
충청북도 진천군 덕산면 화상리,닭-산란계,200000,20161205,20161202,131
충청북도 진천군 덕산면 화상리,오리-육용오리,9500,20161205,20161202,131
충청북도 진천군 문백면 계산리,오리-종오리,11000,20161209,20161205,131
충청북도 진천군 문백면 계산리,오리-종오리,2800,20161201,20161129,131
충청북도 진천군 문백면 계산리,오리-종오리,10000,20140304,20140226,131
충청북도 진천군 문백면 도하리,오리-종오리,10536,20161221,20161219,131
충청북도 진천군 문백면 도하리,거위-비분류,700,20140424,20140421,131
충청북도 진천군 문백면 봉죽리,오리-육용오리,10800,20150306,20150303,131
충청북도 진천군 문백면 사양리,오리-종오리,2577,20161221,20161218,131
충청북도 진천군 이월면 동성리,오리-육용오리,17500,20161201,20161129,131
충청북도 진천군 이월면 동성리,오리-육용오리,9174,20140206,20140203,131
충청북도 진천군 이월면 동성리,오리-육용오리,9185,20140205,20140203,131
충청북도 진천군 이월면 동성리,오리-육용오리,12000,20140206,20140203,131
충청북도 진천군 이월면 미잠리,오리-육용오리,9000,20161128,20161126,131
충청북도 진천군 이월면 삼용리,오리-육용오리,100000,20161207,20161203,131
충청북도 진천군 이월면 삼용리,오리-육용오리,9000,20161201,20161129,131
충청북도 진천군 이월면 삼용리,오리-육용오리,15000,20161201,20161129,131
충청북도 진천군 이월면 삼용리,오리-육용오리,13260,20161130,20161125,131
충청북도 진천군 이월면 삼용리,오리-육용오리,13000,20161130,20161128,131
충청북도 진천군 이월면 삼용리,오리-육용오리,4500,20161126,20161123,131
충청북도 진천군 이월면 삼용리,오리-육용오리,7000,20161128,20161125,131
충청북도 진천군 이월면 삼용리,오리-육용오리,5789,20140131,20140129,131
충청북도 진천군 이월면 삼용리,오리-육용오리,5,20140208,20140201,131
충청북도 진천군 이월면 삼용리,오리-종오리,5000,20140129,20140127,131
충청북도 진천군 이월면 중산리,닭-산란계,125,20161214,20161212,131
충청북도 진천군 이월면 중산리,오리-종오리,8500,20161207,20161205,131
충청북도 진천군 이월면 중산리,오리-육용오리,9060,20140209,20140207,131
충청북도 진천군 이월면 중산리,오리-육용오리,15000,20140211,20140207,131
충청북도 진천군 진천읍 문봉리,오리-육용오리,5000,20161221,20161219,131
충청북도 진천군 진천읍 상신리,닭-토종닭,30000,20161205,20161202,131
충청북도 진천군 진천읍 신정리,오리,5000,20031224,20031224,131
충청북도 진천군 초평면 오갑리,오리-육용오리,12800,20161128,20161125,131
충청북도 진천군 초평면 오갑리,오리-육용오리,10200,20161128,20161126,131
충청북도 진천군 초평면 오갑리,오리-육용오리,12415,20140209,20140207,131
충청북도 청원군 북이면 토성리,오리-육용오리,8500,20161122,20161120,131
충청북도 청주시 서원구 현도면 중척리,야생오리-청둥오리,500,20140321,20140317,131
충청북도 청주시 청원구 북이면 대길리,오리-육용오리,9400,20140306,20140303,131
충청북도 청주시 청원구 오창읍 성재리,오리-육용오리,10300,20161226,20161223,131
충청북도 청주시 흥덕구 강내면 궁현리,닭-토종닭,35000,20161212,20161210,131
충청북도 청주시 흥덕구 오송읍 동평리,닭-토종닭,125,20161214,20161212,131
충청북도 청주시 흥덕구 오송읍 동평리,닭-산란계,173000,20161203,20161201,131
충청북도 청주시 흥덕구 오송읍 쌍청리,오리-육용오리,12000,20161201,20161129,131
충청북도 청주시 흥덕구 오송읍 오송리,닭-육계,1500,20161206,20161204,131
충청북도 충주시 대소원면 만정리,닭-토종닭,100,20161208,20161206,127
충청북도 충주시 동량면 대전리,오리-종오리,7600,20210203,20210202,127
충청북도 충주시 소태면 주치리,닭-산란계,550000,20210313,20210311,127
충청북도 충주시 소태면 주치리,닭-토종닭,5500,20210311,20210310,127
