시도,시군구,year,cnt,강원도  강릉시,강원도  고성군,강원도  동해시,강원도  삼척시,강원도  속초시,강원도  양양군,강원도  원주시,강원도  철원군,강원도  춘천시,강원도  화천군,강원도  횡성군,경기도  가평군,경기도  광주시,경기도  김포시,경기도  남양주시,경기도  동두천시,경기도  수원시,경기도  시흥시,경기도  안산시,경기도  안성시,경기도  양평군,경기도  여주시,경기도  연천군,경기도  용인시,경기도  의왕시,경기도  이천시,경기도  처인구,경기도  파주시,경기도  평택시,경기도  포천시,경기도  화성시,경상남도 거제시,경상남도 고성군,경상남도 김해시,경상남도 남해군,경상남도 밀양시,경상남도 사천시,경상남도 양산시,경상남도 진주시,경상남도 창녕군,경상남도 창원시,경상남도 합천군,경상북도 경주시,경상북도 구미시,경상북도 김천시,경상북도 봉화군,경상북도 안동시,경상북도 영덕군,경상북도 영천시,경상북도 예천군,경상북도 울진군,경상북도 의성군,경상북도 포항시,광주광역시 광산구,광주광역시 남구,광주광역시 서구,대구광역시 달성군,부산광역시 강서구,부산광역시 남구,부산광역시 사하구,서울특별시 강남구,서울특별시 마포구,서울특별시 성동구,서울특별시 송파구,서울특별시 영등포구,서울특별시 중랑구,세종특별자치시 세종시,울산광역시 남구,울산광역시 북구,울산광역시 울주군,울산광역시 중구,인천광역시 강화군,인천광역시 서구,인천광역시 연수구,인천광역시 중구,전라남도 강진군,전라남도 고흥군,전라남도 광양시,전라남도 담양군,전라남도 보성군,전라남도 순천시,전라남도 여수시,전라남도 완도군,전라남도 장성군,전라남도 장흥군,전라남도 해남군,전라남도  나주시,전라남도  목포시,전라남도  무안군,전라남도  보성군,전라남도  순천시,전라남도  신안군,전라남도  영광군,전라남도  영암군,전라남도  진도군,전라남도  함평군,전라남도  해남군,전라남도  화순군,전라북도 고창군,전라북도 군산시,전라북도 김제시,전라북도 부안군,전라북도 완주군,전라북도 익산시,전라북도 임실군,전라북도 장수군,전라북도 전주시,전라북도 정읍시,전라북도  부안군,제주특별자치도 서귀포시,제주특별자치도 제주시,충청남도 논산시,충청남도 당진시,충청남도 보령시,충청남도 서산시,충청남도 서천군,충청남도 아산시,충청남도 예산군,충청남도 천안시,충청남도 태안군,충청북도 괴산군,충청북도 음성군,충청북도 증평군,충청북도 진천군,충청북도 청주시,충청북도 충주시
강원도,철원군,2016,2,143.85,104.08,172.61,180.2,111.94,114.51,104.18,0.0,46.94,34.82,93.73,39.05,79.94,79.04,57.44,34.95,101.37,96.34,101.07,126.66,74.43,98.55,21.61,101.41,94.2,97.83,101.95,63.54,129.59,29.72,113.56,381.53,364.22,353.6,371.58,320.37,355.89,348.34,337.38,307.78,346.74,296.75,306.06,243.23,234.17,187.34,215.56,264.63,281.43,194.1,224.24,234.09,297.31,337.6,337.13,335.15,281.86,358.56,370.12,369.33,73.8,74.0,69.27,72.63,78.12,63.15,185.32,340.54,338.33,338.58,338.22,84.97,87.21,99.13,96.41,392.77,393.88,358.15,315.54,375.91,355.74,377.84,429.45,319.83,387.03,402.44,352.29,379.86,358.74,375.91,355.74,378.32,326.99,376.2,417.7,349.89,402.44,343.98,306.33,247.66,263.38,273.45,249.68,246.5,281.22,278.55,258.69,289.42,273.45,548.3,521.54,218.73,151.65,210.96,169.52,236.31,153.35,168.18,149.12,179.76,153.83,138.22,153.23,144.01,167.99,139.39
경기도,광주시,2016,2,147.25,150.03,164.4,168.65,145.83,139.8,59.54,79.94,65.37,85.14,64.8,50.01,0.0,51.88,23.22,55.44,27.22,40.31,39.35,46.91,21.67,36.78,75.87,22.02,27.02,23.63,22.21,55.72,50.21,51.98,45.35,308.82,289.43,285.16,293.81,252.26,279.34,282.28,261.5,236.98,276.15,222.55,247.95,175.0,162.51,143.87,162.21,218.88,220.78,136.32,196.08,175.44,243.38,257.96,257.3,255.34,211.86,290.98,303.1,300.98,20.76,34.71,24.35,16.21,33.47,24.34,105.58,279.94,278.56,276.66,277.95,76.23,52.69,50.98,56.14,313.03,314.1,279.55,235.64,295.97,276.41,299.03,349.66,240.28,307.14,322.99,272.78,301.19,279.93,295.97,276.41,299.83,248.39,296.63,339.15,271.02,322.99,264.07,227.13,168.98,183.84,194.44,169.74,166.81,201.46,199.58,178.75,209.83,194.44,468.55,441.87,138.83,80.7,134.59,101.14,158.19,74.54,90.85,69.44,113.97,82.97,66.68,77.25,65.8,89.93,76.85
경기도,김포시,2016,2,190.71,175.55,211.64,216.78,177.27,174.8,110.54,79.04,93.97,102.82,112.75,73.85,51.88,0.0,44.18,44.14,47.91,27.26,34.18,83.96,69.43,88.65,62.13,58.26,37.44,74.09,60.29,17.07,77.67,52.74,47.35,348.81,327.18,329.01,326.4,296.69,314.54,327.68,298.04,279.61,318.46,262.02,297.06,220.57,205.87,195.74,213.21,270.47,269.29,186.8,247.33,225.14,293.62,275.39,276.53,274.36,255.53,335.36,347.73,344.75,31.22,17.27,28.89,36.19,18.73,33.23,136.09,327.94,326.88,324.15,326.08,24.77,8.52,23.05,17.79,330.64,338.52,310.12,256.26,317.91,304.26,328.62,367.44,257.31,326.67,338.39,289.06,313.08,292.62,317.91,304.26,311.04,260.63,313.04,350.24,284.04,338.39,284.68,242.35,183.23,202.0,209.45,194.33,186.62,227.94,230.34,202.87,227.79,209.45,485.17,457.96,162.41,80.89,142.83,95.28,170.7,95.23,104.54,95.72,103.55,130.04,114.35,120.0,105.85,128.08,127.6
경기도,안성시,2016,20,163.5,184.99,172.2,174.0,176.45,167.43,67.79,126.66,104.93,127.81,82.4,93.79,46.91,83.96,70.05,101.45,36.09,59.13,52.92,0.0,56.85,45.22,122.4,27.47,46.52,32.45,26.11,94.58,14.94,98.86,45.11,265.61,244.94,245.05,247.56,212.78,233.79,243.91,216.42,195.69,234.61,178.87,216.05,137.11,121.93,129.72,138.05,197.24,187.69,110.58,188.32,145.9,214.72,212.32,211.24,209.33,171.57,251.42,263.81,260.79,60.24,70.52,65.39,58.39,66.9,68.55,58.68,245.53,244.77,241.36,243.8,107.87,80.15,69.55,77.95,267.11,267.24,232.91,189.39,249.35,229.53,252.29,303.62,194.85,260.86,277.57,227.36,256.95,235.55,249.35,229.53,255.83,204.43,251.06,294.96,226.59,277.57,217.71,182.34,125.46,138.61,150.12,123.14,121.31,154.59,152.85,132.17,164.37,150.12,422.54,396.0,92.69,57.84,95.74,77.82,115.77,34.58,53.12,26.03,92.08,49.9,37.26,36.51,21.91,44.71,57.42
경기도,양주시,2016,3,160.89,140.96,184.38,190.35,143.36,141.71,91.47,46.55,61.03,68.16,88.9,41.06,43.65,34.67,22.38,13.22,58.05,49.88,54.91,88.87,50.78,75.16,34.72,61.6,49.45,66.57,62.78,23.54,88.37,18.23,67.83,352.47,332.92,328.57,336.42,295.6,322.46,325.36,304.82,280.57,319.75,266.15,289.17,218.21,206.11,179.1,201.39,255.97,262.55,176.65,225.89,216.42,283.37,295.06,295.2,293.15,255.37,334.29,346.35,344.4,29.8,27.47,24.68,30.57,31.67,20.32,146.7,321.9,320.32,318.92,319.82,49.22,42.09,52.81,50.95,350.4,354.27,321.62,274.05,335.14,317.66,340.86,387.21,277.12,345.34,359.37,309.41,335.78,314.85,335.14,317.66,334.06,282.94,333.41,373.44,306.07,359.37,302.59,263.05,203.98,220.85,230.04,209.37,204.42,241.99,241.48,218.26,246.93,230.04,505.78,478.82,177.76,105.65,165.95,123.09,192.19,110.74,124.09,108.05,133.22,126.2,109.89,120.87,108.99,133.0,117.67
경기도,양평군,2016,1,125.65,130.99,143.53,148.12,125.41,118.75,41.66,74.43,48.29,71.01,43.89,37.82,21.67,69.43,28.78,59.23,47.84,61.71,61.01,56.85,0.0,25.24,76.42,39.08,48.68,24.84,38.2,69.1,64.7,51.46,66.49,307.67,289.9,281.21,297.35,248.04,281.47,277.02,262.95,234.39,273.5,222.47,238.9,170.58,160.33,128.81,150.65,205.35,212.67,126.2,178.17,166.14,232.7,268.85,267.47,265.62,208.69,286.56,298.4,297.02,38.92,52.34,40.54,33.76,52.32,37.08,113.84,272.07,270.33,269.36,269.93,92.48,71.83,72.02,76.44,323.42,321.6,284.29,245.46,304.69,282.56,304.12,359.79,251.49,316.8,334.18,283.99,313.79,292.39,304.69,282.56,312.68,261.27,307.6,351.81,283.43,334.18,273.61,239.16,182.21,195.37,206.96,178.85,178.01,209.13,205.12,187.89,221.03,206.96,478.67,452.27,149.13,100.18,150.46,120.97,172.21,89.1,106.68,82.21,134.2,79.75,63.9,78.99,70.91,94.44,67.87
경기도,여주시,2016,10,120.33,140.73,132.87,136.07,131.37,122.21,25.48,98.55,65.35,90.05,37.52,60.34,36.78,88.65,52.8,84.32,53.97,74.3,71.35,45.22,25.24,0.0,101.63,41.16,59.37,18.11,39.21,91.38,57.6,76.69,72.15,283.02,265.77,256.07,274.57,222.88,258.04,251.78,239.26,209.48,248.55,198.28,214.03,145.44,135.65,107.09,126.55,182.45,187.6,101.5,159.93,141.28,208.32,251.69,249.63,247.89,183.69,261.37,273.18,271.86,57.49,71.46,60.65,52.72,70.19,59.02,96.07,246.99,245.31,244.21,244.87,112.92,89.21,85.65,91.82,305.56,301.28,262.22,227.41,285.4,261.39,282.21,341.56,234.76,298.28,317.06,267.08,298.26,276.79,285.4,261.39,297.43,246.32,290.36,336.21,267.82,317.06,255.16,223.38,168.36,179.41,192.01,160.66,161.9,189.44,183.88,169.64,204.5,192.01,460.22,434.13,132.54,98.95,140.8,119.81,159.53,79.79,98.32,71.01,133.83,55.32,40.1,57.26,52.39,74.1,42.7
경기도,용인시,2016,4,160.24,170.0,174.0,177.23,164.34,157.19,66.62,101.41,86.24,106.92,76.61,71.87,22.02,58.26,44.03,74.37,13.4,36.55,31.96,27.47,39.08,41.16,95.55,0.0,21.8,23.05,2.25,67.53,28.27,72.71,30.99,292.82,272.36,271.39,274.88,238.87,261.25,269.64,243.88,222.35,261.38,206.14,239.08,162.42,148.21,143.3,156.97,215.3,211.16,130.01,199.02,167.54,236.26,236.23,235.72,233.74,197.88,277.58,289.89,287.17,32.77,43.6,37.92,31.04,40.3,41.28,85.19,269.71,268.69,265.9,267.86,82.8,55.74,47.97,55.52,291.36,293.3,260.02,214.18,274.77,256.21,279.28,328.05,218.5,285.66,301.17,250.98,279.21,257.96,274.77,256.21,277.83,226.39,274.86,317.16,249.06,301.17,242.65,205.22,146.98,162.04,172.48,148.62,145.1,180.79,179.88,157.59,188.06,172.48,446.9,420.16,117.41,61.24,112.77,82.12,136.17,52.53,68.97,47.72,95.6,71.88,56.48,62.1,48.63,72.1,71.96
경기도,이천시,2016,23,137.83,153.02,150.97,154.18,145.44,137.24,43.58,97.83,72.54,95.78,54.38,62.52,23.63,74.09,44.8,77.56,35.97,57.16,53.73,32.45,24.84,18.11,97.0,23.05,42.06,0.0,21.11,79.26,42.26,72.25,54.05,286.53,267.79,262.01,273.82,229.03,258.53,258.87,240.32,214.15,253.33,200.62,224.37,151.66,139.71,122.58,139.17,196.44,197.15,113.0,176.97,151.92,220.01,244.04,242.64,240.79,188.84,267.73,279.8,277.83,43.75,57.35,47.8,39.63,55.37,47.89,89.01,256.32,254.94,253.05,254.32,98.78,73.6,68.63,75.29,298.58,296.98,260.33,220.62,279.91,258.2,280.06,334.95,226.72,291.97,309.38,259.2,289.2,267.78,279.91,258.2,288.14,236.77,282.79,327.22,258.82,309.38,248.78,214.5,157.89,170.66,182.43,154.02,153.27,184.44,180.86,163.06,196.27,182.43,453.83,427.43,124.33,81.9,127.51,102.86,148.2,65.96,84.11,58.28,116.73,59.63,43.32,55.69,46.36,70.2,53.59
경기도,평택시,2016,14,177.23,195.06,186.77,188.72,187.69,179.3,81.41,129.59,112.88,134.52,95.12,99.68,50.21,77.67,72.15,101.44,31.05,51.11,44.35,14.94,64.7,57.6,122.85,28.27,41.24,42.26,28.03,90.3,0.0,100.65,33.96,271.26,249.51,252.84,249.66,221.05,237.13,252.6,220.43,203.01,241.58,184.5,227.3,146.69,130.3,144.37,151.51,210.82,198.71,124.01,203.17,158.2,226.85,208.01,207.61,205.62,179.64,259.48,271.98,268.48,58.66,66.5,63.86,58.07,62.41,68.29,59.07,255.85,255.31,251.36,254.22,100.39,72.63,60.32,68.96,263.19,265.9,234.1,186.16,246.97,229.51,253.07,299.9,190.26,257.61,272.92,222.73,250.99,229.72,246.97,229.51,249.64,198.2,246.62,288.95,220.81,272.92,214.67,176.96,118.8,133.8,144.23,121.02,116.92,153.66,153.97,129.93,159.84,144.23,418.72,391.95,89.53,43.02,85.77,63.27,108.17,24.54,42.05,19.7,77.5,63.08,51.66,47.63,32.49,51.34,72.23
경기도,포천시,2016,24,148.02,123.32,173.33,179.87,126.7,125.96,88.31,29.72,46.51,50.33,82.32,28.05,51.98,52.74,28.82,12.29,71.82,67.08,71.54,98.86,51.46,76.69,25.0,72.71,64.48,72.25,73.45,39.84,100.65,0.0,83.87,358.49,340.03,332.64,345.54,299.48,330.65,328.47,312.54,285.58,324.73,272.81,289.49,222.0,211.33,175.3,200.21,252.75,263.67,176.75,218.58,216.83,282.42,308.53,308.26,306.25,259.97,338.01,349.86,348.44,44.08,45.0,39.55,43.09,48.93,33.45,157.49,323.06,321.2,320.52,320.87,64.7,60.3,70.83,69.18,363.77,365.91,331.47,286.81,347.47,328.38,350.98,400.51,290.69,358.26,373.22,323.11,350.36,329.28,347.47,328.38,348.78,297.48,347.06,388.16,320.44,373.22,315.3,277.02,218.22,234.27,244.09,221.32,217.52,253.32,251.55,230.3,260.34,244.09,519.29,492.45,190.09,122.0,181.27,140.1,206.76,124.09,138.6,120.3,150.65,130.75,114.64,127.89,117.44,141.58,119.18
경기도,화성시,2016,3,190.58,194.74,204.97,208.22,191.15,185.11,97.61,113.56,109.66,126.97,107.03,92.28,45.35,47.35,59.26,80.86,18.85,20.24,13.6,45.11,66.49,72.15,102.04,30.99,20.19,54.05,32.99,62.5,33.96,83.87,0.0,303.95,281.48,286.55,279.42,254.89,268.12,286.51,252.05,236.59,274.99,217.34,260.84,180.64,164.21,172.13,182.82,241.86,232.35,155.42,228.99,190.99,259.8,229.09,229.88,227.74,213.46,293.26,305.78,302.14,40.16,41.25,44.35,42.61,36.79,50.77,89.76,289.71,289.12,285.28,288.06,67.95,40.84,27.05,35.69,284.44,291.29,262.92,209.34,270.92,256.91,281.33,321.26,211.05,280.07,292.75,243.06,268.42,247.64,270.92,256.91,266.6,215.67,267.08,305.96,238.93,292.75,237.81,196.46,137.25,155.29,163.45,146.98,139.59,180.59,183.3,155.53,181.23,163.45,439.43,412.32,115.06,38.16,98.26,57.2,125.08,48.01,57.69,49.56,69.24,94.98,81.49,80.99,65.89,85.17,99.81
경상남도,고성군,2016,2,312.97,379.12,292.48,285.6,360.42,345.99,265.87,364.22,327.7,352.67,281.7,326.05,289.43,327.18,312.23,344.84,279.93,300.38,293.5,244.94,289.9,265.77,364.77,272.36,290.39,267.79,270.85,339.27,249.51,340.03,281.48,29.13,0.0,58.89,41.98,70.49,23.78,76.46,30.21,65.4,43.28,67.51,127.8,127.5,131.09,216.67,181.16,185.95,124.43,186.41,244.66,157.1,148.56,140.36,130.46,131.84,89.67,65.52,71.69,61.18,305.12,315.22,310.22,302.91,311.38,312.85,191.78,111.36,116.15,103.47,113.19,349.38,321.86,308.53,317.15,146.67,104.0,57.2,127.32,115.52,76.13,64.69,161.18,144.5,133.18,163.53,146.87,176.93,167.69,115.52,76.13,180.42,168.07,149.5,195.75,164.75,163.53,122.07,155.95,181.22,160.0,166.99,147.58,164.41,118.03,104.43,142.42,148.73,166.99,250.73,232.28,174.56,261.16,216.18,262.73,192.16,234.42,231.95,231.95,268.55,210.46,226.01,212.27,224.02,200.26,227.21
경상남도,양산시,2016,1,269.16,342.42,243.58,235.44,321.82,306.99,244.57,348.34,306.23,330.11,257.64,309.29,282.28,327.68,303.23,335.68,279.96,302.88,296.43,243.91,277.02,251.78,353.39,269.64,290.31,258.87,267.73,336.7,252.6,328.47,286.51,63.15,76.46,17.91,117.94,32.34,95.86,0.0,86.15,54.6,34.4,83.04,60.38,107.35,122.3,175.4,139.92,123.67,71.52,155.54,187.22,117.24,80.92,204.92,195.2,196.04,73.44,14.6,22.48,26.25,300.94,313.11,305.62,297.63,309.94,306.61,202.48,35.25,40.24,27.88,37.35,351.77,324.06,312.79,321.37,220.69,179.9,129.62,185.9,188.86,147.28,140.54,237.42,204.4,207.17,237.78,214.41,247.63,235.45,188.86,147.28,250.69,229.24,221.15,269.93,230.98,237.78,188.76,212.0,219.43,201.88,213.11,180.96,199.9,161.4,141.59,179.3,199.29,213.11,324.55,307.4,198.94,275.74,245.13,282.95,227.41,244.18,247.56,238.67,291.99,199.31,215.61,207.68,222.01,201.35,209.43
부산광역시,기장군,2016,1,280.56,355.13,253.74,245.29,334.19,319.35,260.8,364.83,322.07,345.65,273.34,325.81,300.11,346.08,320.77,353.09,298.46,321.51,315.11,262.46,294.21,268.97,370.47,287.95,308.77,276.62,286.0,354.8,271.43,345.61,305.36,68.06,87.26,30.29,129.24,51.88,108.71,19.58,101.52,74.11,49.12,102.23,68.02,125.53,141.19,188.53,153.76,130.79,85.0,171.2,195.09,132.02,86.82,221.0,211.18,212.14,92.73,22.26,17.37,27.35,319.0,331.32,323.62,315.59,328.23,324.45,221.86,34.69,39.66,30.92,37.49,370.28,342.61,331.53,340.09,233.58,191.21,142.93,202.97,202.07,161.19,151.94,248.1,221.36,220.06,250.55,229.8,262.12,250.86,202.07,161.19,265.35,246.1,235.22,282.78,246.78,250.55,204.25,229.59,238.64,220.82,231.78,200.27,219.19,180.01,160.48,198.45,217.48,231.78,329.94,314.07,218.51,295.11,264.68,302.47,246.77,263.41,267.01,257.76,311.55,217.2,233.44,226.12,240.59,220.25,226.44
세종특별자치시,세종시,2016,17,199.46,235.53,199.36,198.48,223.88,212.84,111.0,185.32,160.6,184.54,128.32,151.5,105.58,136.09,128.66,159.56,90.12,109.0,102.08,58.68,113.84,96.07,180.73,85.19,100.28,89.01,84.21,149.31,59.07,157.49,89.76,214.74,191.78,200.41,190.61,170.23,178.47,202.48,162.29,150.11,187.46,128.58,187.07,102.69,82.99,136.62,129.05,185.81,158.31,104.18,196.55,126.76,191.19,155.65,153.83,152.03,129.14,207.63,220.26,215.65,117.29,125.57,122.51,116.15,121.45,126.42,0.0,211.03,211.35,205.45,209.81,157.7,130.36,116.79,125.39,209.79,208.57,175.09,131.72,190.96,171.02,194.19,246.03,138.69,202.98,221.03,171.02,202.46,181.0,190.96,171.02,201.78,151.01,194.35,240.34,172.04,221.03,159.79,127.61,75.55,83.72,97.09,65.02,66.22,95.91,94.94,74.06,108.48,97.09,364.88,338.57,36.8,73.26,62.72,82.18,69.64,42.91,45.54,40.39,93.28,57.93,62.4,42.77,43.7,25.35,80.27
인천광역시,서구,2016,1,195.03,182.48,215.0,219.84,183.54,180.59,112.12,87.21,99.96,110.03,115.6,79.95,52.69,8.52,48.67,52.26,44.2,21.52,28.37,80.15,71.83,89.21,70.6,55.74,34.11,73.6,57.89,25.57,72.63,60.3,40.84,343.88,321.86,324.98,320.26,292.85,308.81,324.06,292.56,275.35,314.07,257.13,294.79,217.21,201.98,196.01,212.15,269.92,266.8,185.43,248.77,223.26,291.94,267.74,269.02,266.83,251.57,331.44,343.88,340.67,32.91,20.01,31.87,38.07,19.51,37.33,130.36,325.17,324.24,321.2,323.37,27.81,0.0,15.04,9.3,322.94,331.4,303.73,248.9,310.58,297.55,322.09,359.72,249.66,319.12,330.53,281.3,305.02,284.63,310.58,297.55,302.95,252.64,305.27,342.12,276.08,330.53,277.27,234.59,175.53,194.55,201.74,187.51,179.36,221.22,224.14,195.97,220.26,201.74,477.31,450.07,155.64,72.93,134.89,86.9,162.92,88.84,97.29,90.0,95.04,127.56,112.22,116.54,102.05,123.61,126.63
전라남도,구례군,2016,1,310.37,364.54,297.55,292.74,348.92,335.7,241.4,327.67,298.83,323.61,258.82,292.36,248.32,276.5,271.49,302.5,232.46,249.26,242.38,201.44,254.57,233.57,323.68,228.14,242.31,230.17,227.15,290.88,201.49,300.29,229.18,111.36,82.24,129.61,56.35,121.15,58.98,143.69,58.64,100.79,110.77,75.5,175.22,129.38,119.65,219.92,189.97,218.18,158.59,183.01,264.46,169.57,192.72,61.23,51.53,52.35,108.33,137.88,147.54,137.88,260.07,267.6,265.28,259.07,263.35,269.34,142.95,173.49,177.19,165.21,174.34,296.0,269.88,255.35,263.55,88.92,68.64,36.02,45.08,59.28,28.09,52.41,118.37,62.56,76.95,105.34,71.5,106.74,92.33,59.28,28.09,109.24,86.76,82.89,135.33,87.39,105.34,45.96,73.76,107.47,85.11,88.49,82.69,94.68,48.8,49.74,74.77,68.52,88.49,232.03,207.78,114.33,201.5,147.3,198.14,119.93,181.32,173.55,182.04,201.07,181.69,194.31,176.33,183.81,160.14,203.19
전라남도,나주시,2016,10,360.72,405.6,352.47,348.85,392.55,380.52,280.49,352.29,331.41,354.99,298.08,321.14,272.78,289.06,294.85,322.63,251.55,263.04,256.65,227.36,283.99,267.08,344.12,250.98,260.01,259.2,250.59,305.22,222.73,323.11,243.06,174.76,146.87,199.54,109.53,192.65,123.24,214.41,128.39,172.07,180.81,145.57,246.18,192.07,178.08,276.91,250.9,285.71,228.05,238.99,326.89,232.98,263.07,15.69,21.77,22.27,177.32,207.59,216.39,206.3,279.79,284.12,284.79,280.1,279.66,290.08,171.02,244.89,248.65,236.6,245.78,304.29,281.3,266.26,273.43,41.87,68.9,90.14,42.29,43.27,71.11,91.31,78.47,32.52,41.25,50.22,0.0,36.84,21.06,43.27,71.11,38.55,34.23,24.01,71.63,18.54,50.22,25.67,46.71,105.86,88.94,79.63,106.96,106.07,85.05,101.65,98.23,63.0,79.63,196.41,169.41,134.89,208.48,146.78,198.11,118.38,199.02,185.54,203.34,195.91,222.32,231.43,211.81,214.71,194.01,245.33
전라남도,무안군,2016,1,374.46,416.47,367.56,364.3,404.22,392.58,291.6,358.74,340.29,363.35,309.07,329.02,279.93,292.62,301.44,328.04,257.47,267.28,261.13,235.55,292.39,276.79,349.44,257.96,265.41,267.78,257.74,309.13,229.72,329.28,247.64,195.41,167.69,220.59,129.75,213.45,144.12,235.45,149.44,192.65,201.86,165.75,266.53,210.12,195.24,292.93,268.13,304.75,247.84,254.97,344.26,250.97,283.15,32.88,41.44,41.29,197.09,228.64,237.41,227.3,285.51,288.88,290.39,286.19,284.42,295.97,181.0,265.81,269.52,257.52,266.67,306.46,284.63,269.63,276.41,46.69,84.22,110.78,58.92,59.77,91.73,110.7,79.58,44.26,51.83,47.59,21.06,21.47,0.0,59.77,91.73,21.12,32.0,28.86,59.45,8.97,47.59,46.69,53.41,111.08,97.38,85.52,118.88,114.9,101.16,119.28,110.64,72.84,85.52,193.23,165.85,144.29,211.73,149.8,199.55,122.66,205.52,190.79,210.73,195.86,234.5,242.56,222.81,224.45,204.92,257.62
전라남도,영암군,2016,2,381.94,428.35,372.64,368.7,414.96,402.73,303.25,376.2,354.89,378.57,320.86,344.84,296.63,313.04,318.76,346.63,275.53,287.04,280.66,251.06,307.6,290.36,368.12,274.86,284.01,282.79,274.45,329.22,246.62,347.06,267.08,175.85,149.5,205.27,109.23,202.12,126.7,221.15,135.3,182.99,186.93,158.39,257.64,209.25,196.59,296.34,268.99,300.71,241.48,258.55,344.59,250.05,275.48,38.75,41.48,42.91,191.12,212.97,220.73,210.35,303.77,308.13,308.78,304.05,303.67,314.04,194.35,253.22,257.28,244.91,254.35,328.15,305.27,290.22,297.37,18.72,57.19,92.48,63.72,35.15,74.02,88.29,54.65,56.37,23.3,26.73,24.01,27.83,28.86,35.15,74.02,31.77,55.65,0.0,52.78,33.81,26.73,39.52,70.69,129.87,112.82,103.64,129.86,129.84,105.65,120.33,121.0,86.8,103.64,172.4,145.42,158.47,232.42,170.66,221.81,142.34,222.97,209.55,227.19,219.3,244.68,254.25,234.72,238.04,216.98,267.6
전라남도,장성군,2016,1,330.34,373.64,323.31,320.07,360.92,349.07,248.58,319.83,298.97,322.5,266.14,288.62,240.28,257.31,262.39,290.34,219.2,231.1,224.65,194.85,251.49,234.76,311.84,218.5,227.76,226.72,218.09,273.34,190.26,290.69,211.05,173.52,144.5,191.24,113.25,179.23,120.93,204.4,120.89,157.06,172.43,128.53,229.1,167.6,151.88,248.84,224.69,263.42,208.46,210.89,300.84,208.26,244.51,18.08,21.61,19.23,157.99,199.61,209.68,200.18,247.46,252.0,252.48,247.7,247.55,257.71,138.69,232.19,235.48,224.04,232.74,273.11,249.66,234.62,241.94,73.39,89.5,92.09,18.58,64.82,74.88,100.05,110.22,0.0,69.87,82.74,32.52,65.16,44.26,64.82,74.88,65.34,24.91,56.37,102.35,35.82,82.74,32.14,16.68,74.15,56.45,48.02,75.2,73.55,57.62,76.94,66.72,30.48,48.02,228.67,201.76,102.43,177.02,115.74,167.62,86.96,166.62,153.43,170.84,166.39,190.87,199.51,179.83,182.37,161.97,213.95
전라남도,진도군,2016,1,432.27,475.72,424.06,420.37,463.23,451.42,350.76,417.7,399.73,422.75,368.27,388.36,339.15,350.24,360.49,386.61,316.35,325.37,319.36,294.96,351.81,336.21,407.93,317.16,324.08,327.22,316.98,366.92,288.95,388.16,305.96,219.97,195.75,253.38,154.01,252.88,174.24,269.93,185.14,234.59,235.54,210.76,309.23,261.94,248.91,348.27,321.5,353.39,293.85,310.39,397.22,302.77,327.45,87.24,92.55,93.51,243.66,260.71,267.45,256.92,344.27,347.2,349.1,345.09,342.74,354.79,240.34,302.98,307.23,294.7,304.27,363.02,342.12,327.2,333.69,49.25,93.61,140.32,113.91,81.14,123.17,131.56,49.14,102.35,62.77,32.23,71.63,38.02,59.45,81.14,123.17,39.39,90.76,52.78,0.0,68.42,32.23,92.13,112.84,170.18,156.81,144.87,177.55,174.32,156.62,172.48,169.06,131.96,144.87,139.79,112.52,203.69,269.44,207.76,256.09,181.4,264.67,249.57,270.06,251.19,293.22,301.69,281.97,283.86,264.08,316.3
전라남도,해남군,2016,2,408.25,455.07,398.47,394.37,441.62,429.36,329.97,402.44,381.53,405.16,347.59,371.36,322.99,338.39,345.01,372.59,301.59,312.62,306.31,277.57,334.18,317.06,394.07,301.17,309.94,309.38,300.79,354.71,272.92,373.22,292.75,187.9,163.53,221.18,121.81,221.18,142.04,237.78,153.25,203.34,203.38,180.33,277.9,233.67,221.78,321.85,293.8,323.45,263.28,284.17,369.05,274.28,296.39,65.38,68.08,69.58,213.46,228.49,235.22,224.7,329.8,333.89,334.78,330.18,329.43,340.13,221.03,270.96,275.24,262.69,272.28,352.96,330.53,315.5,322.5,17.16,62.0,108.18,90.37,49.17,91.32,99.42,32.49,82.74,30.62,0.0,50.22,32.56,47.59,49.17,91.32,36.75,78.65,26.73,32.23,55.27,0.0,65.04,96.34,155.52,139.15,129.36,156.59,156.29,131.99,145.9,147.73,113.22,129.36,146.78,119.59,185.06,257.61,195.7,246.26,167.75,249.13,235.37,253.55,243.05,271.36,280.98,261.45,264.73,243.71,294.25
전라북도,고창군,2016,1,322.47,363.12,316.94,314.15,351.06,339.57,238.34,306.33,286.97,310.15,255.78,275.96,227.13,242.35,248.93,276.27,205.32,216.39,210.04,182.34,239.16,223.38,297.74,205.22,213.61,214.5,204.93,258.55,176.96,277.02,196.46,185.08,155.95,199.75,127.05,185.32,132.73,212.0,130.68,162.54,181.09,133.31,232.7,166.52,149.46,243.88,221.64,263.36,210.61,206.1,297.62,206.62,247.09,33.99,38.27,35.89,160.83,208.2,218.76,209.59,233.5,237.57,238.47,233.95,233.11,243.86,127.61,238.24,241.26,230.21,238.6,257.64,234.59,219.55,226.72,88.46,106.15,105.78,28.91,81.49,89.45,115.21,125.16,16.68,85.92,96.34,46.71,74.88,53.41,81.49,89.45,74.17,24.65,70.69,112.84,44.44,96.34,48.7,0.0,59.22,43.97,33.03,66.67,61.49,56.85,77.75,59.08,20.41,33.03,242.97,215.87,90.89,161.77,100.13,151.71,71.67,152.98,139.04,157.77,150.1,181.72,189.35,169.59,171.04,151.69,204.85
전라북도,김제시,2016,5,280.19,319.24,276.23,273.97,307.42,296.1,194.6,263.38,243.08,266.38,211.99,232.33,183.84,202.0,205.94,234.06,162.87,175.45,168.89,138.61,195.37,179.41,255.57,162.04,171.56,170.66,161.65,217.75,133.8,234.27,155.29,188.29,160.0,192.7,141.28,171.85,139.33,201.88,130.92,148.39,175.12,119.01,211.39,136.32,117.07,205.37,186.44,233.3,186.33,168.18,261.42,174.28,223.06,74.26,74.59,72.46,139.9,201.1,212.86,204.97,191.14,196.02,196.18,191.31,191.58,201.34,83.72,223.11,225.34,215.61,222.96,218.86,194.55,179.56,187.15,129.57,138.05,121.11,54.51,116.18,109.62,135.96,166.36,56.45,124.78,139.15,88.94,118.85,97.38,116.18,109.62,118.08,67.38,112.82,156.81,88.41,139.15,82.74,43.97,22.38,0.0,15.53,27.72,17.52,42.25,60.35,24.2,26.09,15.53,285.03,258.18,46.94,122.62,63.65,115.74,35.16,110.23,97.61,114.4,117.06,138.73,145.7,125.94,127.08,108.06,161.82
전라북도,부안군,2016,2,294.81,332.32,291.35,289.19,320.96,309.88,208.08,273.45,254.96,277.88,225.35,243.5,194.44,209.45,216.08,243.26,172.35,183.4,177.03,150.12,206.96,192.01,264.72,172.48,180.6,182.43,172.24,225.59,144.23,244.09,163.45,195.73,166.99,203.09,144.76,183.76,145.31,213.11,138.77,160.33,185.13,130.74,225.14,151.34,132.3,220.82,201.94,248.45,200.57,183.69,276.95,189.6,237.33,66.08,68.32,66.02,153.32,211.54,223.03,214.76,200.52,204.55,205.47,201.01,200.09,210.89,97.09,235.6,238.02,227.96,235.56,225.09,201.74,186.7,193.96,121.2,134.67,123.95,51.15,111.33,110.55,137.05,157.99,48.02,117.83,129.36,79.63,106.86,85.52,111.33,110.55,105.72,54.36,103.64,144.87,76.6,129.36,77.66,33.03,26.23,15.53,0.0,43.18,31.46,51.78,71.77,38.81,21.15,0.0,275.98,248.9,60.39,129.03,67.78,119.82,38.93,120.12,106.01,125.21,119.3,153.09,159.41,139.68,139.91,121.88,176.11
전라북도,정읍시,2016,22,302.21,343.76,296.54,293.74,331.39,319.75,218.81,289.42,268.57,292.04,236.32,258.14,209.83,227.79,231.98,260.15,188.95,201.35,194.83,164.37,221.03,204.5,281.65,188.06,197.63,196.27,187.64,243.65,159.84,260.34,181.23,177.71,148.73,188.16,124.48,171.23,126.43,199.29,121.46,148.05,169.8,118.47,216.21,147.41,129.85,223.55,201.7,244.52,193.16,185.8,277.58,187.18,229.83,48.19,48.76,46.57,144.12,196.63,207.73,199.03,217.22,222.03,222.26,217.39,217.59,227.43,108.48,223.82,226.57,215.95,224.0,244.25,220.26,205.25,212.74,103.48,113.91,103.49,30.13,91.08,89.58,116.07,140.28,30.48,98.88,113.22,63.0,94.23,72.84,91.08,89.58,93.84,45.06,86.8,131.96,63.94,113.22,57.42,20.41,45.52,26.09,21.15,46.36,43.07,39.52,60.74,38.66,0.0,21.15,258.95,232.12,72.04,147.99,87.68,139.93,58.66,136.31,123.55,140.39,140.01,161.73,169.76,150.02,152.11,132.13,184.86
충청남도,아산시,2016,11,197.29,218.98,204.2,205.31,210.92,202.0,101.94,153.35,137.35,159.06,116.94,124.19,74.54,95.23,95.96,123.94,52.7,67.97,61.07,34.58,89.1,79.79,145.44,52.53,61.77,65.96,52.47,109.66,24.54,124.09,48.01,257.63,234.42,242.78,231.44,212.08,220.46,244.18,204.75,192.52,230.19,171.48,224.53,141.28,122.88,154.38,155.97,214.99,195.67,128.88,214.44,158.96,226.35,184.49,184.47,182.42,170.74,249.87,262.48,258.15,80.97,86.78,86.06,81.09,82.43,91.12,42.91,250.71,250.66,245.57,249.31,115.69,88.84,74.71,83.19,239.78,244.24,214.92,163.33,224.56,209.13,233.4,276.56,166.62,234.6,249.13,199.02,226.74,205.52,224.56,209.13,225.33,173.9,222.97,264.67,196.64,249.13,191.87,152.98,94.49,110.23,120.12,99.47,93.68,132.85,135.31,108.19,136.31,120.12,395.26,368.38,67.57,33.62,61.55,49.18,83.67,0.0,18.57,10.31,62.95,69.88,63.45,51.57,39.23,46.36,85.12
충청남도,천안시,2016,41,187.49,211.02,194.01,195.06,202.36,193.12,92.43,149.12,130.47,152.84,107.8,118.31,69.44,95.72,91.72,121.13,50.42,68.61,61.69,26.03,82.21,71.01,142.55,47.72,60.3,58.28,47.25,109.16,19.7,120.3,49.56,254.42,231.95,237.94,230.81,206.75,218.86,238.67,202.57,187.79,225.9,167.88,217.07,134.49,116.74,144.27,146.64,205.8,188.25,119.42,204.26,150.43,218.25,188.54,188.01,186.03,165.32,244.84,257.42,253.43,78.3,85.62,83.49,77.77,81.41,88.0,40.39,244.02,243.81,239.1,242.54,117.43,90.0,76.61,85.25,243.65,246.22,214.93,166.51,227.27,210.03,233.77,280.33,170.84,237.97,253.55,203.34,232.06,210.73,227.27,210.03,230.82,179.37,227.19,270.06,201.8,253.55,195.0,157.77,100.1,114.4,125.21,101.33,97.4,134.06,134.9,110.23,140.39,125.21,399.19,372.46,69.83,42.46,69.79,59.18,90.02,10.31,28.25,0.0,73.08,59.89,53.14,41.77,28.98,38.55,74.81
충청북도,괴산군,2016,3,141.9,184.1,141.63,141.1,170.27,158.22,59.73,153.83,118.64,143.7,77.24,115.62,82.97,130.04,104.28,136.97,83.72,107.5,101.81,49.9,79.75,55.32,155.72,71.88,93.48,59.63,69.79,137.73,63.08,130.75,94.98,227.92,210.46,202.4,220.11,169.4,203.01,199.31,184.09,154.85,194.01,142.96,167.23,92.04,80.61,84.59,88.44,147.75,139.28,60.94,144.84,96.2,165.05,206.66,203.29,201.78,129.35,208.1,220.17,218.22,101.89,114.55,106.45,98.4,111.71,107.3,57.93,197.94,196.85,194.29,196.06,154.66,127.56,118.47,126.59,258.58,250.11,208.62,180.99,236.04,209.09,228.78,293.69,190.87,250.19,271.36,222.32,255.8,234.5,236.04,209.09,255.55,205.88,244.68,293.22,225.64,271.36,207.59,181.72,133.1,138.73,153.09,115.68,121.66,140.45,132.05,124.18,161.73,153.09,411.46,385.95,93.06,101.84,117.73,119.04,127.57,69.88,85.25,59.89,132.82,0.0,16.31,18.57,31.56,32.77,23.14
충청북도,옥천군,2016,1,198.11,243.87,192.78,190.42,229.83,217.5,119.25,205.92,175.69,200.49,136.84,169.67,128.0,164.21,151.16,183.29,116.88,137.59,130.75,82.24,132.02,110.45,203.87,109.71,127.34,108.09,108.32,176.26,86.56,179.67,119.2,184.8,163.05,168.83,165.88,138.45,151.56,170.69,134.24,118.54,156.27,98.13,156.78,72.38,52.05,122.47,107.62,161.08,128.24,86.18,180.14,100.98,162.25,147.53,143.78,142.33,97.35,175.97,188.6,184.16,142.47,152.22,147.63,140.57,148.35,150.67,31.8,179.63,180.1,173.91,178.49,186.79,159.11,146.21,154.87,198.88,191.11,152.28,121.52,176.38,150.94,172.11,233.92,132.32,190.42,211.86,163.22,197.47,176.37,176.38,150.94,197.49,149.09,185.24,234.5,167.64,211.86,147.85,124.53,83.88,83.55,98.83,57.86,67.99,80.68,73.43,65.76,104.19,98.83,351.77,326.2,44.42,105.05,85.94,113.41,82.85,73.99,77.16,69.78,123.83,59.77,71.28,53.26,62.24,38.09,82.44
충청북도,음성군,2016,47,138.31,174.16,141.82,142.38,161.72,150.48,49.08,138.22,104.7,129.65,66.64,100.38,66.68,114.35,87.99,120.7,68.82,92.62,87.23,37.26,63.9,40.1,139.59,56.48,78.24,43.32,54.33,121.62,51.66,114.64,81.49,243.89,226.01,218.7,234.5,185.71,217.97,215.61,199.26,171.04,210.22,158.57,182.72,108.35,96.71,92.78,101.38,160.37,154.99,74.08,152.03,111.06,179.81,215.86,213.09,211.46,145.61,224.41,236.48,234.53,85.78,98.6,90.27,82.2,95.89,91.02,62.4,213.85,212.66,210.33,211.93,139.05,112.22,103.79,111.71,268.77,262.39,222.35,190.76,247.36,221.99,242.4,304.34,199.51,260.9,280.98,231.43,263.98,242.56,247.36,221.99,263.49,213.08,254.25,301.69,233.64,280.98,217.98,189.35,137.74,145.7,159.41,124.48,128.3,151.39,144.57,133.27,169.76,159.41,422.6,396.81,99.02,93.04,117.47,111.68,130.81,63.45,80.63,53.14,125.8,16.31,0.0,19.77,24.55,37.66,21.67
충청북도,진천군,2016,26,161.77,192.42,166.28,166.93,181.62,171.22,69.08,144.01,117.01,141.14,85.89,108.73,65.8,105.85,88.94,121.18,57.99,80.94,74.62,21.91,70.91,52.39,141.65,48.63,68.41,46.36,46.98,116.12,32.49,117.44,65.89,244.21,224.02,223.17,228.11,190.87,213.55,222.01,195.82,173.88,212.85,157.57,194.97,115.3,100.03,115.44,119.67,179.01,166.46,92.21,175.32,125.72,194.35,199.35,197.44,195.66,149.68,229.52,241.91,238.91,81.23,92.12,86.29,78.9,88.61,88.85,43.7,223.98,223.31,219.69,222.29,129.78,102.05,91.17,99.65,253.39,250.69,214.2,175.27,233.93,211.85,233.85,289.54,182.37,246.37,264.73,214.71,245.92,224.45,233.93,211.85,245.14,194.13,238.04,283.86,215.49,264.73,203.2,171.04,116.85,127.08,139.91,108.51,109.56,138.24,134.56,117.53,152.11,139.91,408.32,382.1,80.17,70.35,93.62,88.06,108.87,39.23,56.09,28.98,102.03,31.56,24.55,15.15,0.0,24.15,46.13
충청북도,청주시,2016,7,174.11,211.68,174.38,173.75,199.38,188.06,86.68,167.99,139.4,163.9,104.19,132.22,89.93,128.08,113.08,145.27,80.26,102.17,95.52,44.71,94.44,74.1,165.8,72.1,90.77,70.2,70.6,139.25,51.34,141.58,85.17,220.96,200.26,201.52,203.96,169.73,189.48,201.35,171.87,151.76,190.46,134.19,178.52,96.14,79.06,114.22,111.04,169.54,149.7,84.61,174.55,112.7,180.0,178.47,175.97,174.29,128.31,208.15,220.65,217.17,104.86,115.18,109.98,102.75,111.48,112.79,25.35,205.64,205.36,200.85,204.13,151.42,123.61,111.65,120.28,231.8,227.41,190.15,153.68,211.3,188.12,209.86,267.63,161.97,224.29,243.71,194.01,226.35,204.92,211.3,188.12,225.83,175.44,216.98,264.08,195.99,243.71,181.21,151.69,100.86,108.06,121.88,87.12,90.69,115.34,110.7,95.99,132.13,121.88,386.19,360.18,61.5,79.98,85.53,93.93,94.89,46.36,57.62,38.55,106.81,32.77,37.66,17.9,24.15,0.0,54.92
충청북도,충주시,2016,1,119.19,161.7,120.75,121.0,147.39,135.18,39.02,139.39,100.49,125.47,55.92,100.43,76.85,127.6,95.29,127.01,85.13,108.49,103.79,57.42,67.87,42.7,144.04,71.96,93.54,53.59,69.72,132.55,72.23,119.18,99.81,242.89,227.21,214.24,239.47,181.01,221.36,209.43,202.01,168.67,207.49,159.84,171.54,103.86,96.14,72.5,85.62,143.41,144.93,59.47,130.94,98.84,166.53,229.67,226.17,224.69,142.64,219.31,231.0,229.98,97.31,110.94,101.19,93.04,108.87,100.57,80.27,204.31,202.66,201.52,202.2,152.32,126.63,119.93,127.34,281.32,271.76,228.94,203.88,258.31,230.29,249.18,316.23,213.95,272.73,294.25,245.33,278.92,257.62,258.31,230.29,278.68,229.0,267.6,316.3,248.77,294.25,230.28,204.85,155.74,161.82,176.11,138.79,144.71,163.02,153.76,147.25,184.86,176.11,433.72,408.37,115.96,114.32,138.09,133.23,149.72,85.12,102.22,74.81,147.38,23.14,21.67,38.24,46.13,54.92,0.0
