구분,시도,시군,14-Oct,14-Nov,14-Dec,15-Jan,15-Feb,15-Mar,15-Oct,15-Nov,15-Dec,16-Jan,16-Feb,16-Mar,16-Oct,16-Nov,16-Dec,17-Jan,17-Feb,17-Mar,17-Oct,17-Nov,17-Dec,18-Jan,18-Feb,18-Mar,18-Oct,18-Nov,18-Dec,19-Jan,19-Feb,19-Mar,19-Oct,19-Nov,19-Dec,20-Jan,20-Feb,20-Mar,20-Oct,20-Nov,20-Dec,21-Jan,21-Feb,21-Mar
조사종수,-,-,182,190,186,180,186,186,201,180,194,194,173,175,186,195,195,190,177,174,176,159,188,189,195,170,177,166,199,202,157,160,183,169,214,210,167,162,180,180,203,202,178,180
합계,-,-,"617,312","1,038,700","1,111,763","974,685","675,607","839,772","483,382","778,868","1,764,969","1,568,527","875,838","438,506","500,205","905,642","1,188,443","1,320,000","890,509","413,302","382,817","607,613","1,069,951","1,432,843","968,497","414,952","454,906","757,778","1,320,063","1,469,859","713,814","368,329","611,490","705,740","1,817,155","1,629,083","923,296","380,384","575,277","944,700","1,571,494","1,481,717","858,236","472,276"
철원평야,강원도 ,철원군,"51,660","43,900","9,336","10,857","14,109","40,987","70,824","52,965","48,258","17,208","25,098","18,073","30,144","42,176","28,046","29,915","22,531","8,044","49,592","57,910","57,633","39,898","36,929","74,873","77,656","82,745","58,438","56,868","41,524","65,786","80,054","87,356","70,858","62,302","99,543","60,365","39,088","36,482","53,663","21,929","54,268","40,268"
연천군,경기도 ,연천군,595,"1,150","1,227","3,530","4,674","3,297","1,349","1,986","5,171","9,172","7,180","7,458","2,053","1,933","4,445","5,690","6,966","3,038",0,0,"5,196","3,060","6,200",0,0,0,"4,099","5,691",0,0,0,0,"5,134","7,786",0,0,0,"2,493","3,639","4,452","11,186","2,471"
성산-성수,서울특별시,성동구,477,"4,443","7,212","6,333","5,853","21,801","1,434","4,026","5,640","2,527","5,425","1,636",668,"3,875","1,352",876,0,"15,014",0,0,"1,966","2,208","1,640",0,0,0,870,"1,647",0,0,0,0,"2,088","2,925",0,0,0,0,"2,312","1,979",0,0
성산-성수,서울특별시,마포구,477,"4,443","7,212","6,333","5,853","21,801","1,434","4,026","5,640","2,527","5,425","1,636",668,"3,875","1,352",876,0,"15,014",0,0,"1,966","2,208","1,640",0,0,0,870,"1,647",0,0,0,0,"2,088","2,925",0,0,0,0,"2,312","1,979",0,0
성수-팔당댐,서울특별시,성동구,552,"1,917","2,199","3,023","6,068","5,469",616,"2,945","4,621","5,880","5,863","1,454",541,"1,407","2,724","2,468","4,186","10,784",0,0,"2,475","3,588","2,982",0,0,0,"3,423","2,084",0,0,0,0,"2,890","2,368",0,0,0,0,"1,918","2,602",0,0
성수-팔당댐,경기도 ,남양주시,552,"1,917","2,199","3,023","6,068","5,469",616,"2,945","4,621","5,880","5,863","1,454",541,"1,407","2,724","2,468","4,186","10,784",0,0,"2,475","3,588","2,982",0,0,0,"3,423","2,084",0,0,0,0,"2,890","2,368",0,0,0,0,"1,918","2,602",0,0
중랑천,서울특별시,중랑구,0,0,"3,773",0,0,0,0,0,"5,957","5,514",0,0,0,0,"1,997","1,194",0,0,"1,203","1,823","1,545","1,556","1,471","1,370","1,016","1,755","2,141","1,885","2,585","5,922","1,559","2,101","1,119","1,521","2,370","2,194","1,198","1,163","2,129","2,537","1,746","1,662"
탄천,경기도 ,용인시,0,0,"1,108",0,0,0,0,0,871,"1,350",0,0,0,0,"1,103",859,0,0,542,934,829,827,946,609,443,862,689,"1,125","1,483","1,250",621,567,647,657,917,663,545,"1,078",662,738,738,609
탄천,서울특별시,강남구,0,0,"1,108",0,0,0,0,0,871,"1,350",0,0,0,0,"1,103",859,0,0,542,934,829,827,946,609,443,862,689,"1,125","1,483","1,250",621,567,647,657,917,663,545,"1,078",662,738,738,609
탄천,서울특별시,송파구,0,0,"1,108",0,0,0,0,0,871,"1,350",0,0,0,0,"1,103",859,0,0,542,934,829,827,946,609,443,862,689,"1,125","1,483","1,250",621,567,647,657,917,663,545,"1,078",662,738,738,609
팔당호(경안천 포함),경기도 ,광주시,0,0,"1,412",0,0,0,0,0,"1,832","2,225",0,0,0,0,"1,138","2,665",0,0,"4,021","4,126","1,105","1,202",546,"3,687","4,663","6,858","2,315","1,230","2,531","2,589","3,478","2,570","3,480","3,049","2,555","2,504","3,353","4,859","2,999","1,795","5,475","3,784"
남한강(양평-여주),경기도 ,여주시,0,0,"2,499",0,0,0,0,0,"4,017","5,591",0,0,0,0,"3,832","3,245","15,213","13,963",0,0,"4,373","6,934","3,906",0,0,0,"3,294","2,621",0,0,0,0,"5,223","9,554",0,0,0,"4,466","7,711","5,647","5,531","3,349"
남한강(양평-여주),경기도 ,양평군,0,0,"2,499",0,0,0,0,0,"4,017","5,591",0,0,0,0,"3,832","3,245","15,213","13,963",0,0,"4,373","6,934","3,906",0,0,0,"3,294","2,621",0,0,0,0,"5,223","9,554",0,0,0,"4,466","7,711","5,647","5,531","3,349"
횡성호,강원도 ,횡성군,0,0,899,0,0,0,0,0,412,639,0,0,0,0,532,522,0,0,0,0,0,0,0,0,0,0,0,0,0,0,0,0,0,0,0,0,0,0,0,0,0,0
남한강(여주-충주),충청북도,충주시,"4,786","7,534","13,632","11,569","12,602","10,745","4,192","11,329","38,957","21,871","19,116","15,089","3,367","14,710","10,565","16,674",0,0,"3,794","8,669","8,796","10,553","12,337","13,005","3,776","12,566","8,162","13,192","9,748","12,857","7,065","16,508","18,631","17,259","12,660","12,930","5,703","22,594","15,999","16,535","19,991","13,422"
섬강,강원도 ,횡성군,988,"1,675","1,632","1,435","1,561","1,364",737,"1,226","1,658","1,911","1,964","1,582",816,"1,043","1,099","1,384",0,"1,684","1,259","1,246","2,276","3,361","3,166","2,764","1,366","2,058",747,777,"1,180","2,571","1,508","1,998","2,254","2,281","2,038","2,437","1,045","1,767","1,462","2,910","3,439","2,421"
북한강(청평댐-화천교),강원도 ,화천군,0,0,992,0,0,0,0,0,"1,171","1,165",0,0,0,0,"1,126","1,650",0,0,0,0,"1,100","1,015",947,0,0,0,"1,376","1,528",0,0,0,0,"2,341","3,095",0,0,0,0,"1,606","1,210",0,0
북한강(청평댐-화천교),경기도 ,가평군,0,0,992,0,0,0,0,0,"1,171","1,165",0,0,0,0,"1,126","1,650",0,0,0,0,"1,100","1,015",947,0,0,0,"1,376","1,528",0,0,0,0,"2,341","3,095",0,0,0,0,"1,606","1,210",0,0
소양호 하류,강원도 ,춘천시,0,0,935,0,0,0,0,0,"1,076",468,0,0,0,0,855,779,0,0,497,821,830,712,"1,075","2,576",986,"1,617",982,"1,221","2,150","3,179",958,"1,471","1,501","1,697","1,687","2,479","1,039","1,108","1,366","1,628","1,726","1,921"
성산대교-행주대교,서울특별시,마포구,0,0,"1,393",0,0,0,0,0,"8,637","4,699",0,0,0,0,"2,978","2,142",0,0,0,0,"3,020","2,728","2,322",0,0,0,"1,500","1,323",0,0,0,0,"2,338","5,661",0,0,0,"1,742","1,786","4,207",837,"2,579"
안양천,서울특별시,영등포구,0,0,"3,921",0,0,0,0,0,"2,477","3,762",0,0,0,0,"1,599","2,323",0,0,"3,318","3,927","3,669","2,648","2,848","1,594",565,690,"1,934","2,180",969,597,397,422,"4,219","7,228",668,530,490,"1,175","2,964","3,467",650,624
안양천,경기도 ,의왕시,0,0,"3,921",0,0,0,0,0,"2,477","3,762",0,0,0,0,"1,599","2,323",0,0,"3,318","3,927","3,669","2,648","2,848","1,594",565,690,"1,934","2,180",969,597,397,422,"4,219","7,228",668,530,490,"1,175","2,964","3,467",650,624
"한강하구(오두산전망대-일산대교)·김포평야(하성, 사우동)·공릉천",경기도 ,김포시,"21,577","26,820","15,874","14,396","14,718","14,592","26,637","18,216","22,345","15,851","15,122","36,004","27,055","23,350","16,795","13,766","17,088","12,795","1,535","6,657","17,609","19,160","14,771","1,491","1,174","8,479","14,386","18,697",0,0,0,0,"17,709","18,966",0,0,0,"21,797","14,401","9,028","14,397","20,359"
"한강하구(오두산전망대-일산대교)·김포평야(하성, 사우동)·공릉천",경기도 ,파주시,"21,577","26,820","15,874","14,396","14,718","14,592","26,637","18,216","22,345","15,851","15,122","36,004","27,055","23,350","16,795","13,766","17,088","12,795","1,535","6,657","17,609","19,160","14,771","1,491","1,174","8,479","14,386","18,697",0,0,0,0,"17,709","18,966",0,0,0,"21,797","14,401","9,028","14,397","20,359"
"한강하류(일산대교-행주대교)·이화동 일원(홍도평, 이화리, 태리)",경기도 ,김포시,"4,089","11,402","9,657","6,273","4,254","8,672","9,447","9,866","11,348","20,542","9,768","9,493","8,034","26,778","7,233","9,920","14,694","8,301","9,880","8,684","16,774","13,824","11,789","7,859","12,081","18,866","16,854","20,593","8,120","16,143","18,524","22,424","28,331","16,129","24,066","22,131","14,137","22,007","18,601","7,411","13,034","27,589"
임진강(장남교-오두산전망대),경기도 ,파주시,"4,954","16,882","16,419","11,752","15,544","14,958","10,900","17,868","14,721","10,221","17,150","14,944","22,386","30,023","19,294","15,484","24,974","12,178","11,519","36,047","17,078","28,436","18,417","38,018","14,315","27,585","30,402","23,082","16,348","18,584","121,020","50,872","32,331","27,992","31,711","24,442","40,970","39,939","28,419","30,288","26,810","19,341"
강화도,인천광역시,강화군,0,0,"12,876",0,0,0,0,0,"10,841","12,216",0,0,0,0,"17,754","12,838","5,889","3,568",0,0,"4,729","4,339","4,135",0,0,0,"4,576","6,587",0,0,0,0,"7,862","10,323",0,0,0,0,"6,488","3,125",0,0
석모도,인천광역시,강화군,0,0,"5,064",0,0,0,0,0,"8,808","5,796",0,0,0,0,"4,614","2,982",0,0,0,0,"5,813","3,675","3,695",0,0,0,"5,240","4,657",0,0,0,0,"5,166","6,239",0,0,0,0,"7,155","4,006",0,0
교동도,인천광역시,강화군,0,0,"5,011",0,0,0,0,0,"13,545","7,070",0,0,0,0,"13,646","9,352",0,0,0,0,"7,829","12,003","9,385",0,0,0,"12,149","10,986",0,0,0,0,"11,278","12,593",0,0,0,0,"16,400","9,012",0,0
영종도(운북동),인천광역시,중구,0,0,"1,458",0,0,0,0,0,"3,237","1,729",0,0,0,0,"2,481","2,167",0,0,0,0,"1,510","1,958","3,264",0,0,0,"2,509","3,157",0,0,0,0,"4,288","5,334",0,0,0,0,"4,989","2,804",0,0
"영종도(운남, 삼목동)",인천광역시,중구,0,0,"3,007",0,0,0,0,0,"3,092","1,077",0,0,0,0,"7,071","3,383",0,0,0,0,0,0,0,0,0,0,0,0,0,0,0,0,0,0,0,0,0,0,0,0,0,0
송도,인천광역시,연수구,0,0,"1,871",0,0,0,0,0,"6,350","8,273",0,0,0,0,"1,871","5,430",0,0,0,0,"5,832","3,052","3,294",0,0,0,"11,316","5,235",0,0,0,0,"10,865","10,007",0,0,0,0,"5,074","4,150",0,0
청라지구·굴포천 하구,인천광역시,서구,0,0,"1,685",0,0,0,0,0,"3,816","3,114",0,0,0,0,"2,722","2,166",0,0,0,0,"1,508","1,651","2,341",0,0,0,"2,538","2,912",0,0,0,0,"3,061","4,738",0,0,0,0,"2,118","4,237",0,0
대부도,경기도 ,안산시,"5,426","6,356","13,646","4,598","5,093","6,183","3,345","5,190","7,166","8,169","4,362","3,359","4,105","4,496","4,641","4,123",0,0,0,0,"7,075","3,232","6,762",0,0,0,"5,877","4,270",0,0,0,0,"7,767","8,966",0,0,0,0,"8,857","7,681",0,0
시화호,경기도 ,안산시,"36,502","25,600","16,006","13,814","16,058","18,031","40,501","28,106","36,625","24,364","25,906","11,502","63,127","20,536","19,848","18,124","11,332","14,883","45,347","23,082","8,382","9,083","3,423","20,632","49,574","30,310","18,841","7,734","7,703","12,831","42,383","33,134","8,097","13,898","11,414","11,497","48,330","45,641","24,485","10,532","14,249","13,781"
왕송저수지,경기도 ,의왕시,0,0,887,0,0,0,0,0,"1,472","1,439",0,0,0,0,"1,636","1,391",0,0,0,0,"1,757",491,493,0,0,0,470,538,0,0,0,0,"3,454","1,107",0,0,0,"2,540","4,764","1,064",558,486
물왕저수지,경기도 ,시흥시,0,0,130,0,0,0,0,0,540,391,0,0,0,0,172,96,0,0,0,0,0,0,0,0,0,0,0,0,0,0,0,0,0,0,0,0,0,0,0,0,0,0
발안저수지,경기도 ,화성시,0,0,540,0,0,0,0,0,"2,076",981,0,0,0,0,"1,072",425,0,0,0,0,282,160,507,0,0,0,612,157,0,0,0,0,320,843,0,0,0,0,"1,030",269,0,0
서호,경기도 ,수원시,479,759,"1,407",721,869,"1,184",254,"1,555","2,853","3,893",901,"1,282",411,"2,604","6,220","2,878",0,0,0,0,"2,961","1,302","1,186",0,0,0,"3,658","2,254",0,0,0,0,"2,442","2,004",0,0,0,"4,738","2,310","1,079","1,380","1,166"
진위천,경기도 ,처인구,"1,818","2,782","1,484","2,850","2,127","2,087","1,142","1,775","3,406","1,679","3,225",533,"1,364","2,591","3,557","1,867",0,"1,737",0,0,"6,093","5,140","2,550",0,0,0,"5,697","4,862",0,0,0,0,"4,421","2,914",0,0,0,"1,756","3,995","9,659","4,423","1,740"
이동저수지,경기도 ,처인구,0,0,391,0,0,0,0,0,"5,435","3,918",0,0,0,0,366,"1,249",0,0,0,0,266,"1,232",545,0,0,0,579,"1,127",0,0,0,0,"1,093",631,0,0,0,0,529,270,0,0
고삼저수지,경기도 ,안성시,0,0,347,0,0,0,0,0,"2,722","1,343",0,0,0,0,"1,658",913,0,0,0,0,"1,270",859,"1,357",0,0,0,"1,778","1,285",0,0,0,0,"2,689","1,561",0,0,0,0,"1,395","1,687",0,0
청미천,경기도 ,이천시,919,"2,413","1,029","2,267","3,000","1,432",459,"3,885",678,"1,001","1,045",685,773,960,"1,161","1,768","1,820","1,282","2,015","1,223","1,779","8,242","4,267","2,837","2,374","2,528","5,322","4,623","4,973","2,664","2,448","3,080","7,489","9,827","2,284","1,826","2,976","6,159","4,796","6,463","5,874","2,196"
풍서천,충청남도,천안시,318,365,170,440,739,347,273,539,335,624,"1,029",933,636,820,525,389,997,550,294,727,997,"2,316","1,132",669,103,596,300,646,483,392,327,479,292,356,319,699,303,187,262,318,188,222
곡교천,충청남도,아산시,"1,816","2,389",746,"2,029","2,035",771,908,829,561,"2,475","3,012","2,650","1,106","3,259","2,546","9,314","1,789","1,523","1,354","2,122","9,675","6,683","2,631","1,986",519,"1,764","5,843","3,560","3,654","2,332",684,"1,934","2,626","2,284","1,502","1,045",730,970,"1,130","3,008","2,171",828
봉강천,전라남도 ,보성군,187,451,300,"1,065","1,543","1,611",433,518,499,"1,244","1,328","1,312",350,659,"1,076","1,309","2,578",369,346,815,922,"2,198","1,169",742,72,885,561,382,828,437,223,474,354,561,"1,076",472,208,312,354,563,614,362
"남양만(장안면, 우정면)",경기도 ,화성시,"25,417","46,760","29,845","8,691","55,097","32,741","13,676","46,379","98,941","25,390","19,030","18,040","22,611","51,847","14,004","14,454","12,957","13,394","19,107","17,414","14,729","17,663","14,529","23,275","8,671","24,680","11,717","6,166",0,0,0,0,"25,358","31,544",0,0,0,"59,630","29,191","6,374","12,783","15,692"
남양호,경기도 ,평택시,"3,056","4,252","3,226","17,015","1,580","5,012","7,820","5,984","15,952","13,717","7,117","3,968","2,419","3,460","3,831","11,537","5,854","3,025","2,552","2,864","5,607","9,581","2,272","1,592","2,192","5,228","6,010","12,978","12,344","4,212","4,133","6,122","9,541","5,267","7,212","3,582","1,864","7,827","5,651","5,703","10,311","3,151"
아산만,충청남도,아산시,"13,270","10,338","5,371","5,154","5,125","3,278","13,522","9,138","9,251","9,690","4,657","6,460","10,647","6,660","5,631","12,742","3,386","3,256",0,0,"6,593","3,924","3,324",0,0,0,"14,748","9,678",0,0,0,0,"6,487","10,665",0,0,0,0,"27,730","18,467",0,0
아산만,경기도 ,평택시,"13,270","10,338","5,371","5,154","5,125","3,278","13,522","9,138","9,251","9,690","4,657","6,460","10,647","6,660","5,631","12,742","3,386","3,256",0,0,"6,593","3,924","3,324",0,0,0,"14,748","9,678",0,0,0,0,"6,487","10,665",0,0,0,0,"27,730","18,467",0,0
아산호,경기도 ,평택시,"2,167","6,496","8,066","6,047","3,090","273,527","1,711","3,922","5,238","3,906","6,540","6,092","1,607","6,491","8,531","7,981","3,082","3,292","2,140","4,306","7,226","7,090","10,208","2,852","2,546","7,062","10,579","12,849","7,008","4,610","1,778","12,983","9,408","6,628","10,122","5,464","3,222","13,178","7,721","5,690","8,038","3,406"
아산호,충청남도,아산시,"2,167","6,496","8,066","6,047","3,090","273,527","1,711","3,922","5,238","3,906","6,540","6,092","1,607","6,491","8,531","7,981","3,082","3,292","2,140","4,306","7,226","7,090","10,208","2,852","2,546","7,062","10,579","12,849","7,008","4,610","1,778","12,983","9,408","6,628","10,122","5,464","3,222","13,178","7,721","5,690","8,038","3,406"
삽교호,충청남도,아산시,616,"5,983","29,644","13,962","37,620","44,625",956,"3,908","53,579","50,315","24,909","2,506","1,978","10,120","27,474","14,396","15,812","9,678","1,204","12,276","41,519","11,700","7,413","6,219","2,569","14,209","20,933","17,914","18,097","22,129","3,839","10,409","24,978","14,463","7,618","28,389","2,770","9,900","16,897","8,819","10,110","3,999"
예당저수지,충청남도,예산군,147,"1,599","9,231","4,546","4,296","1,841",786,"4,534","18,339","14,285","9,095","3,736",723,"1,735","1,795","4,270","6,464","1,309",160,959,"2,405","2,444","2,036",803,635,"2,060","2,756","1,119","1,879",836,138,"3,894","3,633","1,846","71,735","1,540",586,"2,962","1,583",702,"101,233",931
석문간척지,충청남도,당진시,"27,766","34,076","6,960","4,555","3,097","3,232","10,065","27,436","15,026","4,563","3,630","1,859","4,512","30,444","18,997","9,145","4,767","1,602","14,808","12,474","17,550","7,046","3,780","2,255","8,147","17,285","13,201","5,536","5,661","3,207","4,903","13,724","9,969","7,289","6,281","1,476","7,670","10,983","10,442","5,225","5,749","1,918"
대호,충청남도,당진시,732,"1,198","5,720","5,710","4,099","2,583","12,242","5,982","25,341","6,582","7,165","1,560","3,488","20,457","25,426","9,218","8,345","2,082","13,937","18,544","15,776","11,048","1,391","7,301","12,694","17,355","16,153","7,263","7,484","2,835","7,011","10,512","17,203","4,593","4,438","3,189","7,986","9,033","10,096","5,334","3,418","1,145"
가로림만,충청남도,태안군,413,"1,634","8,599","11,452","2,412",627,403,371,"12,269","19,001","3,242","1,926",893,"5,207","15,764","10,601","3,315","1,807",0,0,"8,949","11,566","8,096",0,0,0,"16,542","11,376",0,0,0,0,"17,001","6,629",0,0,0,"15,622","11,019","9,700","10,524","6,438"
태안군 이원면 해안,충청남도,태안군,"18,824","4,041","5,361","27,557","16,183","4,960","1,593","2,274","5,143","19,920","11,242","2,418","1,926","19,867","14,897","9,285","20,696",932,0,0,"7,201","24,377","6,759",0,0,0,"12,930","10,751",0,0,0,0,"17,409","20,772",0,0,0,"16,567","13,050","8,267","7,006","1,985"
태안군 근흥면 해안,충청남도,태안군,"1,840","2,011","10,904","13,598","3,244","5,416","2,160","2,912","2,625","5,525","6,158","3,659","2,362","4,873","15,382","7,046",0,"3,112",0,0,"19,271","9,360","12,446",0,0,0,"12,099","5,937",0,0,0,0,"7,649","9,124",0,0,0,"6,415","11,548","8,654","7,443","3,687"
수룡저수지,충청남도,태안군,0,0,"3,412",0,0,0,0,0,"1,070","2,682",0,0,0,0,"3,633",796,0,0,0,0,"1,600","3,401","2,468",0,0,0,"2,745","2,215",0,0,0,0,"1,828",448,0,0,0,0,"3,828","5,031",0,0
태안군 남면 해안,충청남도,태안군,0,0,"1,023",0,0,0,0,0,"2,155","3,061",0,0,0,0,"4,839","3,153",0,0,0,0,"3,807","1,605","2,107",0,0,0,"1,099","1,835",0,0,0,0,"1,305","2,791",0,0,0,0,"2,341","2,812",0,0
안면도,충청남도,태안군,0,0,"1,454",0,0,0,0,0,"1,250","2,826",0,0,0,0,"1,785",954,0,0,0,0,"2,656","1,295","1,068",0,0,0,"2,390",714,0,0,0,0,"1,739","2,318",0,0,0,0,"4,161","3,232",0,0
대청호,충청북도,청주시,0,0,"2,751",0,0,0,0,0,"2,892","2,364",0,0,0,0,"1,834","2,372",0,0,0,0,"2,708","3,999","2,957",0,0,0,"2,555","2,911",0,0,0,0,"2,469","3,211",0,0,0,0,"1,316","2,191",0,0
백곡지,충청북도,진천군,0,0,521,0,0,0,0,0,"1,223","2,154",0,0,0,0,383,608,0,0,0,0,301,55,315,0,0,0,447,912,0,0,0,0,415,985,0,0,0,836,198,466,220,228
초평지,경상북도,영천시,0,0,561,0,0,0,0,0,915,"3,202",0,0,0,0,488,875,0,0,0,0,167,672,20,0,0,0,223,564,0,0,0,0,700,"1,035",0,0,0,0,312,234,0,0
괴산호,충청북도,괴산군,0,0,34,0,0,0,0,0,50,119,0,0,0,0,32,77,0,0,0,0,0,0,0,0,0,0,0,0,0,0,0,0,0,0,0,0,0,0,0,0,0,0
충주호,충청북도,충주시,0,0,"4,803",0,0,0,0,0,"5,433","6,754",0,0,0,0,"3,895","4,432",0,0,0,0,"5,171","4,012","7,683",0,0,0,"7,114","7,159",0,0,0,0,"8,085","6,294",0,0,0,"6,688","5,367","8,918","6,419","4,031"
간월호,충청남도,서산시,"118,590","160,689","35,568","16,210","10,209","8,974","60,106","113,905","31,321","12,902","17,022","13,240","72,658","68,247","13,434","8,214","18,753","16,734","40,334","59,603","8,155","16,509","9,028","25,504","112,682","84,991","16,241","7,186","8,876","9,391","184,655","48,610","15,746","12,078","12,356","9,843","200,947","113,557","23,397","8,434","18,100","18,503"
부남호,충청남도,서산시,"64,287","45,018","57,356","26,188","13,649","9,707","39,339","46,876","38,695","17,252","18,709","7,033","50,255","127,949","10,949","9,365","22,659","9,957","49,460","12,150","17,117","28,509","10,825","11,854","37,195","46,306","25,967","13,948","8,796","7,491","23,734","24,796","20,569","25,294","13,247","9,296","45,448","39,674","16,251","7,947","11,479","6,096"
미호천,충청북도,음성군,"1,255","2,851","5,521","5,194","3,397","2,420",341,"1,266","3,074","4,238","5,205","3,053","1,655","1,774","3,222","3,947","9,273","4,113","2,944","2,880","1,696","1,969","2,237",698,"3,036","1,714","1,953","2,618","3,280","1,480",837,"2,222","3,698","3,202","2,271","1,013","1,139","3,948","3,869","4,042","2,103","1,403"
금강상류,전라북도,장수군,0,0,"2,546",0,0,0,0,0,"3,964","4,168",0,0,0,0,"2,560","1,595",0,0,0,0,"2,453","2,007","2,062",0,0,0,"2,553","2,336",0,0,0,0,"4,047","4,635",0,0,0,0,"2,910","2,787",0,0
금강중류(황산대교-청벽대교),충청남도,논산시,0,0,"6,242",0,0,0,0,0,"4,958","7,637",0,0,0,0,"4,078","6,151",0,0,266,"1,244","3,373","6,695","4,004","1,861","1,047","3,080","4,813","5,890","5,727","19,286",851,"2,420","6,546","7,706","6,106","7,562","3,016","4,643","3,903","4,832","55,205","2,047"
금강중류(황산대교-청벽대교),세종특별자치시,장군면,0,0,"6,242",0,0,0,0,0,"4,958","7,637",0,0,0,0,"4,078","6,151",0,0,266,"1,244","3,373","6,695","4,004","1,861","1,047","3,080","4,813","5,890","5,727","19,286",851,"2,420","6,546","7,706","6,106","7,562","3,016","4,643","3,903","4,832","55,205","2,047"
잠홍저수지,세종특별자치시,장군면,0,0,"1,149",0,0,0,0,0,935,"1,362",0,0,0,0,"2,238","2,175","1,024","1,156",270,"1,515","2,279","1,395",748,822,258,560,"1,777","5,184","3,294",810,353,895,"1,987","2,850","2,489",863,369,741,"9,904","3,406","1,496",734
성암저수지,충청남도,서산시,0,0,"2,515",0,0,0,0,0,"2,911","5,422",0,0,0,0,"9,963","2,242","2,576","1,292",268,"1,472","11,082","11,970","4,103","1,601",403,"1,122","6,369","4,464","2,691","1,217",408,"1,373","2,123","3,680","4,790","3,046",459,0,"2,421","4,128",0,0
인평저수지,충청남도,서산시,0,0,"2,137",0,0,0,0,0,589,"1,385",0,0,0,0,"2,782","1,222",777,411,0,0,"1,829","1,759","1,058",0,0,0,"6,005","2,715",0,0,0,0,"3,584","2,383",0,0,0,0,"3,131","3,004",0,0
풍전저수지,충청남도,태안군,0,0,"2,969",0,0,0,0,0,"3,553","4,075",0,0,0,0,"1,507","1,962","2,208",988,261,915,"1,529","1,317",975,"1,070",247,686,"1,026","1,332","1,326",828,426,"1,458","2,017","1,362","2,736","2,834",390,0,"3,285","1,829",0,0
탑정저수지,충청남도,논산시,0,0,"6,344",0,0,0,0,0,"17,444","11,164",0,0,0,0,"2,803","2,701","2,318",0,0,0,"3,168","4,169","1,205",0,0,0,"2,928","2,319",0,0,0,0,"5,663","4,845",0,0,0,0,"2,256","1,313",0,0
경천저수지,전라북도,완주군,0,0,"1,703",0,0,0,0,0,"1,450","2,440",0,0,0,0,"1,436","2,536",0,0,0,0,"2,016","1,391","1,565",0,0,0,519,896,0,0,0,0,823,"1,240",0,0,0,0,408,354,0,0
장항 해안,충청남도,서천군,"2,085","8,512","3,938","12,701","34,815","7,496","1,638","2,903","3,762","7,740","10,075","11,684","4,348","6,559","14,822","10,612","3,290","8,969",0,0,"9,432","12,537","18,827",0,0,0,"10,354","16,989",0,0,0,0,"18,951","20,399",0,0,0,"13,860","19,812","33,089","27,047","22,690"
봉선저수지,충청남도,서천군,616,"2,891","1,348","4,147","9,208","4,766",728,"1,232","5,385","3,618","3,311","4,320",82,"1,585","6,907","6,400","1,316","1,273",285,703,"4,952","3,641","5,464",410,165,"1,029","3,946","5,115","1,220",358,153,515,"6,838","6,560","9,520","12,695",265,"1,466","6,305","5,940","10,522","2,236"
부사간척지,충청남도,서천군,0,0,"4,287",0,0,0,0,0,"1,317","1,152",0,0,0,0,"1,322","3,414","5,598",0,0,0,"4,045","7,786","3,072",0,0,0,"1,483",736,0,0,0,0,"7,542","1,408",0,0,0,0,"9,284","1,771",0,0
유부도,충청남도,서천군,"8,187","7,872","11,993","7,981","8,450","15,308","21,128","4,821","11,798","10,154","9,474","6,222","24,767","8,972","5,209","4,474","11,314","7,948",0,0,"8,794","7,996","7,814",0,0,0,"22,720","20,448",0,0,0,0,"8,233","11,180",0,0,0,"23,915","19,039","10,847","7,236","11,931"
금강하구,충청남도,서천군,"4,948","13,798","23,526","21,513","18,353","12,069","4,736","8,263","16,542","21,983","28,898","6,540","1,907","5,880","6,602","8,232","310,364","4,159",0,0,"8,703","7,643","7,439",0,0,0,"14,283","12,633",0,0,0,0,"11,746","11,521",0,0,0,"15,525","10,509","8,197","4,272","6,606"
금강호,충청남도,서천군,"4,303","6,677","8,906","108,644","61,457","40,420","1,529","6,298","4,849","39,442","179,736","30,729","1,166","7,287","7,732","210,375",0,"10,866",866,"5,962","8,761","10,855","10,394","38,634",838,"5,764","11,293","355,499","283,274","8,086",755,"9,454","308,359","408,659","4,575","4,576","1,297","3,979","31,510","178,023","5,628","1,660"
만경강,전라북도,익산시,"58,573","62,256","24,755","39,409","16,671","9,405","8,776","25,574","15,675","11,352","6,861","4,154","8,783","4,804","3,634","9,360","6,815","7,701","4,337","7,166","9,462","27,328","9,947","1,692","17,281","8,477","12,653","8,110","7,159","6,175","12,292","14,428","7,189","9,284","5,493","9,025","31,953","25,002","26,655","64,426","26,190","12,417"
옥구저수지,전라북도,군산시,0,0,"1,594",0,0,0,0,0,"3,071","2,587",0,0,0,0,"1,779","1,697","1,557",437,0,0,"3,163","1,529","1,517",0,0,0,"3,560","3,227",0,0,0,0,"5,694",715,0,0,0,0,"4,232","3,230",0,0
옥려저수지,전라북도,군산시,0,0,"1,711",0,0,0,0,0,"4,102","3,641",0,0,0,0,"7,094",778,"1,607",628,0,0,351,576,970,0,0,0,"1,637","1,109",0,0,0,0,"2,306",793,0,0,0,0,"3,558",730,0,0
만경강 중류,전라북도,정읍시,853,"9,448","5,793","14,942","14,311","5,757","2,517","38,497","19,091","23,325","20,549","15,347","2,794","12,845","15,216","14,428","14,647","7,684","2,386","12,073","15,492","27,562","16,754","4,008","3,360","5,654","28,626","18,995","14,008","6,940","2,119","10,341","16,412","23,826","10,761","9,197","2,091","12,828","29,673","44,217","7,356","2,260"
동진강,전라북도,정읍시,"7,575","70,529","2,096",869,"3,708","2,935","2,462","4,933","3,192","1,161","4,671","2,222","3,683","13,380","10,359","8,282","2,827","12,070","1,918","4,660","8,668","5,589","6,647","7,869","3,240","5,075","4,921","4,267","27,005","3,733","1,633","2,962","36,105","10,505","2,520","5,358","6,824","14,563","21,513","29,004","7,384","7,528"
청호저수지,전라북도,부안군,0,0,654,0,0,0,0,0,729,"2,121",0,0,0,0,"1,114","1,363","1,642",0,0,0,"1,727","1,262",117,0,0,0,"1,839","2,769",0,0,0,0,"4,672","6,750",0,0,0,0,"4,239","2,610",0,0
조류지,전라북도,부안군,0,0,85,0,0,0,0,0,135,149,0,0,0,0,"1,021",335,0,0,0,0,492,"1,570",579,0,0,0,441,435,0,0,0,0,539,715,0,0,0,380,299,"12,445",487,657
능제,전라북도,김제시,0,0,936,0,0,0,0,0,225,"1,359",0,0,0,0,469,417,416,0,0,0,"1,086",681,665,0,0,0,"1,099",703,0,0,0,0,621,997,0,0,0,0,622,658,0,0
백산저수지,전라북도,김제시,0,0,"1,820",0,0,0,0,0,"3,932","2,059",0,0,0,0,"2,027",546,"1,489",0,0,0,"1,503","2,075",584,0,0,0,927,"3,261",0,0,0,0,"3,411","2,391",0,0,0,0,814,"1,040",0,0
고마제,전라북도,부안군,0,0,390,0,0,0,0,0,232,"1,155",0,0,0,0,385,336,"3,642",0,0,0,0,0,0,0,0,0,0,0,0,0,0,0,0,0,0,0,0,0,0,0,0,0
장성호,전라남도,장성군,0,0,298,0,0,0,0,0,455,"1,067",0,0,0,0,672,578,0,0,0,0,0,0,0,0,0,0,0,0,0,0,0,0,0,0,0,0,0,0,0,0,0,0
옥정호,전라북도,임실군,0,0,"1,294",0,0,0,0,0,"1,323","1,285",0,0,0,0,"1,290","1,151",0,0,0,0,526,832,901,0,0,0,502,640,0,0,0,0,543,"2,221",0,0,0,0,480,873,0,0
담양호,전라남도,담양군,0,0,163,0,0,0,0,0,166,533,0,0,0,0,425,486,0,0,0,0,0,0,0,0,0,0,0,0,0,0,0,0,0,0,0,0,0,0,0,0,0,0
영산강 상류(승촌보 상류-담양호 하류),광주광역시,남구,0,0,"2,123",0,0,0,0,0,"2,176","5,278",0,0,0,0,"3,106","3,376",0,0,0,0,"8,628","10,984","9,934",0,0,0,"3,890","5,324",0,0,0,0,"2,258","2,173",0,0,0,"3,759","2,655","3,493","2,658","1,676"
동복호,전라남도 ,화순군,0,0,302,0,0,0,0,0,636,465,0,0,0,0,354,839,0,0,0,0,0,0,0,0,0,0,0,0,0,0,0,0,0,0,0,0,0,0,0,0,0,0
지석천,전라남도 ,화순군,361,734,"1,237","1,053",499,"1,018",970,"2,039",566,"1,147","1,033",890,931,"1,461","1,792","1,049",0,0,364,378,"1,947","1,902","1,691",333,"1,019",723,929,454,614,352,217,298,941,"1,190",475,741,733,"1,878","1,825","1,343",701,764
황룡강,광주광역시,광산구,381,576,580,"1,303",858,583,641,772,"1,172",438,678,449,539,644,688,629,0,0,178,491,731,757,755,455,789,336,604,"1,389",911,168,154,375,748,"1,555",202,884,"1,213",851,581,830,856,926
동림저수지,전라북도,고창군,264,398,"26,034","211,464","4,417","2,162",577,"4,542","50,198","421,339","5,810","1,586","1,152","8,578",898,"122,226","14,926",507,"1,519","7,266","43,833","323,438","1,314",696,"1,925","19,760","21,507","3,364","4,315","1,367","1,776","6,499","30,051","5,867","351,598","1,440","1,550","4,866","272,065","63,983","2,352","1,072"
곰소만,전라북도 ,부안군,"7,271","4,014","2,873","12,136","8,978","5,646","5,480","7,779","8,484","10,105","15,137","5,103","3,113","8,514","4,886","6,037","6,559","6,281",0,0,"6,816","7,523","6,750",0,0,0,"17,418","8,488",0,0,0,0,"6,325","5,346",0,0,0,0,"4,228","8,383",0,0
고창해안(동호항-계마항),전라북도,고창군,0,0,"4,425",0,0,0,0,0,"1,444","1,305",0,0,0,0,"1,952","1,466",0,0,0,0,"1,720","2,631","3,982",0,0,0,"4,055","5,807",0,0,0,0,"1,041","2,794",0,0,0,0,"1,732","5,010",0,0
법성포,전라남도 ,영광군,0,0,709,0,0,0,0,0,"1,271",694,0,0,0,0,928,781,0,0,0,0,550,"1,341","1,883",0,0,0,"1,377","1,667",0,0,0,0,"1,593","1,734",0,0,0,0,986,"3,320",0,0
영광-함평 해안,전라남도 ,영광군,0,0,697,0,0,0,0,0,"1,148","1,451",0,0,0,0,"2,596","1,694",0,0,0,0,"1,306","1,678","2,496",0,0,0,"1,635","2,363",0,0,0,0,"4,307","2,305",0,0,0,0,"1,659","3,419",0,0
대동댐,전라남도 ,함평군,0,0,602,0,0,0,0,0,"2,185","2,541",0,0,0,0,747,"1,054",0,0,0,0,"1,100","1,905","1,469",0,0,0,"1,023","1,174",0,0,0,0,727,925,0,0,0,317,"1,081",216,416,469
무안군 현경면·운남면,전라남도 ,무안군,"3,921","1,375","2,965","4,001","3,749","1,931",848,"3,079","9,364","7,036","2,762","2,072","1,022","1,509","5,219","3,444",0,0,0,0,"3,254","4,673","4,340",0,0,0,"2,348","3,479",0,0,0,0,"10,366","11,758",0,0,0,0,"12,878","15,723",0,0
무안군 해제면·신안군 지도읍,전라남도 ,무안군,0,0,"1,197",0,0,0,0,0,"1,370",635,0,0,0,0,331,434,0,0,0,0,435,156,440,0,0,0,869,678,0,0,0,0,"1,473",756,0,0,0,0,"1,418","2,492",0,0
무안저수지,전라남도 ,무안군,0,0,"1,070",0,0,0,0,0,785,"1,986",0,0,0,0,"1,230","2,101",0,0,0,0,"1,678","1,986","2,316",0,0,0,"1,315","1,541",0,0,0,0,"2,153","1,163",0,0,0,0,"2,375","2,038",0,0
무안-목포해안,전라남도 ,목포시,0,0,"13,724",0,0,0,0,0,"5,101","3,083",0,0,0,0,"1,892","2,610",0,0,0,0,"3,205","8,536",769,0,0,0,"7,796","5,488",0,0,0,0,"7,378","6,446",0,0,0,0,"3,450","40,977",0,0
압해도,전라남도 ,신안군,0,0,"1,216",0,0,0,0,0,597,990,0,0,0,0,"2,481",982,0,0,0,0,"1,866","1,567","4,765",0,0,0,"1,656","5,607",0,0,0,0,"1,341","1,135",0,0,0,0,"3,065","4,763",0,0
암태도,전라남도 ,신안군,218,603,650,"1,784","1,192","1,694",237,"1,031","1,285","1,066",706,"1,358",294,"2,409","3,245","3,250",0,0,0,0,440,563,0,0,0,0,"1,141",966,0,0,0,0,"1,094",815,0,0,0,0,718,"1,094",0,0
영산호,전라남도 ,영암군,0,0,"2,175",0,0,0,0,0,"1,017","6,176",0,0,0,0,"1,317","4,367","2,537",947,633,"1,316","4,685","8,869","3,029",681,788,"1,962","2,815","4,601","1,402",566,718,"1,208","3,609","2,130","2,078",967,"1,887","1,691","4,590","4,426","2,598","1,129"
우습제,전라남도 ,나주시,0,0,"1,554",0,0,0,0,0,"1,827","3,215",0,0,0,0,"1,101","1,175",0,0,0,0,271,895,921,0,0,0,494,"1,880",0,0,0,0,"1,655","1,832",0,0,0,239,"5,939","2,594","2,079",602
영산강 중류(몽탄대교-승촌보),전라남도 ,나주시,0,0,"3,391",0,0,0,0,0,"1,515","1,797",0,0,0,0,"1,489","2,976",0,0,0,0,"2,884","2,663","3,949",0,0,0,"3,061","2,359",0,0,0,0,"2,452","3,386",0,0,0,0,"3,641","2,846",0,0
영암호,전라남도 ,영암군,"1,806","114,047","141,161","6,180","2,437","1,841","2,425","3,910","410,544","9,460","3,264","1,652","1,381","34,194","111,887","26,630","8,419","5,032","7,883","65,201","27,024","24,710","56,410","4,011","6,789","124,081","88,651","7,406","4,486","1,653","5,130","61,886","193,012","6,064","7,461","2,217","2,040","13,164","44,225","6,388","6,312","2,282"
금호호,전라남도 ,해남군,607,"8,728","10,319","5,496","3,012","1,734","3,050","8,395","24,270","12,771","8,727","1,804","8,921","27,813","40,202","12,324","3,325","6,070","5,850","33,109","12,888","11,260","29,351","1,171","7,217","10,525","53,580","71,168","14,915","2,589","2,923","42,725","20,067","8,278","4,635","2,480","2,573","7,000","4,887","5,196","3,911","1,326"
고천암호,전라남도 ,해남군,345,"3,414","2,983","3,188","3,406","2,660","6,448","1,916","8,785","11,800","4,390","2,880","1,955","7,362","25,999","8,073","5,308","1,867","1,119","9,725","7,368","4,217","2,872","3,151","1,056","7,354","56,958","12,132","7,607","5,604","1,087","6,137","18,020","3,100","1,592",996,"1,131","13,810","5,432","10,103","5,376",985
랑초(개초)저수지,전라남도 ,해남군,0,0,519,0,0,0,0,0,"1,231",822,0,0,0,0,"1,999",890,0,0,0,0,787,"1,069","1,946",0,0,0,965,753,0,0,0,0,906,"1,138",0,0,0,0,904,"1,146",0,0
군내간척지,전라남도 ,진도군,0,0,"6,072",0,0,0,0,0,"5,197","5,003",0,0,0,0,"3,853","3,816",0,0,0,0,"1,359","2,898","2,860",0,0,0,"5,650","1,938",0,0,0,0,"13,476","3,482",0,0,0,0,"5,616","2,158",0,0
둔전저수지,전라남도 ,진도군,0,0,799,0,0,0,0,0,"1,261","1,641",0,0,0,0,"2,196","1,013",0,0,0,0,"1,199","1,386","1,164",0,0,0,"2,132","1,891",0,0,0,0,"1,134",794,0,0,0,0,"3,215","2,829",0,0
주암호,전라남도 ,순천시,0,0,"1,115",0,0,0,0,0,789,907,0,0,0,0,780,"1,977",0,0,0,0,577,699,513,0,0,0,305,"1,098",0,0,0,0,"1,200","1,744",0,0,0,284,639,685,"1,920",883
상사호,전라남도 ,순천시,0,0,981,0,0,0,0,0,447,359,0,0,0,0,526,534,0,0,0,0,0,0,0,0,0,0,0,0,0,0,0,0,0,0,0,0,0,0,0,0,0,0
보성강저수지,전라남도 ,보성군,0,0,"1,911",0,0,0,0,0,473,596,0,0,0,0,526,462,0,0,0,0,0,0,0,0,0,0,0,0,0,0,0,0,0,0,0,0,0,0,0,0,0,0
완도호,전라남도,완도군,0,0,"1,835",0,0,0,0,0,444,477,0,0,0,0,"2,306","1,237",0,0,0,0,"2,023","2,563",652,0,0,0,"1,995","2,289",0,0,0,0,"2,077",667,0,0,0,0,"1,594","1,996",0,0
해남군 신방지,전라남도,해남군,0,0,358,0,0,0,0,0,243,367,0,0,0,0,529,438,0,0,0,0,0,0,0,0,0,0,0,0,0,0,0,0,0,0,0,0,0,0,0,0,0,0
군곡저수지,전라남도,해남군,0,0,373,0,0,0,0,0,247,920,0,0,0,0,95,145,0,0,0,0,0,0,0,0,0,0,0,0,0,0,0,0,0,0,0,0,0,0,0,0,0,0
해원저수지,전라남도,해남군,0,0,171,0,0,0,0,0,89,98,0,0,0,0,508,606,0,0,0,0,0,0,0,0,0,0,0,0,0,0,0,0,0,0,0,0,0,0,0,0,0,0
강진만,전라남도,강진군,0,0,"1,538",0,0,0,0,0,"1,712","1,682",0,0,0,0,"1,625","1,339",0,"3,841","1,776","2,847","2,144","3,155","2,699","2,817","1,260","2,094","2,068",673,"3,758","2,229","1,124","3,716","3,534","5,667","6,071","2,690","1,239","6,615","2,918","4,210","7,373","3,807"
사내간척지,전라남도,강진군,0,0,462,0,0,0,0,0,381,"1,325",0,0,0,0,"1,007",734,0,0,0,0,"1,040","4,758","2,717",0,0,0,"1,284","3,868",0,0,0,0,"3,665","3,190",0,0,0,"2,165","3,264","8,534","1,527","3,801"
만덕간척지,전라남도,강진군,0,0,638,0,0,0,0,0,350,852,0,0,0,0,237,"3,607",0,0,0,0,"1,035","1,927",589,0,0,0,770,510,0,0,0,0,257,"1,727",0,0,0,560,210,"1,685",212,164
고금도,전라남도,완도군,0,0,"2,016",0,0,0,0,0,525,"1,231",0,0,0,0,769,798,0,0,0,0,344,740,713,0,0,0,"1,309",774,0,0,0,0,596,"1,571",0,0,0,0,842,"1,142",0,0
조약도,전라남도,완도군,0,0,455,0,0,0,0,0,184,406,0,0,0,0,"1,246","1,731",0,0,0,0,0,0,0,0,0,0,0,0,0,0,0,0,0,0,0,0,0,0,0,0,0,0
장흥해안,전라남도,장흥군,0,0,"6,216",0,0,0,0,0,"2,316","6,194",0,0,0,0,"4,430","3,736",0,0,0,0,"7,852","7,300","4,603",0,0,0,"20,727","10,046",0,0,0,0,"11,469","16,932",0,0,0,0,"2,588","6,296",0,0
보성만-득량만,광주광역시,서구,0,0,"2,270",0,0,0,0,0,"2,597","2,552",0,0,0,0,"1,499","1,656",0,0,0,0,991,"2,993","1,435",0,0,0,733,"1,246",0,0,0,0,876,"2,342",0,0,0,0,"2,038","1,597",0,0
보성만-득량만,전라남도,보성군,0,0,"2,270",0,0,0,0,0,"2,597","2,552",0,0,0,0,"1,499","1,656",0,0,0,0,991,"2,993","1,435",0,0,0,733,"1,246",0,0,0,0,876,"2,342",0,0,0,0,"2,038","1,597",0,0
점암저수지,전라남도,고흥군,0,0,617,0,0,0,0,0,"1,146",293,0,0,0,0,491,454,0,0,0,0,0,0,0,0,0,0,0,0,0,0,0,0,0,0,0,0,0,0,0,0,0,0
고흥호,전라남도,고흥군,0,0,946,0,0,0,0,0,"2,451","3,978",0,0,0,0,"2,306","1,961",0,0,0,0,"1,915","2,871","1,579",0,0,0,"3,237","4,768",0,0,0,0,"5,765","4,008",0,0,0,"2,663","43,118","4,698","16,111","3,727"
포두면 간척지·해창만,전라남도,고흥군,0,0,984,0,0,0,0,0,"6,998","6,038",0,0,0,0,"3,858","1,871",0,0,0,0,"2,497","2,332","1,299",0,0,0,"2,314","1,406",0,0,0,0,"2,124","3,608",0,0,0,0,"1,955","4,368",0,0
여자만,전라남도,여수시,"4,984","4,569","4,077","5,249","5,362","4,805","2,556","3,390","3,969","4,720","5,776","4,232","2,523","4,146","8,481","6,818","8,069","4,907",0,0,"3,185","5,877","5,236",0,0,0,"7,306","5,059",0,0,0,0,"6,622","17,552",0,0,0,0,"8,801","10,584",0,0
순천만,전라남도,순천시,"4,478","9,439","13,834","11,862","10,494","9,070","3,018","5,938","7,809","9,305","8,099","4,387","2,756","14,568","18,626","19,020","17,193","14,285","4,912","18,353","17,321","13,006","15,598","6,278","2,689","15,846","30,340","23,531","23,711","18,547","5,283","20,605","27,163","28,768","26,806","13,603","3,353","22,213","40,288","21,566","23,758","5,426"
광양만·갈사만,전라남도,여수시,"1,085","5,826","7,421","13,654","2,279","3,956","1,807","6,172","11,777","7,743","14,053","10,149","6,002","20,074","15,628","31,405","17,588","16,370",0,0,"20,908","9,293","17,252",0,0,0,"11,882","8,401",0,0,0,0,"11,552","10,201",0,0,0,0,"6,879","18,801",0,0
섬진강 하구·수어천 하류,전라남도,광양시,0,0,"1,670",0,0,0,0,0,"1,976",249,0,0,0,0,789,"2,489",0,0,0,0,"3,390","1,420","5,184",0,0,0,"1,742",769,0,0,0,0,"1,469","4,019",0,0,0,0,410,916,0,0
남해 해안,경상남도,남해군,0,0,"3,634",0,0,0,0,0,"8,354","3,300",0,0,0,0,"3,645","2,503",0,0,0,0,"2,571","3,017","2,488",0,0,0,"2,712","3,045",0,0,0,0,"3,211","4,048",0,0,0,0,"4,249","3,665",0,0
창선도,경상남도,남해군,0,0,"1,567",0,0,0,0,0,944,"1,576",0,0,0,0,"10,891","3,281",0,0,0,0,"3,682","18,912","4,637",0,0,0,"3,840","6,815",0,0,0,0,"1,409","3,373",0,0,0,0,"3,043","4,980",0,0
사천만,경상남도,사천시,0,0,"3,419",0,0,0,0,0,"2,250","2,484",0,0,0,0,"3,292","5,816",0,0,721,"1,542","1,751",997,"1,463",709,450,"1,145","1,737","4,474","1,840","1,102",434,"1,758","3,307","2,938","2,938","1,881",396,"1,634","2,421","3,167","2,342","1,045"
진양호,경상남도,진주시,0,0,"1,324",0,0,0,0,0,"1,528","2,345",0,0,0,0,"1,883","3,736",0,0,0,0,"4,012","2,081","1,455",0,0,0,211,"2,662",0,0,0,0,"3,430","1,486",0,0,0,0,"1,465","2,464",0,0
고성군 거류면 동해면(당도만),경상남도,고성군,0,0,"4,018",0,0,0,0,0,"3,119","7,780",0,0,0,0,"2,765","4,090",0,0,0,0,"1,393","2,744","1,499",0,0,0,"3,028","2,984",0,0,0,0,"1,078","2,202",0,0,0,0,798,"1,908",0,0
대가저수지,경상남도,고성군,0,0,"2,678",0,0,0,0,0,529,946,0,0,0,0,237,357,0,0,0,0,"2,212","1,176","1,614",0,0,0,712,"2,081",0,0,0,0,"1,787","1,034",0,0,0,0,665,743,0,0
거제도 해안,경상남도,거제시,0,0,"2,956",0,0,0,0,0,"5,142","3,742",0,0,0,0,"1,484","1,149",0,0,0,0,"7,492","10,635","9,106",0,0,0,"11,677","8,273",0,0,0,0,"12,597","10,609",0,0,0,0,"8,462","7,039",0,0
주남저수지,경상남도,창원시,"3,729","6,059","7,439","8,825","3,183","2,400","4,685","5,982","4,969","7,931","3,975","2,187","5,727","9,470","8,535","9,033","6,212","1,039","3,051","7,543","14,345","13,735","8,231","2,436","2,471","8,501","11,321","6,255","6,354","1,706","5,139","9,056","25,403","10,222","6,601","1,413","3,412","11,687","7,716","12,148","4,101","1,081"
산남저수지,경상남도,창원시,"2,584","2,287",793,"1,383",839,419,"1,825","1,765","1,468",714,"1,115",394,"3,822","1,766","1,990","1,823",369,394,878,"1,272","1,909","1,670","1,769",471,352,582,616,936,865,297,313,815,"1,246","1,400",784,526,607,816,"1,382","1,031","1,137",334
동판저수지,경상남도,창원시,"4,530","3,480","4,629","2,625","2,861","1,583","3,504","4,837","3,328","2,310","1,722","1,964","4,894","9,673","6,303","3,706","1,665",918,"2,015","5,148","2,832","1,416","1,120","1,311","1,162","2,249","2,547","2,178","1,356",966,568,"1,952","3,652","3,100","1,690","1,129","1,112","1,827","3,237","2,660","1,013",826
봉암갯벌,경상남도,창원시,0,0,886,0,0,0,0,0,722,715,0,0,0,0,"2,217",961,0,0,0,0,"1,766","2,743","1,633",0,0,0,"1,405",885,0,0,0,0,"2,736","2,835",0,0,0,0,"1,307","1,667",0,0
우포저수지,경상남도,창녕군,"7,927","3,974","4,041","1,653","3,894","3,843","3,626","4,634","4,304","3,962","2,208","2,503","1,199","3,182","3,733","2,270","2,108","2,508","1,676","3,939","3,429","2,666","2,071","2,442","1,474","4,238","5,131","3,646","2,714","1,565","1,286","6,263","3,900","3,240","3,929",639,"3,642","6,118","3,761","1,931","2,265","1,199"
목포,경상남도,창녕군,"2,369","2,124",268,428,835,"1,568","1,526","3,422",272,107,956,463,"1,001","1,446","1,162","1,390","1,626",737,"2,321","3,524",298,172,643,814,"1,411","1,493",361,202,182,662,196,706,137,289,297,352,143,770,191,546,"1,041",377
사지포,경상남도,창녕군,529,"3,496",551,807,"2,254","1,292","2,076","1,645","1,063",440,154,481,331,488,761,238,361,247,151,"2,162",185,"1,134","2,239","1,160",190,"1,238",386,959,710,550,84,"1,312",577,"1,705",505,329,466,"1,764",829,851,505,321
합천호,경상남도,합천군,0,0,499,0,0,0,0,0,517,"1,202",0,0,0,0,869,"1,149",0,0,0,0,"1,184",766,917,0,0,0,478,173,0,0,0,0,635,655,0,0,0,0,409,"1,409",0,0
황강,경상남도,합천군,0,0,241,0,0,0,0,0,768,"1,080",0,0,0,0,"2,304","2,553",0,0,0,0,"2,689","2,211","2,632",0,0,0,"1,590","1,595",0,0,0,0,"1,014","1,006",0,0,0,0,"1,053","2,258",0,0
화원(도흥리-부리),충청남도,보령시,0,0,"2,074",0,0,0,0,0,"2,070","2,708",0,0,0,0,"2,645","3,408",0,0,"1,209","2,011","2,389","4,242","2,098","2,793",923,"2,940","2,669","2,420","1,923","2,282",758,"1,205","2,929","3,615","2,054","1,251",721,778,"1,964","2,218","1,339",738
금호강,경상북도,영천시,0,0,"1,822",0,0,0,0,0,"1,303","1,229",0,0,0,0,"1,724","1,572",0,0,516,617,"1,433","1,858",989,633,394,882,"1,509","1,984","1,016","1,051",377,"1,392","1,655","1,927","1,077",619,214,"1,153","1,378","2,778","1,007",852
구미 해평(도흥리-일선교),경상북도,구미시,696,"4,458","2,479","6,630","10,492","9,075",746,"2,809","4,227","5,089","5,157","1,477",884,"2,682","2,668","3,442","4,657","2,756",774,"1,901","6,066","9,474","14,134","4,624",517,"1,650","4,978","17,392","13,207","6,913",770,"2,881","7,154","12,111","12,815","3,795",570,"2,008","5,807","3,961","9,462",936
감천,경상북도,김천시,312,228,67,683,556,951,446,"1,656","1,083","1,102","1,328","1,165","1,060",654,695,"1,192",267,506,606,"1,269",950,"2,273",960,"1,520",391,675,"1,362","1,041",648,992,722,"1,753","1,145","1,237","1,003",930,927,979,"1,604","1,391","1,552",873
낙동강(일선교-안동시),경상북도,안동시,0,0,"4,472",0,0,0,0,0,"3,028","4,360",0,0,0,0,"5,891","3,847",0,0,0,0,"1,526","5,377","3,517",0,0,0,"3,675","1,878",0,0,0,0,"4,932","2,954",0,0,0,0,"2,972","2,118",0,0
낙동강(일선교-안동시),경상북도,구미시,0,0,"4,472",0,0,0,0,0,"3,028","4,360",0,0,0,0,"5,891","3,847",0,0,0,0,"1,526","5,377","3,517",0,0,0,"3,675","1,878",0,0,0,0,"4,932","2,954",0,0,0,0,"2,972","2,118",0,0
내성천,경상북도,예천군,0,0,113,0,0,0,0,0,673,715,0,0,0,0,338,868,0,0,0,0,328,229,215,0,0,0,211,91,0,0,0,0,226,230,0,0,0,0,314,249,0,0
내성천,경상북도,봉화군,0,0,113,0,0,0,0,0,673,715,0,0,0,0,338,868,0,0,0,0,328,229,215,0,0,0,211,91,0,0,0,0,226,230,0,0,0,0,314,249,0,0
안동호,경상북도,안동시,0,0,837,0,0,0,0,0,"2,620","4,166",0,0,0,0,"1,402","1,838",0,0,0,0,"2,016","2,309","2,241",0,0,0,"2,255","1,922",0,0,0,0,"2,173","2,214",0,0,0,0,"1,287",573,0,0
임하호,경상북도,안동시,0,0,694,0,0,0,0,0,"2,660","2,107",0,0,0,0,"1,412","2,084",0,0,0,0,970,610,493,0,0,0,475,558,0,0,0,0,611,539,0,0,0,0,334,446,0,0
낙동강(달성-남지),대구광역시,달성군,0,0,"3,088",0,0,0,0,0,"2,290","2,482",0,0,0,0,"2,591","2,044",0,0,0,0,"1,436","5,139","2,515",0,0,0,"2,450","1,307",0,0,0,0,"2,633","2,924",0,0,0,0,"3,394","3,110",0,0
낙동강(남지-삼랑진),경상남도,창녕군,0,0,"4,983",0,0,0,0,0,"1,454","1,809",0,0,0,0,"1,767",789,0,0,0,0,736,"1,525","1,278",0,0,0,"1,457",885,0,0,0,0,"2,926","2,338",0,0,0,0,"2,890","1,802",0,0
낙동강(삼랑진-대동),경상남도,밀양시,0,0,985,0,0,0,0,0,"1,334","1,631",0,0,0,0,"1,043","1,388",0,0,0,0,"1,511",456,"1,276",0,0,0,"1,122",771,0,0,0,0,821,"1,008",0,0,0,968,"1,163",694,595,427
오륜대(회동)저수지,경상남도,김해시,0,0,542,0,0,0,0,0,769,631,0,0,0,0,409,358,0,0,0,0,"1,117","1,078",638,0,0,0,733,858,0,0,0,0,331,349,0,0,0,0,380,307,0,0
회야호,울산광역시,울주군,0,0,689,0,0,0,0,0,806,399,0,0,0,0,"2,053",711,0,0,0,0,"2,065",817,504,0,0,0,592,918,0,0,0,0,"1,013","1,256",0,0,0,0,894,"2,631",0,0
"낙동강하류(하구둑 대저수문, 서낙동강,맥도강)",부산광역시,강서구,"6,657","25,071","19,442","17,139","15,047","9,131","6,045","15,892","21,658","21,263","13,355","8,195","5,435","14,566","16,732","24,548","13,366","5,724","9,603","29,720","18,290","23,754","31,718","9,120","5,706","19,980","26,312","27,093","17,834","10,031","8,719","28,097","24,933","23,768","23,511","11,888","8,764","19,632","28,749","29,019","19,633","12,276"
낙동강 하구,부산광역시,사하구,"19,702","47,258","26,930","21,708","16,124","18,383","14,516","40,066","32,852","25,783","28,978","13,858","22,174","37,374","18,981","26,894","21,861","11,767","11,739","22,621","15,098","28,234","15,171","14,137","10,839","32,513","15,489","18,097","16,378","8,805","14,721","24,166","23,704","17,104","18,462","12,717","13,622","44,956","24,039","18,772","16,675","8,337"
덕동호,경상북도,경주시,0,0,284,0,0,0,0,0,110,131,0,0,0,0,121,199,0,0,0,0,0,0,0,0,0,0,0,0,0,0,0,0,0,0,0,0,0,0,0,0,0,0
보문호,경상북도,경주시,0,0,153,0,0,0,0,0,183,360,0,0,0,0,418,681,0,0,0,0,0,0,0,0,0,0,0,0,0,0,0,0,0,0,0,0,0,0,0,0,0,0
형산강(나정교-강동교),경상북도,경주시,0,0,"1,424",0,0,0,0,0,"2,098","2,674",0,0,0,0,"2,724","4,300",0,0,678,"1,415","3,863","2,391","4,710","3,010",616,"1,468","2,596","2,345","6,876","3,461",881,"2,391","3,115","3,385","5,152","3,689",850,"3,783","4,025","4,623","8,532","4,231"
형산강(나정교-강동교),부산광역시,강서구,0,0,"1,424",0,0,0,0,0,"2,098","2,674",0,0,0,0,"2,724","4,300",0,0,678,"1,415","3,863","2,391","4,710","3,010",616,"1,468","2,596","2,345","6,876","3,461",881,"2,391","3,115","3,385","5,152","3,689",850,"3,783","4,025","4,623","8,532","4,231"
형산강(형산교-제1강동교),경상북도,포항시,0,0,"1,361",0,0,0,0,0,"4,124","3,398",0,0,0,0,"2,844","5,132",0,0,"1,358","1,825","3,023","4,744","2,704","1,261","1,085","4,502","3,551","3,236","2,600","2,615","1,052","4,480","3,567","3,572","4,699","1,190",811,"2,300","2,072","2,725","2,324","1,735"
안계저수지,경상북도,경주시,0,0,799,0,0,0,0,0,148,544,0,0,0,0,17,129,0,0,0,0,85,229,"2,458",0,0,0,"2,144","1,692",0,0,0,0,"3,526","1,156",0,0,0,0,818,"2,601",0,0
용연지,경상북도,의성군,0,0,493,0,0,0,0,0,754,313,0,0,0,0,245,377,0,0,0,0,0,0,0,0,0,0,0,0,0,0,0,0,0,0,0,0,0,0,0,0,0,0
하곡지(딱실못),경상북도,경주시,0,0,684,0,0,0,0,0,769,580,0,0,0,0,301,542,0,0,0,0,0,0,0,0,0,0,0,0,0,0,0,0,0,0,0,0,0,0,0,0,0,0
부산-울산 해안,울산광역시,북구,"1,837","1,930","2,046","2,481","5,476","2,590","1,488","1,928","8,352","3,635","5,593","3,270","1,511","1,961","3,543","4,462",0,0,0,0,"3,936","5,264","6,929",0,0,0,"6,150","4,686",0,0,0,0,"9,221","32,730",0,0,0,0,"4,409","15,079",0,0
부산-울산 해안,부산광역시,남구,"1,837","1,930","2,046","2,481","5,476","2,590","1,488","1,928","8,352","3,635","5,593","3,270","1,511","1,961","3,543","4,462",0,0,0,0,"3,936","5,264","6,929",0,0,0,"6,150","4,686",0,0,0,0,"9,221","32,730",0,0,0,0,"4,409","15,079",0,0
울산-구룡포 해안,경상북도,포항시,"9,035","13,114","25,430","41,492","18,816","14,921","8,432","13,454","39,975","38,870","17,125","16,867","3,580","7,987","12,750","16,884","13,455","6,686",0,0,"12,064","14,551","12,878",0,0,0,"16,174","19,320",0,0,0,0,"26,647","11,658",0,0,0,0,"12,553","10,115",0,0
울산만,울산광역시,남구,0,0,"4,764",0,0,0,0,0,"4,161","4,078",0,0,0,0,290,715,0,0,0,0,"1,711","1,753","2,710",0,0,0,"1,785","1,175",0,0,0,0,"1,411","1,218",0,0,0,0,"1,210","2,386",0,0
태화강(명천대교-삼호교),울산광역시,중구,"1,327","47,446","54,076","60,823","61,780","51,340",402,"51,303","100,863","101,417","110,552","21,931",533,"32,858","92,761","101,281","62,896","11,578",0,0,"72,129","75,293","61,752",0,0,0,"71,271","79,832",0,0,0,0,"105,314","96,597",0,0,0,"36,494","74,971","91,497","51,735","46,509"
태화강(명천대교-삼호교),충청남도,보령시,"1,327","47,446","54,076","60,823","61,780","51,340",402,"51,303","100,863","101,417","110,552","21,931",533,"32,858","92,761","101,281","62,896","11,578",0,0,"72,129","75,293","61,752",0,0,0,"71,271","79,832",0,0,0,0,"105,314","96,597",0,0,0,"36,494","74,971","91,497","51,735","46,509"
포항-영덕 해안,경상북도,영덕군,"7,303","14,372","5,181","10,271","6,398","4,538","7,854","8,679","5,244","8,305","10,393","8,681","5,433","5,299","6,448","7,187","13,264","20,759",0,0,"18,600","7,534","8,520",0,0,0,"3,489","11,288",0,0,0,0,"7,756","7,416",0,0,0,0,"6,176","10,224",0,0
영덕-평해 해안,경상북도,울진군,"6,651","10,153","5,923","4,834","5,859","4,889","3,908","8,312","4,786","2,823","9,665","7,600","6,170","14,062","23,665","13,623","8,548","4,343",0,0,"4,108","7,794","2,200",0,0,0,"11,400","12,182",0,0,0,0,"7,787","5,932",0,0,0,0,"7,058","5,669",0,0
평해-울진 해안,경상북도,울진군,0,0,"9,581",0,0,0,0,0,"4,452","3,787",0,0,0,0,"4,346","1,300",0,0,0,0,"4,428","1,430","4,213",0,0,0,"8,719","8,332",0,0,0,0,"4,997","4,363",0,0,0,0,"3,604","5,879",0,0
울진-원덕 해안,경상북도,울진군,0,0,"3,960",0,0,0,0,0,"4,827","2,842",0,0,0,0,"4,011","3,580",0,0,0,0,"4,060","4,070","37,080",0,0,0,"5,051","4,603",0,0,0,0,"3,570","6,059",0,0,0,0,"4,981","6,096",0,0
원덕-삼척 해안,강원도 ,삼척시,"2,803","4,337","8,378","1,840","4,506","2,336","2,291","9,146","8,267","5,227","7,252","5,007","5,288","8,900","9,583","8,704","5,819","16,397",0,0,"9,183","11,847","10,368",0,0,0,"7,606","7,056",0,0,0,0,"5,567","3,983",0,0,0,0,"4,390","6,289",0,0
삼척-강릉 해안,강원도 ,강릉시,0,0,"4,214",0,0,0,0,0,"7,213","2,743",0,0,0,0,"6,868","7,147",0,0,0,0,"5,692","3,782","2,363",0,0,0,"6,485","6,392",0,0,0,0,"3,382","4,814",0,0,0,0,"3,358","4,538",0,0
경포호,강원도 ,강릉시,977,"1,118",831,"2,497",526,"1,394",215,"3,237",579,"2,067","2,432","1,354","1,097","1,997","1,976","1,775",0,0,0,0,"1,154",726,767,0,0,0,"1,430","3,777",0,0,0,0,"1,372","1,166",0,0,0,0,"1,434","1,133",0,0
남대천(강릉),강원도 ,강릉시,277,"1,079",444,"1,063","1,488","2,570",244,"2,029","2,934","2,282","2,166","1,493","1,058","1,963","2,064","1,716",0,0,285,"1,124",987,888,"1,281","3,160",759,"1,308","2,062","1,232","1,531","2,114",678,"1,046","2,859","1,701","2,199","3,414",279,"1,318","2,319","1,735","1,364","4,391"
강릉-주문진 해안,강원도 ,강릉시,0,0,"1,667",0,0,0,0,0,"6,353","7,386",0,0,0,0,"8,848","4,549","4,917","7,277",0,0,"3,521","8,477","1,057",0,0,0,"6,173","7,043",0,0,0,0,"9,161","1,856",0,0,0,0,"4,276","2,033",0,0
주문진-양양 해안,강원도 ,양양군,0,0,"3,900",0,0,0,0,0,"7,823","3,153",0,0,0,0,"6,999","4,042",0,0,0,0,"2,265","6,213","3,387",0,0,0,"1,415","1,441",0,0,0,0,"4,003","3,523",0,0,0,0,"5,068","2,757",0,0
남대천(양양),강원도 ,강릉시,466,939,"2,082","2,141",248,809,272,"3,091","4,121","3,182","2,000","1,411",289,"3,811","2,250","1,369",0,0,349,"1,681",458,"1,463",772,"2,711",506,"3,688","2,816","1,633","1,081","1,871","1,521","1,849","1,798","1,695","2,322","1,598","1,056","1,303","2,801",998,"1,644","2,479"
양양-속초 해안,강원도 ,속초시,0,0,"2,777",0,0,0,0,0,"6,344","3,778",0,0,0,0,"6,141","3,737",0,0,0,0,"1,902","2,158","2,633",0,0,0,"1,946","9,321",0,0,0,0,"4,485","3,117",0,0,0,0,"5,587","5,025",0,0
청초호,강원도 ,속초시,0,0,809,0,0,0,0,0,987,"1,663",0,0,0,0,611,640,0,0,0,0,"1,104",937,779,0,0,0,505,"1,944",0,0,0,0,853,"1,188",0,0,0,0,752,"1,421",0,0
영랑호,강원도 ,속초시,0,0,"1,268",0,0,0,0,0,704,"1,256",0,0,0,0,991,672,0,0,0,0,557,353,244,0,0,0,687,152,0,0,0,0,782,613,0,0,0,0,721,"2,095",0,0
속초-간성 해안,강원도 ,속초시,0,0,"9,183",0,0,0,0,0,"12,545","8,064",0,0,0,0,"7,415","10,802","2,968","3,578",0,0,"5,455","6,544","5,117",0,0,0,"8,018","7,919",0,0,0,0,"5,884","4,447",0,0,0,0,"6,199","8,537",0,0
송지호,강원도 ,고성군,0,0,116,0,0,0,0,0,"3,711",336,0,0,0,0,326,486,0,0,0,0,580,841,866,0,0,0,"1,045","1,347",0,0,0,0,"1,652","1,338",0,0,0,0,"1,484",967,0,0
화진포,강원도 ,고성군,0,0,936,0,0,0,0,0,"2,165","3,825",0,0,0,0,"5,490",993,0,0,0,0,"1,797",732,166,0,0,0,51,200,0,0,0,0,"1,743","1,415",0,0,0,0,"11,482",419,0,0
간성-대진해안,강원도 ,동해시,"4,257","10,316","3,268","4,761","3,599","2,319","5,027","4,084","8,049","13,650","6,778","2,374",982,"2,403","16,873","21,220",0,"3,387",0,0,"6,635","5,169","3,178",0,0,0,"6,477","13,518",0,0,0,0,"8,548","7,334",0,0,0,0,"2,598","3,791",0,0
고성군 해상,강원도 ,고성군,0,0,"1,674",0,0,0,0,0,"1,335","3,680",0,0,0,0,"18,762","4,765",0,0,0,0,"2,749","1,284","3,419",0,0,0,"1,147","1,571",0,0,0,0,834,"4,794",0,0,0,0,"1,129","2,520",0,0
성산-남원,제주특별자치도,서귀포시,0,0,"7,441",0,0,0,0,0,"4,603","5,931",0,0,0,0,"5,358","8,915",0,"2,470",0,0,"10,465","9,514","8,907",0,0,0,"4,657","7,170",0,0,0,0,"3,317","4,251",0,0,0,"3,103","4,994","9,836","8,209","4,462"
성산,제주특별자치도,서귀포시,436,"2,825","3,780","5,524","3,803","3,200",217,602,"3,770","2,940","2,820","3,245",270,"1,222","3,564","3,822",0,0,138,"2,392","2,012","3,107","2,889",689,196,"1,500","3,016","2,662","2,493","1,748",216,"2,715","2,351","5,134","3,010","1,130",575,"2,292","1,801","3,642","6,074","1,729"
용담-대정,제주특별자치도,제주시,"1,729","4,351","23,320","13,889","11,019","5,967","3,138","5,296","9,168","6,739","6,727","7,027","2,690","4,676","7,645","5,431",0,0,0,0,"6,665","8,206","9,960",0,0,0,"7,301","5,441",0,0,0,0,"6,800","9,494",0,0,0,"4,634","6,477","19,984","9,732","5,092"
서귀-안덕,제주특별자치도,서귀포시,"1,659","2,337","6,072","6,836","5,019","2,655",682,"1,586","4,060","5,724","4,345","1,882",974,"1,108","2,993","4,289",0,0,0,0,"2,330","4,059","6,043",0,0,0,"2,194","8,053",0,0,0,0,"3,378","8,152",0,0,0,"1,191","2,661","5,246","5,080","3,284"
하도리,제주특별자치도,제주시,"1,136","6,458","5,379","3,945","3,384","3,869",475,"4,218","4,360","2,891","3,817","2,358","1,014","3,159","2,470","1,214","1,379",536,479,"4,683","3,262","2,367","1,853","1,644",395,"4,079","5,131","6,471","1,865","1,774",398,"4,078","5,908","3,195","1,182","1,589",690,"3,342","4,838","4,616","3,495","1,517"
함덕-하도,제주특별자치도,제주시,0,0,"1,342",0,0,0,0,0,"1,783","4,233",0,0,0,0,"2,638","4,992",0,0,0,0,"5,005","7,572","7,646",0,0,0,"3,639","3,645",0,0,0,0,"8,729","11,582",0,0,0,"4,079","6,692","15,850","11,709","7,866"
대아저수지,전라북도,완주군,0,0,0,0,0,0,0,0,0,0,0,0,0,0,0,0,0,0,0,0,0,0,0,0,0,0,0,0,0,0,0,0,0,0,0,0,0,0,0,0,0,0
동상저수지,전라북도,완주군,0,0,0,0,0,0,0,0,0,0,0,0,0,0,0,0,0,0,0,0,0,0,0,0,0,0,0,0,0,0,0,0,0,0,0,0,0,0,0,0,0,0
병천천,충청북도,청주시,0,0,0,0,0,0,0,0,0,0,0,0,0,0,0,0,0,0,"1,527","2,298","2,116","5,644","1,044","1,419",344,"1,931","2,226","3,448","3,060","2,213",398,"1,916","1,497","1,842","1,504",966,782,"1,484","1,325","1,395","1,261",590
안성천,경기도 ,안성시,0,0,0,0,0,0,0,0,0,0,0,0,0,0,0,0,0,0,"1,395",917,"1,454","2,545","1,128",946,694,148,"2,526","1,794","1,561","1,117",851,"1,044","2,998","1,662","1,230","1,665",974,"1,430","2,183","1,358","2,201","1,271"
공릉천중류,경기도 ,파주시,0,0,0,0,0,0,0,0,0,0,0,0,0,0,0,0,0,0,"1,182","2,479","3,547","1,993","2,855","1,366",709,"1,839","1,669","1,959","3,155","1,519","1,084","2,491","3,945","3,022","2,388","1,823","1,889","1,805","2,303","2,009","1,583",973
황구지천,경기도 ,수원시,0,0,0,0,0,0,0,0,0,0,0,0,0,0,0,0,0,0,"1,061","1,244","4,928","2,859","1,490","2,101","1,206",764,"4,464","3,229",957,606,422,740,"2,713","2,492","1,328",597,"1,064",992,"2,308","4,728","4,836","2,175"
포천천,경기도 ,포천시,0,0,0,0,0,0,0,0,0,0,0,0,0,0,0,0,0,0,642,639,490,815,848,565,275,496,962,826,806,703,466,628,"1,084",806,350,849,448,607,"1,143","1,633","1,151",589
원주천,강원도 ,원주시,0,0,0,0,0,0,0,0,0,0,0,0,0,0,0,0,0,0,"1,568","2,016","1,803","1,862","1,925","1,040","1,174","1,735","1,961","1,720","2,189","1,708",735,719,"1,041","1,192",658,"1,378",935,"1,147",858,578,856,812
무심천,충청북도,청주시,0,0,0,0,0,0,0,0,0,0,0,0,0,0,0,0,0,0,905,964,911,878,327,135,824,679,608,608,"1,108",719,276,604,"1,003",985,684,497,401,"1,067","1,067",822,804,547
보강천,충청북도,증평군,0,0,0,0,0,0,0,0,0,0,0,0,0,0,0,0,0,0,904,"1,106","1,290","1,217",966,"1,193",835,"1,241",966,"1,164","1,387",875,796,"1,251",581,"1,066",907,558,"1,597","1,930",903,699,"1,063",639
복하천,경기도 ,이천시,0,0,0,0,0,0,0,0,0,0,0,0,0,0,0,0,0,0,774,"1,796","2,886","1,693","2,120","2,374","1,849","2,066","3,323","2,764","3,017","1,730","1,315","2,735","3,201","4,269","1,627","1,540","1,607","1,583","2,893","3,696",0,0
무한천,충청남도,예산군,0,0,0,0,0,0,0,0,0,0,0,0,0,0,0,0,0,0,481,998,"3,121","2,485",883,"1,355",401,906,"1,346","1,579","1,716",980,354,817,902,"2,337",655,482,699,578,"1,181","1,391","1,641","1,674"
해미천,충청남도,서산시,0,0,0,0,0,0,0,0,0,0,0,0,0,0,0,0,0,0,"11,742","7,666","2,772","2,379","2,600","1,703","1,130","6,617","3,821",672,"1,212","1,261",978,"5,161","3,555","3,917","2,206",808,374,"3,228","2,339","2,000","1,357",803
전주천,전라북도,전주시,0,0,0,0,0,0,0,0,0,0,0,0,0,0,0,0,0,0,445,"4,019","2,318","2,962","2,842","1,021",393,"1,265","2,886","3,102","1,567",898,485,"2,140","1,962","2,513","2,003","1,333",449,859,887,"2,037","1,158",419
양산천,경상남도,양산시,0,0,0,0,0,0,0,0,0,0,0,0,0,0,0,0,0,0,137,204,"1,522","1,385","2,128",500,69,414,794,842,474,194,104,322,416,585,342,144,205,573,758,"1,703","1,251",499
용수저수지,제주특별자치도,제주시,0,0,0,0,0,0,0,0,0,0,0,0,0,0,0,0,0,0,118,869,0,0,0,523,193,349,0,0,608,295,148,315,0,0,"1,122",432,148,0,0,0,0,0
금호강중류,경상북도,영천시,0,0,0,0,0,0,0,0,0,0,0,0,0,0,0,0,0,0,"2,915","5,447","7,762","7,323","5,756","3,709","2,607","5,299","7,010","5,832","5,752","4,458","2,410","5,936","9,083","5,505","5,106","5,191","2,250","8,949","14,179","12,957","8,744","3,204"
삽교천,충청남도,아산시,0,0,0,0,0,0,0,0,0,0,0,0,0,0,0,0,0,0,221,"1,883","2,325","8,204","2,196","5,732",945,"2,216","1,828",653,"9,232","2,092",358,"1,019","2,071","12,224","1,700","1,919",970,"1,103","2,575","2,080","5,095","2,825"
경안천,경기도 ,용인시,0,0,0,0,0,0,0,0,0,0,0,0,0,0,0,0,0,0,0,0,0,0,0,0,0,0,0,0,0,"2,299","2,288","1,949",0,0,"1,213",809,941,0,0,0,0,0
공릉천하류,경기도 ,파주시,0,0,0,0,0,0,0,0,0,0,0,0,0,0,0,0,0,0,0,0,0,0,0,0,0,0,"4,660","3,620","5,485","3,858","2,531","15,325","7,059","2,530","5,556","2,140","5,771","4,421","3,172","1,829","2,056","1,235"
화포천,경상남도,김해시,0,0,0,0,0,0,0,0,0,0,0,0,0,0,0,0,0,0,0,0,0,0,0,0,0,0,"1,797","1,182",0,0,0,0,"4,913","5,289",0,0,0,"2,523","5,450","5,762","3,147","1,016"
화성호,경기도 ,화성시,0,0,0,0,0,0,0,0,0,0,0,0,0,0,0,0,0,0,0,0,0,0,0,0,0,0,0,0,"3,928","5,466","6,979","16,756",0,0,"18,489","15,994","20,786",0,0,0,0,0
보령호,충청남도,보령시,0,0,0,0,0,0,0,0,0,0,0,0,0,0,0,0,0,0,0,0,0,0,0,0,0,0,"3,091","1,530",0,0,0,0,"2,485","3,654",0,0,0,0,"2,357","2,036",0,0
천수만,충청남도,태안군,0,0,0,0,0,0,0,0,0,0,0,0,0,0,0,0,0,0,0,0,0,0,0,0,0,0,"2,918","3,506",0,0,0,0,"2,729","4,680",0,0,0,0,"2,565","2,608",0,0
고막원천,전라남도,장성군,0,0,0,0,0,0,0,0,0,0,0,0,0,0,0,0,0,0,0,0,0,0,0,0,0,0,0,0,0,0,0,0,0,0,0,0,0,"1,447",694,909,874,"1,321"
논산천,충청남도,논산시,0,0,0,0,0,0,0,0,0,0,0,0,0,0,0,0,0,0,0,0,0,0,0,0,0,0,0,0,0,0,0,0,0,0,0,0,0,"1,394","2,974","2,744","3,000","1,224"
신천,경기도 ,동두천시,0,0,0,0,0,0,0,0,0,0,0,0,0,0,0,0,0,0,0,0,0,0,0,0,0,0,0,0,0,0,0,0,0,0,0,0,0,975,"1,299",973,676,757
원천리천,경기도 ,수원시,0,0,0,0,0,0,0,0,0,0,0,0,0,0,0,0,0,0,0,0,0,0,0,0,0,0,0,0,0,0,0,0,0,0,0,0,0,801,411,377,517,359
원평천,전라북도,김제시,0,0,0,0,0,0,0,0,0,0,0,0,0,0,0,0,0,0,0,0,0,0,0,0,0,0,0,0,0,0,0,0,0,0,0,0,0,"5,122","8,807","30,649","5,965","1,890"
장척저수지,경상남도,창녕군,0,0,0,0,0,0,0,0,0,0,0,0,0,0,0,0,0,0,0,0,0,0,0,0,0,0,0,0,0,0,0,0,0,0,0,0,0,983,561,749,"1,231",939
