구분,2003년,2004년,2005년,2006년,2007년,2008년,2009년,2010년,2011년,2012년,2013년,2014년,2015년,2016년,2017년,2018년,2019년,2020년,2021년,평균
관찰지역수,116,117,122,126,127,140,142,172,193,192,193,194,75,200,200,196,200,200,206,163.74
합계,971176,1109531,1175808,1184287,1577499,1459277,1914446,1445152,1248740,1102082,1106287,1256065,974685,1568527,1320000,1432843,1469859,1629083,1478060,1338074.05
들꿩,1,0,0,0,1,0,0,1,0,0,0,1,0,0,0,0,0,4,1,0.47
멧닭,0,0,0,0,0,0,0,0,0,0,0,0,0,0,0,0,0,0,0,0
메추라기,3,5,14,14,13,17,18,18,18,9,37,6,10,0,4,5,11,3,4,11
꿩,88,182,147,121,140,302,246,355,344,329,278,425,250,364,275,486,334,501,334,289.53
개리,3,36,58,55,40,27,55,88,60,9,61,38,60,57,11,136,12,43,42,46.89
큰기러기,30828,34856,86116,66283,68233,55305,74111,51516,57796,53541,57002,73098,67331,89352,62387,93268,108840,87771,83534,68482.53
회색기러기,0,0,0,0,0,0,0,0,0,0,0,0,0,0,0,0,0,0,0,0
쇠기러기,33583,54481,84039,112821,87792,103563,87678,69147,78180,88362,73340,85594,63459,91928,113373,145761,178326,182608,118439,97498.63
흰이마기러기,0,2,6,15,2,0,3,2,1,5,0,0,1,0,1,1,0,0,0,2.05
줄기러기,0,0,0,0,0,0,0,0,0,0,0,0,0,0,0,0,0,0,0,0
흰머리기러기,0,0,0,0,0,0,0,0,0,0,0,0,0,0,0,0,0,0,0,0
흰기러기,5,2,3,3,1,2,3,1,1,1,2,3,2,1,4,1,3,5,7,2.63
붉은가슴기러기,0,0,0,0,0,0,0,0,0,0,0,0,0,0,0,0,0,0,0,0
캐나다기러기,0,0,0,0,1,0,1,0,0,0,0,1,0,0,0,0,0,0,2,0.26
흑기러기,12,87,17,67,18,1,18,26,1,12,2,3,0,0,10,0,1,0,1,14.53
흰얼굴기러기,0,0,0,0,0,0,0,0,0,0,0,0,0,0,0,0,0,0,0,0
혹고니,0,0,1,0,0,0,6,7,0,0,3,3,7,0,0,1,17,1,29,3.95
고니,220,56,72,177,61,48,65,45,72,36,36,34,3,6,28,5,1,10,2,51.42
큰고니,4069,4867,4259,5014,4787,4191,4857,4794,5402,5378,4846,5857,4795,5510,4806,7229,7610,7371,9152,5515.47
혹부리오리,23025,30986,33830,25315,24081,25682,21573,23852,34830,29620,21037,17438,21020,18440,14836,17413,31184,28949,40413,25448.63
황오리,1718,1498,3533,2918,3937,2446,1184,1554,2070,2966,1433,2120,1753,1525,1689,1930,2793,3126,2181,2230.21
원앙사촌,0,0,0,0,0,0,0,0,0,0,0,0,0,0,0,0,0,0,0,0
원앙,2288,1103,1174,777,508,634,640,1213,2655,448,805,1278,650,1741,1412,2070,1442,1946,2710,1341.79
알락오리,4754,5019,5137,7005,7406,4442,6046,4989,3375,5407,5235,6332,4125,4578,5999,7095,8543,12022,11435,6260.21
청머리오리,1260,1786,2479,2686,2688,4154,5224,4521,3354,3669,4142,4317,1498,2610,6023,2741,4240,3406,3983,3409.53
홍머리오리,5906,6813,10026,7904,12713,8860,14209,8429,10148,8099,6089,8399,2730,6478,10930,10579,8296,8554,10830,8736.42
아메리카홍머리오리,0,123,0,2,1,1,1,1,1,1,0,0,0,0,2,0,0,1,0,7.05
미국오리,0,0,0,0,0,80,0,0,0,0,0,0,0,0,0,0,0,0,0,4.21
청둥오리,250048,240771,248148,242537,178004,172306,159664,161666,126213,127394,127424,154915,127726,221558,173052,191689,153351,171765,133119,176913.16
흰뺨검둥오리,54854,67806,80919,80006,74769,79268,73955,75240,60036,58850,59639,67630,58634,109800,94961,108646,85922,104319,68048,77015.89
넓적부리,3749,2935,3820,7729,11252,8506,5755,5258,3443,3646,3482,3764,3487,7163,4263,4544,7840,8798,5987,5548.47
고방오리,20167,18348,23376,26421,15500,15098,9104,12056,11304,7681,7296,7477,3541,7850,12484,7358,8726,8720,10786,12278.58
발구지,4,0,0,17,0,209,0,2,0,0,0,0,0,0,0,1,0,0,0,12.26
가창오리,303165,455168,337588,270834,819563,626610,1063280,642724,436183,318672,348319,365641,310940,466587,346757,333508,355116,406351,322697,448931.74
쇠오리,13860,18076,14059,15598,13919,19339,16158,17646,16031,18305,15410,14231,8266,21534,15364,16300,12855,21576,12931,15866.21
미국쇠오리,0,0,0,0,0,0,0,0,0,0,0,0,0,0,0,0,0,1,0,0.05
붉은부리흰죽지,1,0,0,0,0,0,0,0,0,0,0,0,1,0,0,0,0,0,0,0.11
큰흰죽지,36,0,0,0,0,0,0,0,0,1,0,0,0,0,0,0,0,0,0,1.95
미국흰죽지,0,0,0,0,0,0,0,0,0,0,0,0,0,0,0,0,0,0,0,0
흰죽지,25840,25014,17593,14482,19220,35285,36789,15839,15325,16965,11676,23568,9959,25953,18814,20461,19843,34308,25407,21702.16
붉은가슴흰죽지,0,0,2,0,6,0,0,0,0,0,0,1,0,0,0,0,1,0,0,0.53
적갈색흰죽지,0,0,0,0,0,0,0,0,0,0,0,0,0,3,3,9,7,0,0,1.16
북미댕기흰죽지,0,0,0,0,0,0,0,0,0,0,0,0,0,0,0,0,0,0,0,0
댕기흰죽지,5854,7677,4506,5533,6834,6651,11131,8821,6952,8426,6311,7264,15530,9551,4093,9741,6381,12841,12131,8222.53
검은머리흰죽지,12867,4699,6897,13775,12380,21953,33821,10811,34538,4071,1952,2862,9430,6347,5687,33322,10157,8510,54197,15172.42
쇠검은머리흰죽지,0,0,0,0,0,0,0,0,0,0,0,0,0,0,0,0,0,0,0,0
호사북방오리,0,0,0,0,0,0,2,0,0,0,0,0,0,0,0,0,0,0,0,0.11
흰줄박이오리,11,63,15,66,39,137,206,41,56,41,51,12,8,34,6,55,63,27,51,51.68
검둥오리사촌,139,242,526,1741,603,377,1089,1072,1478,380,724,674,185,463,256,125,216,43,193,554
검둥오리,196,123,61,32,3,0,7,21,457,339,369,133,33,64,416,346,114,24,210,155.16
바다꿩,0,6,0,0,0,0,2,0,0,13,1,5,0,1,0,0,0,1,0,1.53
꼬마오리,0,0,0,0,0,0,0,0,0,0,0,0,0,0,0,0,0,0,0,0
흰뺨오리,3971,3519,3388,15036,3526,2788,6348,8038,6289,6433,3236,3854,1372,4652,2784,4088,4294,2876,2645,4691.42
북방흰뺨오리,0,0,0,0,0,0,0,0,0,0,0,0,0,0,0,0,0,0,0,0
흰비오리,487,631,1207,792,925,1170,1265,931,1268,953,699,861,528,1143,1666,864,1614,882,626,974.32
비오리,8007,5718,13205,8954,11784,13439,14946,13211,13652,16479,10668,10901,6580,13448,11005,12090,9465,9893,9388,11201.74
바다비오리,1788,709,750,1243,2094,1890,2276,4898,3606,10136,3215,2475,713,2674,1995,3089,2648,2356,2038,2662.79
호사비오리,0,1,18,51,8,12,14,14,59,30,32,55,47,95,75,59,53,58,33,37.58
아비,8,49,18,33,13,106,69,347,145,66,46,28,5,17,11,66,8,9,14,55.68
큰회색머리아비,96,48,55,47,57,47,663,788,1133,324,1831,875,38,1042,176,2840,432,147,33,561.68
회색머리아비,26,13,12,22,17,32,48,360,105,321,1344,780,71,489,18,1697,210,34,6,295
흰부리아비,0,1,0,0,0,0,2,1,2,0,0,0,0,0,1,1,1,0,0,0.47
레이산알바트로스,0,0,0,0,0,0,0,0,0,0,0,0,0,0,0,0,0,0,0,0
알바트로스,0,0,0,0,0,0,0,0,0,0,0,0,0,0,0,0,0,0,0,0
흰배슴새,0,0,0,0,0,0,0,0,0,0,0,0,0,0,0,0,0,0,0,0
슴새,0,0,0,0,0,0,0,0,0,0,0,0,0,0,0,0,0,0,0,0
쇠부리슴새,0,0,0,0,0,0,0,0,0,0,0,0,0,0,1,0,0,0,0,0.05
붉은발슴새,0,0,0,0,0,0,0,0,0,0,0,0,0,0,0,0,0,0,0,0
검은슴새,0,0,0,0,0,0,0,0,0,0,0,0,0,0,0,0,0,0,0,0
바다제비,0,0,0,0,0,0,0,0,0,1,0,0,0,0,0,0,0,0,0,0.05
논병아리,698,848,1666,854,1361,1762,1489,1102,1043,977,884,1279,643,2294,1535,1305,1537,2825,1658,1355.79
큰논병아리,55,40,384,303,74,43,222,1627,42,355,140,17,42,76,11,24,57,2,40,187.05
뿔논병아리,1200,2249,1869,4040,2718,5370,6314,9660,10296,13152,9812,10272,8111,13395,12161,17332,13749,12155,16879,8986
귀뿔논병아리,33,218,38,10,15,17,70,29,92,69,116,52,3,286,82,68,88,23,34,70.68
검은목논병아리,828,2358,1195,2199,211,667,467,584,386,379,1027,741,457,1227,234,501,729,402,414,789.79
큰홍학,0,0,0,0,0,0,0,0,0,0,0,0,0,0,0,0,0,0,0,0
먹황새,0,2,0,2,4,0,3,0,0,2,0,0,0,0,0,0,0,0,0,0.68
황새,1,9,8,5,4,20,9,5,6,4,9,11,5,13,24,34,26,88,110,20.58
검은머리흰따오기,0,0,0,0,0,0,0,0,0,0,0,0,0,0,0,0,0,0,0,0
따오기,0,0,0,0,0,0,0,0,0,0,0,0,0,0,0,0,0,0,6,0.32
적갈색따오기,0,0,0,0,0,0,0,0,0,0,0,0,0,0,0,0,0,0,0,0
노랑부리저어새,24,146,139,191,147,182,209,137,115,120,143,147,144,405,363,226,295,402,306,202.16
저어새,25,23,16,22,20,20,27,15,18,17,29,16,14,38,31,25,32,37,33,24.11
알락해오라기,5,3,1,8,4,6,5,9,5,7,4,2,3,10,1,3,5,0,7,4.63
덤불해오라기,0,0,0,0,0,0,0,0,0,0,1,0,0,0,0,0,0,0,0,0.05
큰덤불해오라기,0,0,0,0,0,0,0,0,0,0,3,0,0,0,0,0,0,0,0,0.16
열대붉은해오라기,0,0,0,0,0,0,0,0,0,0,0,0,0,0,0,0,0,0,0,0
검은해오라기,0,0,0,0,0,0,0,0,0,0,0,0,0,0,0,0,0,0,0,0
붉은해오라기,0,1,0,0,0,0,0,0,0,0,0,0,0,0,0,0,0,0,0,0.05
푸른눈테해오라기,0,0,0,0,0,0,0,0,0,0,0,0,0,0,0,0,0,0,0,0
해오라기,16,164,28,12,34,49,62,90,56,1,8,64,11,12,3,132,67,195,15,53.63
검은댕기해오라기,1,0,0,0,0,0,0,0,0,0,0,1,0,1,0,0,0,0,0,0.16
흰날개해오라기,0,0,0,0,0,0,1,0,0,0,0,0,0,0,0,0,1,2,0,0.21
황로,0,0,0,0,2,0,8,0,0,0,0,0,0,0,0,0,2,0,0,0.63
왜가리,981,1565,1306,1615,2278,2558,2235,2313,2525,2697,2304,3667,1195,3906,3470,4042,3733,4544,3497,2654.26
붉은왜가리,0,0,0,0,0,0,0,0,0,0,0,0,0,0,0,0,0,0,0,0
중대백로,208,891,430,541,653,372,942,412,275,722,838,685,434,858,3717,3628,3437,3568,2196,1305.63
중백로,1,6,8,4,26,79,8,3,0,7,5,20,0,19,17,51,1,3,0,13.58
쇠백로,274,403,332,324,622,591,328,407,462,453,488,373,119,646,734,260,354,461,201,412.21
흑로,11,26,28,35,32,37,22,22,16,25,18,15,3,18,7,28,12,10,20,20.26
노랑부리백로,0,0,0,0,0,0,0,0,0,0,0,1,0,1,0,0,0,18,0,1.05
큰군함조,0,0,0,0,0,0,0,0,0,0,0,0,0,0,0,0,0,0,0,0
군함조,0,0,0,0,0,0,0,0,0,0,0,0,0,0,0,0,0,0,0,0
큰사다새,0,0,0,0,0,0,0,0,0,0,0,0,0,0,0,0,0,0,0,0
사다새,0,0,0,0,0,0,0,0,0,0,0,0,0,0,0,0,0,0,0,0
푸른얼굴얼가니새,0,0,0,0,0,0,0,0,0,0,0,0,0,0,0,0,0,0,0,0
붉은발얼가니새,0,0,0,0,0,0,0,0,0,0,0,0,0,0,0,0,0,0,0,0
갈색얼가니새,0,0,0,0,0,0,0,0,0,0,0,0,0,0,0,0,0,0,0,0
민물가마우지,920,593,2006,2474,2773,2669,4465,2911,1639,4336,5213,6115,7388,10723,16021,15672,12470,18328,21196,7258.53
가마우지,703,776,1089,1510,1170,2388,1685,1814,2496,3503,1933,2301,1395,2115,1898,2242,2572,2918,3275,1988.58
쇠가마우지,66,531,5,316,421,63,819,361,471,592,350,755,944,1228,782,1838,2312,1842,1350,791.89
붉은뺨가마우지,0,0,0,0,0,0,0,0,0,0,0,0,0,0,0,0,0,0,0,0
황조롱이,84,117,162,136,147,200,199,215,227,258,257,240,174,310,244,266,268,278,294,214.53
비둘기조롱이,0,0,0,0,0,0,0,0,2,1,0,0,0,0,0,0,0,0,0,0.16
쇠황조롱이,3,4,3,7,2,5,8,7,11,15,13,9,0,8,3,8,8,5,7,6.63
새호리기,0,0,0,0,0,0,0,0,0,4,2,0,0,0,0,0,0,0,0,0.32
헨다손매,0,0,0,0,0,0,0,0,1,0,0,0,0,0,0,0,0,0,0,0.05
흰매,0,0,0,0,0,0,0,0,0,0,0,0,0,0,0,0,0,0,0,0
매,11,12,18,17,25,10,21,24,22,27,29,20,23,28,13,21,31,24,47,22.26
물수리,17,19,13,25,37,36,61,45,39,36,41,44,29,33,33,42,39,53,49,36.37
검은댕기수리,0,0,0,0,0,0,0,0,0,0,0,0,0,0,0,0,0,0,0,0
검은어깨매,0,0,0,0,0,0,0,0,0,0,0,0,0,0,0,0,0,2,0,0.11
벌매,0,0,0,0,0,0,0,0,0,0,0,0,0,0,0,0,0,0,0,0
솔개,32,18,40,9,29,45,12,14,10,12,15,22,5,6,5,35,20,3,37,19.42
흰꼬리수리,19,30,37,45,27,43,48,81,92,125,117,94,90,130,119,182,182,162,223,97.16
참수리,3,0,5,6,4,4,3,4,5,10,5,7,4,9,10,15,11,5,8,6.21
수염수리,0,0,0,0,0,0,0,0,0,0,1,0,0,0,0,0,0,0,0,0.05
고산대머리수리,0,0,0,0,0,0,0,0,0,0,1165,675,0,0,0,0,0,0,0,96.84
독수리,475,456,1545,1055,724,683,484,1084,959,1262,0,0,527,310,618,1280,1194,679,896,749
관수리,0,0,0,0,0,0,0,0,0,0,0,0,0,0,0,0,0,0,0,0
개구리매,3,0,1,0,0,0,0,0,1,1,1,2,0,3,4,1,2,7,2,1.47
잿빛개구리매,39,22,30,28,23,65,45,58,43,43,33,28,31,31,44,32,35,43,68,39
알락개구리매,0,1,0,1,1,0,0,0,1,0,1,0,0,0,1,0,0,0,0,0.32
붉은배새매,0,0,1,0,0,0,0,0,1,0,0,0,0,0,0,0,0,0,0,0.11
조롱이,1,1,0,1,2,1,1,1,0,1,1,0,0,2,2,0,0,0,1,0.79
새매,9,8,5,17,9,14,26,34,30,30,28,32,23,34,35,33,33,39,53,25.89
참매,5,9,5,8,4,14,9,15,16,18,12,23,10,25,23,36,21,29,47,17.32
왕새매,0,0,0,0,0,0,0,0,0,0,0,0,0,0,0,0,0,0,0,0
말똥가리,61,90,116,113,153,197,195,342,361,332,392,321,204,432,358,505,450,676,594,310.11
큰말똥가리,4,1,1,6,2,12,17,27,23,18,10,10,9,10,7,5,9,9,37,11.42
털발말똥가리,5,0,5,4,3,22,2,23,21,9,12,5,3,4,5,2,1,3,4,7
항라머리검독수리,0,0,3,0,1,3,1,3,0,4,0,1,0,2,0,1,0,1,5,1.32
초원수리,0,0,0,0,0,0,0,1,0,0,0,0,0,0,0,0,0,1,0,0.11
흰죽지수리,0,0,2,2,0,2,1,2,0,2,1,0,0,0,0,0,3,2,4,1.11
검독수리,6,2,1,5,0,6,2,7,27,16,13,4,2,1,3,1,1,1,2,5.26
흰배줄무늬수리,0,0,0,0,0,0,0,0,0,0,0,0,0,0,0,0,0,0,0,0
흰점어깨수리,0,0,0,0,0,0,0,0,0,0,0,0,0,0,0,0,0,0,0,0
뿔매,0,0,0,0,0,0,0,0,0,0,0,0,0,0,0,0,0,0,0,0
느시,0,0,0,0,0,0,0,0,0,0,0,0,0,0,0,0,0,1,0,0.05
알락뜸부기,0,0,0,0,0,0,0,0,0,0,0,0,0,0,0,0,0,0,0,0
흰눈썹뜸부기,0,0,0,0,2,1,3,1,1,0,0,0,0,0,0,1,0,0,1,0.53
흰배뜸부기,0,0,0,0,0,0,0,0,0,0,0,0,0,0,0,0,0,0,0,0
쇠뜸부기,0,0,0,0,0,0,0,0,0,1,0,0,0,0,0,0,0,0,0,0.05
쇠뜸부기사촌,0,0,0,0,0,0,0,0,0,0,0,0,0,0,0,0,0,0,0,0
한국뜸부기,0,0,0,0,0,0,0,0,0,0,0,0,0,0,0,0,0,0,0,0
뜸부기,0,0,0,0,0,0,0,0,0,0,0,0,0,0,0,6,0,0,0,0.32
쇠물닭,25,36,5,37,62,121,218,66,89,79,29,59,36,65,56,71,39,77,23,62.79
물닭,4023,5341,11292,16195,7903,10706,17029,16289,11325,15106,10865,17657,11358,33409,26228,28190,24315,29135,48979,18176.05
쇠재두루미,0,0,0,0,0,0,0,0,0,0,0,0,0,0,0,0,0,0,0,0
시베리아흰두루미,0,0,0,0,0,0,0,0,0,1,2,2,3,0,1,3,0,0,0,0.63
캐나다두루미,0,0,0,1,1,0,0,0,0,1,0,0,1,0,3,0,7,4,5,1.21
재두루미,452,626,1103,1321,1397,1433,1790,1433,1825,1505,1599,2645,2798,3278,3319,4786,5313,5697,7012,2596.42
검은목두루미,2,1,1,2,2,6,7,5,8,6,8,6,8,6,4,20,13,9,15,6.79
흑두루미,136,216,255,219,241,338,343,453,516,596,656,925,891,1540,1332,1903,2098,2522,3017,957.74
두루미,388,582,529,643,704,784,1029,1051,856,798,932,966,902,998,1147,1237,1498,1657,1693,968.11
세가락메추라기,0,7,0,0,3,0,0,0,0,0,0,0,0,0,0,0,0,0,0,0.53
검은머리물떼새,5504,2272,3694,2809,1043,3352,4382,4929,2062,5174,8349,2544,5599,6913,2228,5470,6041,4731,5085,4325.32
장다리물떼새,0,5,1,2,4,0,0,0,1,0,3,1,0,0,0,0,0,0,0,0.89
뒷부리장다리물떼새,2,0,0,0,0,1,0,0,0,0,2,0,0,0,1,0,0,0,0,0.32
댕기물떼새,72,159,159,179,167,250,184,188,233,261,133,92,82,111,262,203,196,389,346,192.95
민댕기물떼새,0,0,0,0,0,0,0,5,0,0,0,0,0,0,0,0,0,0,0,0.26
검은가슴물떼새,0,1,0,0,3,0,0,0,0,0,0,1,0,0,0,0,0,0,0,0.26
개꿩,1702,2319,879,1015,509,2298,739,2399,1531,679,2546,1015,98,1934,295,185,548,1352,1051,1215.47
흰죽지꼬마물떼새,0,0,0,0,1,2,1,0,1,0,0,0,0,0,0,0,1,1,1,0.42
흰목물떼새,4,0,17,5,28,32,25,36,22,19,38,58,8,74,42,69,51,68,61,34.58
꼬마물떼새,11,16,16,8,14,16,90,9,10,4,0,10,0,6,0,0,0,1,3,11.26
흰물떼새,202,489,449,507,330,819,266,337,254,181,432,80,66,295,452,83,372,353,318,330.79
왕눈물떼새,0,0,0,150,0,0,8,220,2,22,0,0,0,0,0,0,0,2,1,21.32
큰왕눈물떼새,0,0,0,0,0,0,0,0,0,0,0,0,0,0,0,0,0,0,0,0
큰물떼새,0,0,0,0,0,0,0,0,0,0,0,0,0,0,0,0,0,0,0,0
흰눈썹물떼새,0,0,0,0,0,0,0,0,0,0,0,0,0,0,0,0,0,0,0,0
호사도요,1,0,0,0,0,1,0,0,0,0,0,0,0,0,0,0,0,0,0,0.11
물꿩,0,0,0,0,0,0,0,0,0,0,0,0,0,0,0,0,0,0,0,0
멧도요,0,0,0,0,0,0,0,0,1,0,0,0,0,1,0,0,0,0,1,0.16
꼬마도요,0,0,0,0,0,0,0,0,0,0,0,0,0,0,0,0,0,0,0,0
청도요,0,0,0,0,0,0,0,0,0,0,0,1,0,0,0,0,0,0,0,0.05
큰꺅도요,0,0,0,0,0,0,0,0,0,0,0,0,0,0,0,0,0,0,0,0
바늘꼬리도요,0,0,0,0,0,0,0,0,0,0,0,0,0,0,0,0,0,0,0,0
꺅도요사촌,0,0,0,0,0,0,0,0,0,0,0,0,0,0,0,0,0,0,0,0
꺅도요,10,3,15,6,2,1,12,3,4,10,13,15,6,15,17,23,23,19,34,12.16
긴부리도요,0,0,0,0,0,0,0,0,0,0,0,0,0,0,0,0,0,2,0,0.11
큰부리도요,0,0,0,0,0,0,0,0,0,0,0,0,0,0,0,0,0,0,0,0
흑꼬리도요,0,265,0,0,0,0,0,1,0,29,0,0,0,0,0,0,1,0,0,15.58
큰뒷부리도요,8,0,1,0,0,0,0,0,0,0,0,0,0,0,0,0,1,0,0,0.53
쇠부리도요,0,0,0,0,0,0,0,0,0,0,0,0,0,0,0,0,0,0,0,0
중부리도요,0,0,2,0,323,13,0,10,14,178,7,3,30,0,0,0,0,137,0,37.74
마도요,5034,2165,3065,2393,2715,1826,3532,3562,2642,4450,7596,2736,4498,5788,2100,5744,9518,5121,11607,4531.16
알락꼬리마도요,306,6,3,0,78,28,12,535,2,89,42,16,8,12,31,0,9,7,2,62.42
학도요,0,0,0,0,0,0,0,0,0,0,0,0,3,0,0,0,1,0,0,0.21
붉은발도요,0,0,0,0,0,0,0,0,0,1,1,0,1,0,0,0,0,0,0,0.16
쇠청다리도요,0,0,0,0,0,0,0,0,0,0,0,0,1,0,0,0,0,0,0,0.05
청다리도요,2,1,5,2,10,28,7,32,5,17,4,61,18,50,61,11,13,31,73,22.68
청다리도요사촌,0,0,0,0,0,0,0,0,0,0,0,0,0,0,0,0,0,0,0,0
큰노랑발도요,0,0,0,0,0,0,0,0,0,0,0,0,0,0,0,0,0,0,0,0
삑삑도요,4,18,8,14,18,28,40,48,44,50,259,71,40,66,47,75,39,94,86,55.21
알락도요,1,0,1,1,0,5,0,2,0,0,0,1,0,0,0,0,0,0,0,0.58
뒷부리도요,0,15,0,0,0,11,0,7,0,0,0,0,0,0,0,0,0,59,0,4.84
깝작도요,26,35,49,76,60,79,42,62,53,73,64,93,35,112,48,252,66,88,76,73.11
노랑발도요,0,0,0,0,0,22,0,0,0,0,0,13,0,0,0,0,0,0,0,1.84
꼬까도요,1,0,0,0,0,0,2,1,0,0,0,5,8,20,0,0,0,0,0,1.95
붉은어깨도요,0,0,0,0,0,0,0,0,0,0,0,0,0,0,0,0,0,0,0,0
붉은가슴도요,0,0,0,0,0,0,0,0,0,0,0,0,0,0,0,0,0,0,0,0
세가락도요,1162,408,125,354,220,118,312,301,293,335,443,219,203,311,364,300,440,437,300,349.74
좀도요,196,0,70,361,451,431,144,801,63,80,361,1046,51,28,0,0,5,0,2,215.26
작은도요,0,0,0,0,0,0,0,0,0,0,0,0,0,0,0,0,0,0,0,0
흰꼬리좀도요,0,0,0,0,0,0,0,0,1,0,1,0,0,2,0,1,0,2,0,0.37
종달도요,0,0,0,0,0,0,0,0,0,0,0,0,0,0,0,0,0,0,0,0
아메리카메추라기도요,0,0,0,0,0,0,0,0,0,0,0,0,0,0,0,0,0,0,0,0
메추라기도요,0,0,0,0,0,0,0,0,0,0,0,0,0,0,0,0,0,0,0,0
붉은갯도요,0,0,0,0,0,0,0,0,0,0,0,0,0,0,0,0,0,0,0,0
민물도요,15515,5847,10215,21598,15423,19762,7261,21955,9321,4538,15695,13890,4356,12169,3440,2624,7878,13963,10937,11388.79
넓적부리도요,0,0,0,0,0,0,0,0,0,0,0,0,0,0,0,0,0,0,0,0
송곳부리도요,56,0,0,0,0,0,0,0,0,2,0,0,0,0,0,0,0,0,0,3.05
누른도요,0,0,0,0,0,0,0,0,0,0,0,0,0,0,0,0,0,0,0,0
목도리도요,0,0,0,0,0,0,0,0,0,0,0,0,0,0,0,0,4,0,0,0.21
큰지느러미발도요,0,0,0,0,0,0,0,0,0,0,0,0,0,0,0,0,0,0,0,0
지느러미발도요,0,0,0,0,0,0,0,0,0,0,0,0,0,0,0,0,0,0,0,0
붉은배지느러미발도요,0,0,0,0,0,0,0,0,0,0,0,0,0,0,0,0,0,0,0,0
제비물떼새,0,0,0,0,0,0,0,0,0,0,0,0,0,0,0,0,0,0,0,0
괭이갈매기,25801,15769,23455,28667,19753,25211,30777,26436,35285,39823,36625,51776,18506,39338,30679,40107,37790,31246,48212,31855.58
갈매기,5182,6893,6546,12103,6068,13549,18783,12647,9383,8153,5993,12875,3004,22524,24576,7179,21212,7228,6556,11076.53
수리갈매기,18,23,19,2,31,857,10,3,7,10,17,4,5,7,12,15,4,2,2,55.16
흰갈매기,52,57,57,101,82,77,98,64,51,63,76,97,26,95,101,114,73,81,67,75.37
작은흰갈매기,1,2,0,0,0,0,2,0,0,0,1,0,0,0,0,0,0,0,0,0.32
작은재갈매기,0,0,0,0,0,0,0,0,0,0,0,1,2,2,1,2,0,0,0,0.42
재갈매기,29608,21198,32368,37207,27626,35707,40656,40176,42436,32642,39528,68212,28989,45077,55177,40144,50379,42527,53332,40157.32
옅은재갈매기,0,0,0,1,0,0,0,0,0,0,2,1,0,0,0,0,0,0,0,0.21
한국재갈매기,0,0,0,0,0,0,0,0,0,394,394,719,799,520,581,411,1077,429,469,304.89
줄무늬노랑발갈매기,32,25,75,99,128,48,184,70,105,351,306,392,81,150,121,237,155,182,289,159.47
큰재갈매기,1514,2431,2146,2555,2969,10780,9113,1443,2417,3307,3159,8562,1637,4892,3923,4570,6289,2168,2330,4010.79
큰검은머리갈매기,0,0,0,0,1,0,1,0,0,0,0,0,1,0,0,0,0,1,0,0.21
붉은부리갈매기,22032,11731,19409,18999,25445,17276,17781,24361,17055,18701,24841,19448,34119,14668,16845,14685,12361,15295,21467,19290.47
긴목갈매기,0,0,0,0,0,0,0,0,0,0,0,0,0,0,0,0,0,0,0,0
검은머리갈매기,1338,1853,1479,1899,875,1252,1944,1294,1568,1700,2297,1859,2147,2034,2062,2875,1699,2068,2909,1850.11
고대갈매기,0,0,0,0,0,0,0,0,0,3,2,2,1,2,0,0,1,7,0,0.95
꼬마갈매기,0,0,0,1,0,0,0,0,0,0,0,0,0,0,0,0,0,0,0,0.05
북극흰갈매기,0,0,0,0,0,0,0,0,0,0,0,0,0,0,0,0,0,0,0,0
목테갈매기,0,0,0,0,0,0,0,0,0,0,0,0,0,0,0,0,0,0,0,0
세가락갈매기,105,45,33,70,2,130,24,17,7,28,75,307,0,29,61,29,5,75,0,54.84
큰부리제비갈매기,0,0,0,0,0,0,0,0,0,0,0,0,0,0,0,0,0,0,0,0
붉은부리큰제비갈매기,0,0,0,0,0,0,0,0,0,0,0,0,0,0,0,1,2,0,0,0.16
큰제비갈매기,0,0,0,0,0,0,0,0,0,0,0,0,0,0,0,0,0,0,0,0
뿔제비갈매기,0,0,0,0,0,0,0,0,0,0,0,0,0,0,0,0,0,0,0,0
긴꼬리제비갈매기,0,0,0,0,0,0,0,0,0,0,0,0,0,0,0,0,0,0,0,0
제비갈매기,0,0,0,0,0,1,0,0,0,0,0,0,0,0,0,0,0,0,0,0.05
쇠제비갈매기,0,0,0,0,0,0,0,0,0,0,0,0,0,4,0,0,3,0,0,0.37
알류샨제비갈매기,0,0,0,0,0,0,0,0,0,0,0,0,0,0,0,0,0,0,0,0
에위니아제비갈매기,0,0,0,0,0,0,0,0,0,0,0,0,0,0,0,0,0,0,0,0
검은등제비갈매기,0,0,0,0,0,0,0,0,0,0,0,0,0,0,0,0,0,0,0,0
구레나룻제비갈매기,0,0,0,0,0,0,0,0,0,0,0,0,0,0,0,0,0,0,0,0
흰죽지제비갈매기,0,0,0,0,0,0,0,0,0,0,0,0,0,0,0,0,0,0,0,0
검은제비갈매기,0,0,0,0,0,0,0,0,0,0,0,0,0,0,0,0,0,0,0,0
흰제비갈매기,0,0,0,0,0,0,0,0,0,0,0,0,0,0,0,0,0,0,0,0
남극도둑갈매기,0,0,0,0,0,0,0,0,0,0,0,0,0,0,0,0,0,0,0,0
넓적꼬리도둑갈매기,0,0,0,0,0,0,0,0,0,0,0,0,0,0,0,0,0,0,0,0
북극도둑갈매기,0,0,0,0,0,0,0,0,0,0,0,0,0,0,0,0,0,0,0,0
긴꼬리도둑갈매기,0,0,0,0,0,0,0,0,0,0,0,0,0,0,0,0,0,0,0,0
큰부리바다오리,0,0,0,3,0,0,17,3,15,5,4,14,0,12,7,8,4,3,1,5.05
바다오리,0,0,0,15,0,0,4,15,9,1,4,49,0,27,1,6,0,0,0,6.89
흰눈썹바다오리,0,0,0,1,0,0,2,0,4,7,2,5,0,0,1,4,4,0,2,1.68
알락쇠오리,0,0,0,3,0,0,8,2,4,0,4,0,0,2,1,0,0,0,0,1.26
바다쇠오리,36,2,55,176,4,947,16108,1444,80,3481,1476,254,1203,3332,3336,2524,3341,2673,1274,2197.16
뿔쇠오리,0,0,0,0,0,0,0,0,0,0,0,0,0,0,0,0,0,0,0,0
작은바다오리,0,0,0,0,0,0,3,0,0,0,0,0,0,0,0,0,0,0,0,0.16
흰수염바다오리,0,0,0,1,0,5,1226,125,18,29,575,4281,0,1930,876,582,2487,8,4,639.32
댕기바다오리,0,0,0,0,0,0,0,0,0,0,0,0,0,0,0,0,0,0,0,0
사막꿩,0,0,0,0,0,0,0,0,0,0,0,0,0,0,0,0,0,0,0,0
양비둘기,6,2,30,92,63,68,0,1,0,0,0,0,0,0,0,0,42,12,55,19.53
분홍가슴비둘기,0,0,0,0,0,0,0,0,0,0,0,0,0,0,0,0,0,0,0,0
흑비둘기,0,0,0,0,0,88,0,0,0,0,0,0,0,0,0,0,0,0,0,4.63
멧비둘기,3294,3350,3308,2490,4579,6339,8483,6056,6926,9000,5646,9047,4987,11897,7231,12977,11345,15206,16983,7849.68
염주비둘기,0,0,0,0,0,0,0,1,0,0,1,0,0,0,0,0,0,0,2,0.21
홍비둘기,0,0,0,0,0,0,0,0,0,0,0,0,0,0,0,0,0,0,0,0
목점박이비둘기,0,0,0,0,0,0,0,0,0,0,0,0,0,0,0,0,0,0,0,0
녹색비둘기,0,0,0,0,0,0,0,0,0,0,0,0,0,0,0,0,0,0,0,0
밤색날개뻐꾸기,0,0,0,0,0,0,0,0,0,0,0,0,0,0,0,0,0,0,0,0
큰매사촌,0,0,0,0,0,0,0,0,0,0,0,0,0,0,0,0,0,0,0,0
매사촌,0,0,0,0,0,0,0,0,0,0,0,0,0,0,0,0,0,0,0,0
검은등뻐꾸기,0,0,0,0,0,0,0,0,0,0,0,0,0,0,0,0,0,0,0,0
뻐꾸기,0,0,0,0,0,0,0,0,0,0,0,0,0,0,0,0,0,0,0,0
벙어리뻐꾸기,0,0,0,0,0,0,0,0,0,0,0,0,0,0,0,0,0,0,0,0
두견,0,0,0,0,0,0,0,0,0,0,0,0,0,0,0,0,0,0,0,0
검은두견이,0,0,0,0,0,0,0,0,0,0,0,0,0,0,0,0,0,0,0,0
검은뻐꾸기,0,0,0,0,0,0,0,0,0,0,0,0,0,0,0,0,0,0,0,0
우는뻐꾸기,0,0,0,0,0,0,0,0,0,0,0,0,0,0,0,0,0,0,0,0
작은뻐꾸기사촌,0,0,0,0,0,0,0,0,0,0,0,0,0,0,0,0,0,0,0,0
가면올빼미,0,0,0,0,0,0,0,0,0,0,0,0,0,0,0,0,0,0,0,0
큰소쩍새,1,1,0,1,0,0,0,1,1,0,0,2,0,0,0,0,0,0,1,0.42
소쩍새,0,0,0,0,0,0,0,0,0,0,0,0,0,0,0,0,0,0,0,0
흰올빼미,0,0,0,0,0,0,0,0,0,0,0,0,0,0,0,0,0,0,0,0
수리부엉이,0,0,3,3,4,5,8,3,11,4,5,6,2,5,2,5,8,9,11,4.95
올빼미,0,0,0,0,0,0,0,0,0,1,0,0,0,0,0,0,0,0,0,0.05
긴점박이올빼미,0,0,0,0,0,0,0,0,0,0,0,0,0,0,0,1,0,0,0,0.05
긴꼬리올빼미,0,0,0,0,0,0,0,0,0,0,0,0,0,0,0,0,0,0,0,0
금눈쇠올빼미,0,0,0,1,0,0,0,2,0,0,0,0,3,0,2,0,0,2,0,0.53
솔부엉이,0,0,0,0,0,0,0,0,0,0,0,0,0,0,0,0,0,0,0,0
칡부엉이,0,0,3,1,0,0,0,1,2,0,4,8,4,0,3,0,1,0,0,1.42
쇠부엉이,1,2,4,8,4,14,10,6,5,4,6,3,2,10,9,11,6,7,4,6.11
쏙독새,0,0,0,0,0,0,0,0,0,0,0,0,0,0,0,0,0,0,0,0
작은칼새,0,0,0,0,0,0,0,0,0,0,0,0,0,0,0,0,0,0,0,0
바늘꼬리칼새,0,0,0,0,0,0,0,0,0,0,0,0,0,0,0,0,0,0,0,0
칼새,0,0,0,0,0,0,0,0,0,0,0,0,0,0,0,0,0,0,0,0
쇠칼새,0,0,0,0,0,0,0,0,0,0,0,0,0,0,0,0,0,0,0,0
파랑새,0,0,0,0,0,0,0,0,0,0,0,0,0,0,0,0,0,0,0,0
호반새,0,0,0,0,0,0,0,0,0,0,0,0,0,0,0,0,0,0,0,0
청호반새,0,0,0,0,0,0,0,0,0,0,0,0,0,0,0,0,0,0,0,0
물총새,5,3,4,3,5,9,10,6,12,12,10,7,7,9,11,10,8,34,14,9.42
뿔호반새,0,0,0,0,0,0,0,0,0,0,0,0,0,0,0,0,0,0,0,0
후투티,0,0,0,0,1,1,2,0,2,1,10,4,7,14,16,30,34,57,43,11.68
개미잡이,0,0,0,0,0,0,2,0,0,0,0,0,0,0,0,0,0,0,0,0.11
붉은배오색딱다구리,0,0,0,0,0,0,0,0,0,0,0,0,0,0,0,0,0,0,0,0
쇠딱다구리,17,24,16,45,64,88,66,68,77,113,134,90,55,110,93,139,139,191,182,90.05
아물쇠딱다구리,0,0,0,0,0,0,0,0,0,0,0,2,0,0,0,0,0,1,1,0.21
쇠오색딱다구리,0,0,0,0,0,1,0,0,0,0,0,0,0,0,0,0,0,0,0,0.05
큰오색딱다구리,1,0,1,1,3,0,6,5,5,4,13,14,8,18,8,13,15,22,22,8.37
오색딱다구리,7,8,7,10,8,35,23,29,24,28,60,50,24,65,35,84,71,121,117,42.42
세가락딱다구리,0,0,0,0,0,0,0,0,0,0,0,0,0,0,0,0,0,0,0,0
크낙새,0,0,0,0,0,0,0,0,0,0,0,0,0,0,0,0,0,0,0,0
까막딱다구리,0,0,0,0,0,0,0,0,0,0,0,0,0,0,0,0,0,0,0,0
청딱다구리,0,0,0,0,0,0,0,0,0,32,38,49,24,46,23,50,50,99,81,25.89
팔색조,0,0,0,0,0,0,0,0,0,0,0,0,0,0,0,0,0,0,0,0
푸른날개팔색조,0,0,0,0,0,0,0,0,0,0,0,0,0,0,0,0,0,0,0,0
회색숲제비,0,0,0,0,0,0,0,0,0,0,0,0,0,0,0,0,0,0,0,0
검은할미새사촌,0,0,0,0,0,0,0,0,0,0,0,0,0,0,0,0,0,0,0,0
할미새사촌,0,0,0,0,0,0,0,0,0,0,0,0,0,0,0,0,0,0,0,0
검은가슴할미새사촌,0,0,0,0,0,0,0,0,0,0,0,0,0,0,0,0,0,0,0,0
칡때까치,19,0,0,0,1,0,6,0,5,0,0,0,0,0,0,0,0,0,0,1.63
때까치,71,71,88,93,147,181,207,204,181,188,142,239,142,361,232,404,263,500,433,218.26
노랑때까치,1,0,0,0,1,0,0,0,0,0,0,1,1,3,0,1,0,0,0,0.42
붉은등때까치,0,0,0,0,0,0,0,0,0,0,0,0,0,0,0,0,0,0,0,0
긴꼬리때까치,0,1,1,0,5,2,1,2,0,0,1,1,0,2,0,3,1,3,4,1.42
재때까치,0,0,0,0,0,0,0,0,0,0,0,2,0,0,0,0,0,0,0,0.11
물때까치,4,3,3,4,3,6,11,18,12,8,9,8,10,9,7,7,20,64,12,11.47
꾀꼬리,0,0,0,0,0,0,0,0,0,0,0,0,0,0,0,0,0,0,0,0
검은바람까마귀,0,0,0,0,0,0,0,0,0,0,0,0,0,0,0,0,0,0,0,0
회색바람까마귀,0,0,0,0,0,0,0,0,0,0,0,0,0,0,0,0,0,0,0,0
바람까마귀,0,0,0,0,0,0,0,0,0,0,0,0,0,0,0,0,0,0,0,0
북방긴꼬리딱새,0,0,0,0,0,0,0,0,0,0,0,0,0,0,0,0,0,0,0,0
긴꼬리딱새,0,0,0,0,0,0,0,0,0,0,0,0,0,0,0,0,0,0,0,0
어치,28,25,47,49,55,94,65,148,131,146,181,359,56,211,175,166,103,178,106,122.26
물까치,38,24,220,158,172,398,270,544,442,473,830,1004,502,1093,1160,1586,1735,2594,1583,780.32
까치,3090,2709,3696,3391,3412,4484,5185,4936,4581,6927,5272,5720,3383,7578,6603,7996,7872,8670,7792,5436.68
잣까마귀,15,0,0,0,0,14,0,0,0,0,0,0,0,0,0,0,0,0,0,1.53
붉은부리까마귀,0,0,0,0,0,0,0,0,0,0,0,0,0,0,0,57,0,0,0,3
갈까마귀,131,160,796,6227,7920,5391,4696,1512,2955,605,2568,4576,1300,10,3000,3001,4000,5000,4505,3071.21
집까마귀,0,0,0,0,0,0,0,0,0,0,0,0,0,0,0,0,0,0,0,0
떼까마귀,5124,1373,30840,50505,24675,28099,12881,50922,89847,70516,71275,57639,60474,113181,108080,74488,84046,125545,94672,60746.42
까마귀,914,329,775,435,303,770,1181,4806,588,1998,720,876,304,235,411,232,446,620,328,856.37
큰부리까마귀,312,135,651,688,571,378,326,729,673,852,658,1008,452,1633,1055,2408,2421,2586,3187,1090.68
큰까마귀,0,0,0,0,0,0,0,0,0,0,0,0,0,0,0,0,0,0,0,0
황여새,8,0,0,0,0,4,0,0,2,0,7,0,0,0,0,0,0,312,0,17.53
홍여새,0,11,0,0,8,0,0,0,144,0,23,0,0,0,0,0,0,9,0,10.26
박새,471,386,407,762,662,1134,880,1289,907,1171,2982,1448,871,2076,1104,1957,2176,2751,2437,1361.63
노랑배진박새,0,0,0,0,0,0,0,2,0,0,0,0,0,7,1,11,5,0,1,1.42
진박새,32,40,30,24,56,138,57,97,116,81,180,110,52,166,79,180,86,293,111,101.47
곤줄박이,34,31,46,89,63,210,65,110,103,179,173,142,61,205,166,213,175,230,235,133.16
쇠박새,93,87,139,264,307,404,204,384,400,407,663,568,365,668,390,633,670,915,729,436.32
북방쇠박새,13,0,0,0,9,0,0,0,0,0,0,0,0,0,0,0,0,0,0,1.16
스윈호오목눈이,111,6,67,58,66,140,27,31,163,35,117,120,36,33,13,24,44,2,59,60.63
갈색제비,0,0,0,0,0,0,0,0,0,0,0,0,0,0,0,0,0,0,0,0
제비,0,0,0,0,0,0,0,0,0,0,0,0,0,0,1,0,0,38,0,2.05
바위산제비,0,0,0,0,0,0,0,0,0,0,0,0,0,0,0,0,0,0,0,0
흰턱제비,0,0,0,0,0,0,0,0,0,0,0,0,0,0,0,0,0,0,0,0
흰털발제비,0,0,0,0,6,19,0,0,0,31,0,0,0,0,2,0,0,0,0,3.05
귀제비,0,0,0,0,0,0,0,0,0,0,0,0,0,0,0,0,0,0,0,0
오목눈이,236,129,262,423,440,477,362,621,449,718,826,662,413,701,783,1031,1061,1363,1245,642.21
쇠종다리,0,0,0,0,0,0,0,0,0,0,0,0,0,0,0,0,0,0,0,0
북방쇠종다리,0,2,0,0,0,0,0,4,0,0,0,0,0,0,0,0,0,0,0,0.32
흰날개종다리,0,0,0,0,0,0,0,0,0,0,0,0,0,0,0,0,0,0,0,0
뿔종다리,0,0,0,0,1,0,0,0,0,0,0,0,0,0,0,0,0,0,0,0.05
종다리,884,327,744,652,645,688,674,1173,1081,665,810,935,536,1207,1730,1071,1803,1897,2679,1063.21
남방종다리,0,0,0,0,0,0,0,0,0,0,0,0,0,0,0,0,0,0,0,0
해변종다리,0,0,0,0,0,0,0,0,0,0,0,0,0,0,0,0,0,0,0,0
개개비사촌,0,0,0,0,0,3,15,2,3,3,1,1,3,4,4,6,1,3,4,2.79
꼬리치레,13,0,0,0,0,0,0,0,0,0,0,0,0,0,0,0,0,0,0,0.68
검은이마직박구리,0,0,0,0,0,0,0,0,0,0,0,1,0,0,18,32,45,291,192,30.47
직박구리,565,540,637,762,1236,1020,1362,1422,1836,1931,1805,2506,1389,3005,2814,3432,3851,5027,3831,2051.11
큰개개비,0,0,0,0,0,0,0,0,0,0,0,0,0,0,0,0,0,0,0,0
숲새,0,0,0,0,0,0,0,0,2,0,0,1,0,0,0,0,0,0,0,0.16
휘파람새,27,3,5,10,16,10,15,1,22,14,14,9,13,11,13,17,17,25,14,13.47
쇠덤불개개비,0,0,0,0,0,0,0,0,0,0,0,0,0,0,0,0,0,0,0,0
점무늬가슴쥐발귀,0,0,0,0,0,0,0,0,0,0,0,0,0,0,0,0,0,0,0,0
쥐발귀개개비,0,0,0,0,0,0,0,0,0,0,0,0,0,0,0,0,0,0,0,0
북방개개비,0,0,0,0,0,0,0,0,0,0,0,0,0,0,0,0,0,0,0,0
알락꼬리쥐발귀,0,0,0,0,0,0,0,0,0,0,0,0,0,0,0,0,0,0,0,0
섬개개비,0,0,0,0,0,0,0,0,0,0,0,0,0,0,0,0,0,0,0,0
붉은허리개개비,0,0,0,0,0,0,0,0,0,0,0,0,0,0,0,0,0,0,0,0
큰부리개개비,0,0,0,0,0,0,0,0,0,0,0,0,0,0,0,0,0,0,0,0
개개비,1,0,0,0,0,0,0,0,0,0,0,0,0,0,0,0,0,0,0,0.05
쇠개개비,3,0,0,0,0,0,0,0,0,0,0,0,0,0,0,0,0,0,0,0.16
풀쇠개개비,0,0,0,0,0,0,0,0,0,0,0,0,0,0,0,0,0,0,0,0
북방쇠개개비,0,0,0,0,0,0,0,0,0,0,0,0,0,0,0,0,0,0,0,0
연노랑솔새,0,0,0,0,0,0,0,0,0,0,0,0,0,0,0,0,0,0,0,0
검은다리솔새,0,0,0,0,0,0,0,0,0,0,0,0,0,0,0,0,0,0,0,0
쇠긴다리솔새사촌,0,0,0,0,0,0,0,0,0,0,0,0,0,0,0,0,0,0,0,0
솔새사촌,0,0,0,0,0,1,1,0,0,0,0,0,0,0,0,0,0,1,0,0.16
노랑배솔새사촌,0,0,0,0,0,0,0,0,0,0,0,0,0,0,0,0,0,0,0,0
긴다리솔새사촌,0,0,0,0,0,0,0,0,0,0,0,0,0,0,0,0,0,0,0,0
노랑배솔새,0,0,0,0,0,0,0,0,0,0,0,0,0,0,0,0,0,0,0,0
노랑허리솔새,0,0,0,0,0,0,0,0,0,0,0,0,0,0,0,0,0,0,0,0
노랑눈썹솔새,0,2,0,0,1,0,0,0,2,0,0,2,0,0,0,1,0,0,0,0.42
연노랑눈썹솔새,0,0,0,0,0,0,0,0,0,0,0,0,0,0,0,0,0,0,0,0
쇠솔새,0,0,0,1,0,0,0,0,0,0,1,0,2,0,0,0,0,0,0,0.21
솔새,0,0,0,0,0,0,0,0,0,0,0,0,0,0,0,0,0,0,0,0
버들솔새,0,0,0,0,0,0,0,0,0,0,0,0,0,0,0,0,0,0,0,0
되솔새,0,0,0,0,0,0,0,0,0,0,0,0,0,0,0,0,0,0,0,0
사할린되솔새,0,0,0,0,0,0,0,0,0,0,0,0,0,0,0,0,0,0,0,0
산솔새,0,0,0,0,0,0,0,0,0,0,0,0,0,0,0,0,0,0,0,0
히말라야산솔새,0,0,0,0,0,0,0,0,0,0,0,0,0,0,0,0,0,0,0,0
비늘무늬덤불개개비,0,0,0,0,0,0,0,0,0,0,0,0,0,0,0,0,0,0,0,0
쇠흰턱딱새,0,0,0,0,0,0,0,0,0,0,0,0,0,0,0,0,0,0,0,0
수염오목눈이,8,0,0,0,0,0,0,0,0,0,0,0,0,0,0,0,0,0,0,0.42
붉은머리오목눈이,3417,3575,4674,4867,4809,6869,7964,9321,8051,10658,7933,10416,6580,12584,8864,15997,16175,21923,16434,9532.16
한국동박새,0,0,0,0,0,0,0,0,0,0,0,0,0,0,0,0,0,0,0,0
동박새,9,2,27,135,129,142,99,84,122,45,61,56,57,80,241,102,167,352,141,107.95
상모솔새,0,0,0,0,0,0,0,0,0,16,74,36,26,91,19,84,62,100,102,32.11
굴뚝새,5,1,9,5,9,7,8,19,14,22,15,17,12,15,17,32,38,60,61,19.26
동고비,4,2,2,18,15,19,6,18,7,23,33,19,12,17,14,26,24,56,78,20.68
쇠동고비,0,0,0,0,0,0,0,0,0,0,3,0,0,0,0,1,0,0,0,0.21
나무발발이,0,0,0,0,0,0,0,0,0,0,3,0,0,0,0,0,0,6,0,0.47
검은뿔찌르레기,0,0,0,0,0,0,0,0,0,0,0,0,0,0,0,0,0,0,0,0
북방쇠찌르레기,0,0,0,0,0,0,0,0,0,0,0,0,0,0,0,0,0,0,0,0
쇠찌르레기,60,0,0,0,0,0,0,0,0,0,0,0,0,0,0,0,0,0,0,3.16
잿빛쇠찌르레기,0,0,0,0,0,0,0,0,0,0,0,0,0,0,0,0,0,0,0,0
분홍찌르레기,0,0,0,0,0,0,0,0,0,0,0,0,0,0,0,0,0,0,0,0
붉은부리찌르레기,0,0,0,0,0,3,3,0,1,42,34,20,91,25,15,56,54,100,114,29.37
찌르레기,72,132,97,269,564,749,425,295,193,272,292,729,326,1422,1139,891,965,678,1010,553.68
흰점찌르레기,0,0,0,1,0,5,4,0,2,70,5,20,2,10,33,15,12,213,39,22.68
귤빛지빠귀,0,0,0,0,0,0,0,0,0,0,0,0,0,0,0,0,0,0,0,0
흰눈썹지빠귀,0,0,0,0,0,1,0,0,0,0,0,0,0,0,0,0,0,0,0,0.05
호랑지빠귀,1,0,0,0,0,0,1,0,2,0,1,2,0,0,0,0,0,1,1,0.47
되지빠귀,0,0,0,0,0,0,0,0,0,0,0,0,0,0,0,0,0,0,3,0.16
검은지빠귀,0,0,0,0,0,0,0,0,0,0,0,0,0,0,0,0,0,0,0,0
대륙검은지빠귀,0,0,0,0,0,0,0,0,0,0,0,0,0,0,0,0,0,0,0,0
갈색지빠귀,0,0,0,0,0,0,0,0,0,0,0,0,0,0,0,0,0,0,0,0
흰눈썹붉은배지빠귀,0,0,0,0,0,0,0,0,0,0,0,0,0,0,0,0,0,0,0,0
흰배지빠귀,7,2,6,6,13,9,30,9,42,4,22,21,38,22,27,30,13,28,33,19.05
붉은배지빠귀,0,0,0,0,0,0,0,0,0,0,0,1,0,0,0,0,0,0,0,0.05
검은목지빠귀,0,0,0,0,1,2,0,0,0,0,1,0,0,0,0,0,0,0,0,0.21
붉은목지빠귀,0,0,0,0,0,0,0,0,0,0,2,1,0,0,0,0,0,0,0,0.16
노랑지빠귀,24,2,126,16,174,103,47,134,118,125,218,360,96,166,212,264,44,366,346,154.79
개똥지빠귀,182,183,241,75,391,276,472,431,636,123,528,409,277,337,610,396,369,654,896,394
회색머리지빠귀,0,0,0,0,0,0,0,0,0,0,0,0,0,0,0,0,0,1,0,0.05
붉은날개지빠귀,0,0,0,0,0,0,0,0,0,0,0,0,0,0,0,0,0,0,0,0
큰점지빠귀,0,0,0,0,0,0,0,0,0,0,0,0,0,0,0,0,0,0,0,0
꼬까울새,0,0,0,0,0,0,0,0,0,0,0,0,0,0,0,0,0,0,0,0
붉은가슴울새,0,0,0,0,0,0,0,0,0,0,0,0,0,0,0,0,0,0,0,0
흰눈썹울새,0,0,0,0,0,0,0,0,0,0,0,0,0,0,0,0,1,0,0,0.05
진홍가슴,0,0,0,0,0,0,0,0,0,0,0,0,0,0,0,0,0,0,0,0
쇠유리새,0,0,0,0,0,0,0,0,0,0,0,0,0,0,0,0,0,0,0,0
유리딱새,0,0,0,0,1,3,1,0,6,2,0,0,0,4,5,7,0,6,6,2.16
울새,0,0,0,0,0,0,0,0,0,0,8,2,0,0,0,0,0,0,0,0.53
검은머리딱새,0,1,3,2,0,0,0,0,0,0,0,0,0,0,0,0,0,0,0,0.32
딱새,146,169,194,197,380,397,415,424,504,364,438,464,284,737,682,1025,772,1247,1044,520.16
흰목딱새,0,0,0,0,0,0,0,0,0,0,0,0,0,0,0,0,0,0,0,0
부채꼬리바위딱새,0,0,0,0,0,0,0,0,0,0,0,0,0,0,0,0,0,0,0,0
흰머리바위딱새,0,0,0,0,0,0,0,0,0,0,0,0,0,0,0,0,0,0,0,0
검은딱새,5,0,0,1,0,0,3,0,2,0,0,0,0,0,0,0,0,0,1,0.63
검은뺨딱새,0,0,0,0,0,0,0,0,0,0,0,0,0,0,0,0,0,0,0,0
긴다리사막딱새,0,0,0,0,0,0,0,0,0,0,0,0,0,0,0,0,0,0,0,0
사막딱새,0,0,0,0,0,0,0,0,0,0,0,0,0,0,0,0,0,0,0,0
검은등사막딱새,0,0,0,0,0,0,0,0,0,0,0,0,0,0,0,0,0,0,0,0
검은꼬리사막딱새,0,0,0,0,0,1,0,0,0,0,0,0,0,0,0,0,0,0,0,0.05
바다직박구리,24,47,57,81,106,87,98,58,75,84,76,60,24,81,53,93,71,100,86,71.63
꼬까직박구리,0,0,0,0,0,0,0,0,0,0,0,0,0,0,0,0,0,0,0,0
제비딱새,0,0,0,0,0,0,0,0,0,0,0,0,0,0,0,0,0,0,0,0
솔딱새,0,0,0,0,0,0,0,0,0,0,0,0,0,0,0,0,0,0,0,0
쇠솔딱새,0,0,0,0,0,0,0,0,0,0,0,0,0,0,0,0,0,0,0,0
회색머리딱새,0,0,0,0,0,0,0,0,0,0,0,0,0,0,0,0,0,0,0,0
흰눈썹황금새,0,0,0,0,0,0,0,0,0,0,0,0,0,0,0,0,0,0,0,0
황금새,0,0,0,0,0,0,0,0,0,0,0,0,0,0,0,0,0,0,0,0
북방황금새,0,0,0,0,0,0,0,0,0,0,0,0,0,0,0,0,0,0,0,0
노랑딱새,0,0,0,0,0,0,0,0,0,0,0,0,0,0,0,0,0,0,0,0
흰꼬리딱새,0,0,0,0,0,0,0,0,0,0,0,0,0,0,0,0,0,0,0,0
붉은가슴흰꼬리딱새,0,0,0,0,0,0,0,0,0,0,0,0,0,0,0,0,0,0,0,0
큰유리새,0,0,0,0,0,0,0,0,0,0,0,0,0,0,0,0,0,0,0,0
파랑딱새,0,0,0,0,0,0,0,0,0,0,0,0,0,0,0,0,0,0,0,0
붉은가슴딱새,0,0,0,0,0,0,0,0,0,0,0,0,0,0,0,0,0,0,0,0
회색머리노랑딱새,0,0,0,0,0,0,0,0,0,0,0,0,0,0,0,0,0,0,0,0
물까마귀,10,1,0,1,0,0,0,4,12,6,4,3,2,2,0,0,0,0,1,2.42
집참새,0,0,0,0,0,0,0,0,0,0,0,0,0,0,0,0,0,0,0,0
섬참새,0,53,68,52,0,0,426,55,23,223,371,2,220,4,0,0,0,56,0,81.74
참새,4474,3810,5494,4599,5711,6679,8364,9646,9919,11249,10969,15350,11456,22570,17273,27426,26665,42071,33775,14605.26
얼룩무늬납부리새,0,0,0,0,0,0,0,0,0,0,0,0,0,0,0,0,0,0,0,0
바위종다리,0,0,0,0,0,3,0,0,0,0,0,0,0,0,0,0,0,0,0,0.16
멧종다리,0,0,0,0,0,0,0,0,0,4,33,21,33,5,8,18,9,32,26,9.95
쇠바위종다리,0,0,0,0,0,0,0,0,0,0,0,0,0,0,0,0,0,0,0,0
물레새,0,0,0,0,0,0,0,0,0,0,0,0,0,0,0,0,0,0,0,0
긴발톱할미새,1,0,0,0,0,5,0,0,0,0,0,58,0,0,0,0,1,0,0,3.42
노랑머리할미새,0,1,0,0,0,0,0,0,2,0,0,0,0,0,0,0,0,0,0,0.16
노랑할미새,3,3,10,7,22,7,15,7,14,10,30,9,13,26,21,19,9,12,9,12.95
알락할미새,13,52,22,15,10,11,25,22,15,15,37,23,3,42,582,696,913,944,1047,236.16
검은등할미새,45,43,41,79,51,82,56,123,158,126,115,187,108,144,121,152,189,179,225,117.05
큰밭종다리,70,0,35,12,31,14,76,1,0,32,1,0,110,2,61,2,3,0,1,23.74
쇠밭종다리,0,0,0,0,0,0,35,0,0,0,0,0,0,0,0,0,0,0,0,1.84
풀밭종다리,0,0,0,0,0,0,0,0,0,0,0,0,0,0,0,0,1,0,0,0.05
나무밭종다리,0,0,0,0,0,0,0,0,0,0,0,0,0,0,0,0,0,0,0,0
힝둥새,30,23,88,129,106,80,266,90,194,231,137,293,155,340,194,181,172,250,180,165.21
흰등밭종다리,0,0,0,0,0,0,0,0,0,0,0,0,0,0,0,0,0,0,0,0
한국밭종다리,0,0,0,0,0,0,0,0,0,0,0,0,0,0,0,0,0,0,0,0
붉은가슴밭종다리,0,0,0,0,0,1,0,0,0,0,0,0,0,0,0,0,0,0,0,0.05
밭종다리,814,647,695,649,918,820,1441,1354,1356,696,924,995,471,1086,1041,727,1150,1256,1458,973.58
옅은밭종다리,0,0,0,0,0,0,0,0,0,0,1,0,0,0,0,0,0,0,0,0.05
푸른머리되새,0,0,0,0,0,0,0,0,0,0,0,0,0,0,0,0,0,0,0,0
되새,1096,665,220,146,94,1614,584,302,2201,140,2842,7198,681,2287,1546,1080,691,2703,2678,1514.11
방울새,564,1579,1417,827,1317,1245,2966,1620,2770,1313,3533,2574,1837,3448,1949,3162,3024,5014,4418,2346.16
검은머리방울새,593,372,48,111,416,798,381,148,2132,152,364,946,466,456,175,136,68,373,203,438.84
홍방울새,0,0,0,0,0,0,0,0,0,0,1,0,0,15,0,0,0,1,0,0.89
쇠홍방울새,0,0,0,0,0,0,0,0,0,0,0,0,0,0,0,0,0,0,0,0
갈색양진이,0,0,0,0,0,0,0,0,0,0,0,0,0,0,0,0,0,0,0,0
긴꼬리홍양진이,2,3,24,11,8,37,9,103,121,12,126,46,25,37,31,44,14,104,63,43.16
붉은양진이,1,0,0,32,0,1,0,0,0,0,0,0,0,6,0,0,0,0,0,2.11
양진이,17,2,0,7,26,35,9,4,67,1,113,0,2,5,0,0,0,4,10,15.89
솔양진이,0,0,0,0,0,0,0,0,0,0,0,0,0,0,0,0,0,0,0,0
솔잣새,0,0,0,51,0,0,0,0,0,0,0,62,0,0,0,0,0,3,0,6.11
흰죽지솔잣새,0,0,0,0,0,0,0,0,0,0,0,0,0,0,0,0,0,0,0,0
멋쟁이새,0,0,0,0,0,0,0,0,5,0,242,0,0,12,0,1,0,6,6,14.32
콩새,69,145,6,17,11,15,646,374,432,60,1075,249,30,1139,39,37,266,1251,75,312.42
밀화부리,8,61,0,0,7,0,1,2,20,62,2,44,14,44,3,257,72,375,325,68.26
큰부리밀화부리,0,0,0,0,0,0,0,0,0,0,0,0,0,0,0,0,0,0,7,0.37
노랑멧새,0,0,0,0,0,0,0,0,0,0,0,0,0,0,0,0,0,0,0,0
흰머리멧새,0,0,0,0,0,0,0,0,0,0,0,0,0,0,0,0,0,0,0,0
바위멧새,0,0,0,0,0,0,0,0,0,0,0,0,0,0,0,0,0,0,0,0
멧새,184,31,17,301,1043,535,784,1569,1110,1005,1570,1556,334,339,338,324,131,359,390,627.37
점박이멧새,0,0,0,0,0,0,0,0,0,0,0,0,0,0,0,0,0,0,0,0
회색머리멧새,0,0,0,0,0,0,0,0,0,0,0,0,0,0,0,0,0,0,0,0
흰배멧새,1,40,4,0,0,64,35,0,0,0,0,1,0,2,4,2,1,2,1,8.26
붉은뺨멧새,4,4,0,0,17,3,2,2,0,1,2,0,0,5,7,0,1,1,0,2.58
쇠붉은뺨멧새,11,3,8,17,44,106,31,60,25,7,6,10,25,14,3,10,41,63,15,26.26
노랑눈썹멧새,0,0,0,0,0,210,0,0,5,0,0,0,0,53,0,0,0,0,0,14.11
쑥새,1206,651,905,833,1034,2231,1434,2428,3752,3113,2992,4391,3382,3086,3050,3467,3786,4990,4238,2682.58
노랑턱멧새,1340,1022,1093,1346,2110,2834,1953,3661,4176,3151,3583,3975,2305,5046,3320,4040,4746,4658,5134,3131.21
검은머리촉새,0,0,0,0,0,9,0,27,0,0,0,0,0,0,0,0,0,0,0,1.89
꼬까참새,0,0,0,0,0,0,0,0,0,0,0,0,0,0,0,0,0,0,0,0
검은머리멧새,0,0,0,0,0,0,0,0,0,0,0,0,0,0,0,0,0,0,0,0
붉은머리멧새,0,0,0,0,0,0,0,0,0,0,0,0,0,0,0,0,0,0,0,0
무당새,0,0,0,0,0,0,0,0,0,0,0,0,0,0,0,0,0,0,0,0
촉새,33,25,4,8,66,36,119,64,42,54,50,87,58,98,19,245,125,142,90,71.84
검은멧새,0,0,0,0,0,0,0,1,0,0,0,0,0,0,0,0,0,0,0,0.05
북방검은머리쑥새,135,102,53,188,342,350,596,865,597,225,1233,567,266,479,771,484,457,581,539,464.74
쇠검은머리쑥새,1,232,0,11,8,13,21,0,2,1,0,0,0,1,1,0,0,0,1,15.37
검은머리쑥새,589,38,74,38,25,468,218,18,64,100,95,135,9,33,117,46,25,25,44,113.74
긴발톱멧새,0,0,0,0,0,0,0,0,0,411,0,1090,160,427,482,660,276,0,17,185.42
흰멧새,0,0,0,0,0,0,0,0,0,0,0,0,0,0,0,0,0,0,0,0
흰정수리북미멧새,0,0,0,0,0,0,0,0,0,0,0,0,0,0,0,0,0,0,0,0
노랑정수리멧새,0,0,0,0,0,0,0,0,0,0,0,0,0,0,0,0,0,0,0,0
초원멧새,0,0,0,0,0,0,0,0,0,0,0,0,0,0,0,0,0,0,0,0
집비둘기,0,0,0,0,579,0,0,0,0,1641,1896,2227,746,3555,3504,4085,3922,4806,6398,1755.74
미동정 조류,0,0,0,0,0,0,0,0,0,0,0,0,0,0,0,0,9,0,0,0.47
미동정 수조류,0,0,0,0,0,0,0,0,0,0,0,0,0,0,0,0,800,125,76,52.68
미동정 산새류,0,0,0,0,0,0,0,0,0,0,0,0,0,0,0,0,91,0,0,4.79
미동정 아비류,0,0,0,0,0,0,0,0,0,0,0,0,0,0,0,0,0,0,0,0
미동정 가마우지류,0,0,0,0,0,0,0,0,0,0,0,0,0,0,0,0,280,0,91,19.53
미동정 백로류,0,0,0,0,0,0,0,0,0,0,0,0,0,0,0,0,0,0,0,0
미동정 고니류,0,0,0,0,0,0,0,0,0,0,0,0,0,0,0,0,0,0,0,0
미동정 기러기류,0,0,0,0,0,0,0,0,0,0,0,0,0,0,0,0,3820,6573,17400,1462.79
미동정 오리류,0,0,0,0,0,0,0,0,0,0,0,0,0,0,0,0,1151,132,6500,409.63
미동정 흰죽지류,0,0,0,0,0,0,0,0,0,0,0,0,0,0,0,0,0,0,0,0
미동정 맹금류,0,0,0,0,0,0,0,0,0,0,0,0,0,0,0,0,0,1,2,0.16
미동정 소형도요류,0,0,0,0,0,0,0,0,0,0,0,0,0,0,0,0,0,0,0,0
미동정 중형도요류,0,0,0,0,0,0,0,0,0,0,0,0,0,0,0,0,0,0,0,0
미동정 도요류,0,0,0,0,0,0,0,0,0,0,0,0,0,0,0,0,0,100,0,5.26
미동정 갈매기류,0,0,0,0,0,0,0,0,0,0,0,0,0,0,0,0,5474,1665,5650,673.11
미동정 밭종다리류,0,0,0,0,0,0,0,0,0,0,0,0,0,0,0,0,16,0,0,0.84
