ZONE ID,시도,시군구,전체-평일,,,,,,,,,,,,,,,,,,,,,,,,,,,승용차-평일,,,,,,,,,,,,,,,,,,,,,,,,,,,버스-평일,,,,,,,,,,,,,,,,,,,,,,,,,,,트럭-평일,,,,,,,,,,,,,,,,,,,,,,,,,,
,,,전일,7시-9시,18시-20시,1시,2시,3시,4시,5시,6시,7시,8시,9시,10시,11시,12시,13시,14시,15시,16시,17시,18시,19시,20시,21시,22시,23시,24시,전일,7시-9시,18시-20시,1시,2시,3시,4시,5시,6시,7시,8시,9시,10시,11시,12시,13시,14시,15시,16시,17시,18시,19시,20시,21시,22시,23시,24시,전일,7시-9시,18시-20시,1시,2시,3시,4시,5시,6시,7시,8시,9시,10시,11시,12시,13시,14시,15시,16시,17시,18시,19시,20시,21시,22시,23시,24시,전일,7시-9시,18시-20시,1시,2시,3시,4시,5시,6시,7시,8시,9시,10시,11시,12시,13시,14시,15시,16시,17시,18시,19시,20시,21시,22시,23시,24시
1101000,서울특별시, 종로구,14281,2337,2390,214,139,92,75,102,264,599,856,882,837,808,801,758,800,811,831,847,850,814,726,646,624,539,378,11650,1910,1954,175,113,75,61,83,214,488,700,722,685,661,655,619,654,663,679,692,695,665,594,528,510,441,309,75,11,11,0,0,0,0,0,1,3,4,4,4,4,4,4,4,4,4,4,4,4,3,3,3,2,1,2556,416,425,39,26,17,14,19,49,108,152,156,148,143,142,135,142,144,148,151,151,145,129,115,111,96,68
1102000,서울특별시, 중구,17152,2813,2830,240,149,99,77,101,268,676,1042,1095,1029,997,997,930,991,996,1014,1018,1014,964,852,770,756,645,447,13732,2261,2274,187,114,75,58,77,208,539,839,883,829,802,802,748,797,801,816,819,816,775,683,616,605,513,353,88,13,14,0,0,0,0,0,1,3,5,5,5,5,5,4,5,5,5,5,5,5,4,3,3,3,1,3332,539,542,53,35,24,19,24,59,134,198,207,195,190,190,178,189,190,193,194,193,184,165,151,148,129,93
1103000,서울특별시, 용산구,27944,4639,4621,440,283,192,152,196,521,1197,1703,1739,1633,1574,1549,1451,1543,1575,1613,1645,1663,1571,1387,1246,1237,1079,766,21818,3636,3619,337,215,146,115,148,401,934,1336,1366,1282,1234,1215,1136,1210,1235,1265,1290,1304,1231,1084,972,966,840,593,411,72,70,3,1,0,0,1,4,16,28,28,25,24,23,21,23,24,25,26,26,24,20,17,16,13,7,5715,931,932,100,67,46,37,47,116,247,339,345,326,316,311,294,310,316,323,329,333,316,283,257,255,226,166
1104000,서울특별시, 성동구,26240,4252,4304,442,292,203,163,209,527,1135,1536,1581,1506,1476,1442,1370,1442,1472,1509,1543,1540,1461,1303,1178,1154,1022,745,21078,3417,3456,358,237,164,133,170,426,913,1234,1270,1210,1187,1159,1101,1159,1183,1212,1239,1236,1173,1047,947,929,823,602,370,62,62,3,1,1,0,1,4,15,23,24,22,21,20,19,20,21,22,23,23,21,18,15,14,12,7,4792,773,786,81,54,38,30,38,97,207,279,287,274,268,263,250,263,268,275,281,281,267,238,216,211,187,136
1105000,서울특별시, 광진구,23642,3857,4039,357,239,170,139,179,453,1004,1396,1457,1390,1351,1297,1218,1291,1339,1381,1427,1439,1381,1219,1065,996,859,607,18968,3085,3228,293,197,142,116,149,369,807,1115,1163,1111,1081,1039,976,1034,1071,1103,1139,1148,1103,977,856,802,694,494,271,43,46,2,1,0,0,0,3,10,16,17,16,15,14,13,14,15,16,17,17,16,13,11,10,8,5,4403,729,765,62,41,28,23,30,81,187,265,277,263,255,244,229,243,253,262,271,274,262,229,198,184,157,108
1106000,서울특별시, 동대문구,17990,2932,2972,281,178,120,96,131,358,784,1053,1095,1046,1021,997,951,1000,1019,1049,1074,1064,1009,899,810,783,688,495,14733,2401,2435,233,149,101,81,110,296,643,862,896,856,836,817,779,819,835,859,879,871,827,737,665,643,565,408,152,25,24,1,0,0,0,0,2,6,9,10,9,9,8,8,8,8,9,9,9,8,7,6,6,5,3,3105,506,513,47,29,19,15,21,60,135,182,189,181,176,172,164,173,176,181,186,184,174,155,139,134,118,84
1107000,서울특별시, 중랑구,20003,3273,3410,279,180,126,109,156,428,902,1163,1208,1164,1141,1101,1046,1110,1158,1195,1234,1225,1158,1027,903,821,694,484,16346,2674,2779,237,154,109,94,133,357,740,949,985,950,931,899,855,906,943,973,1003,996,944,839,741,676,576,405,304,47,51,2,1,0,0,1,4,12,17,18,17,17,16,15,16,17,18,19,19,17,15,12,11,8,5,3353,552,580,40,25,17,15,22,67,150,197,205,197,193,186,176,188,198,204,212,210,197,173,150,134,110,74
1108000,서울특별시, 성북구,18541,3055,3115,264,167,113,97,145,405,842,1093,1120,1069,1038,1019,979,1035,1060,1090,1120,1109,1058,948,848,788,676,469,14974,2464,2505,221,141,96,83,123,333,680,881,903,863,837,823,792,835,853,877,899,891,850,764,687,642,553,388,151,24,26,1,0,0,0,0,2,6,9,9,8,8,8,7,8,9,9,10,9,9,8,6,5,4,2,3416,567,584,42,26,17,14,22,70,156,203,208,198,193,188,180,192,198,204,211,209,199,176,155,141,119,79
1109000,서울특별시, 강북구,14527,2424,2417,219,139,92,75,108,300,651,870,903,847,811,796,765,804,819,844,867,860,824,733,653,623,548,387,12328,2054,2050,190,122,81,66,95,260,555,736,763,717,688,675,650,682,694,714,733,728,699,623,556,531,468,333,32,5,4,0,0,0,0,0,0,1,2,2,2,1,1,1,1,1,2,2,2,1,1,1,1,1,0,2167,365,363,29,17,11,9,13,40,95,132,138,128,122,120,114,121,124,128,132,130,124,109,96,91,79,54
1110000,서울특별시, 도봉구,14844,2551,2519,215,140,97,85,125,335,687,914,950,874,820,793,766,810,838,870,911,907,864,748,640,589,510,365,12508,2148,2121,184,120,84,73,107,285,580,769,799,735,691,669,646,683,706,732,766,763,727,631,541,498,433,311,32,5,5,0,0,0,0,0,0,1,2,2,2,1,1,1,1,1,2,2,2,2,1,1,1,0,0,2304,398,393,31,20,13,12,18,50,106,143,149,137,128,123,119,126,131,136,143,142,135,116,98,90,77,54
1111000,서울특별시, 노원구,20741,3523,3525,263,167,116,105,172,507,1008,1239,1276,1221,1172,1128,1087,1162,1216,1264,1319,1288,1201,1036,892,793,662,458,16280,2778,2772,206,130,91,82,134,397,794,977,1007,962,923,889,857,915,958,995,1038,1013,945,814,701,625,521,361,234,38,39,1,1,0,0,1,4,10,14,14,14,13,12,11,13,13,14,15,15,13,11,9,7,6,3,4227,707,714,56,36,25,23,37,106,204,248,255,245,236,227,219,234,245,255,266,260,243,211,182,161,135,94
1112000,서울특별시, 은평구,14255,2408,2477,192,115,73,59,94,301,674,867,867,836,793,771,738,781,797,831,877,894,844,739,640,608,520,356,11691,1980,2036,157,94,60,48,77,247,554,713,713,687,652,634,607,642,656,683,721,735,694,607,526,499,426,291,65,11,11,0,0,0,0,0,0,3,4,4,4,3,3,3,3,3,4,4,4,4,3,2,2,2,1,2499,417,430,35,21,13,11,17,54,117,150,150,145,138,134,128,136,138,144,152,155,146,129,112,107,92,64
1113000,서울특별시, 서대문구,23384,3813,3962,371,244,167,142,201,534,1071,1385,1357,1317,1283,1273,1220,1284,1299,1339,1385,1409,1346,1207,1059,1010,869,624,19065,3109,3236,304,200,137,116,165,435,872,1129,1108,1075,1047,1039,996,1048,1060,1093,1130,1150,1100,986,864,826,711,510,161,26,27,1,0,0,0,0,2,7,10,9,9,9,9,8,9,9,9,10,10,9,8,7,6,5,3,4158,678,699,66,44,30,26,36,97,192,246,240,233,227,225,216,227,230,237,245,249,237,213,188,178,153,111
1114000,서울특별시, 마포구,27336,4560,4569,422,281,200,180,260,652,1273,1653,1634,1556,1506,1481,1411,1490,1520,1565,1629,1651,1544,1374,1215,1155,988,706,21923,3654,3665,343,229,164,148,211,526,1021,1324,1309,1248,1208,1189,1133,1196,1219,1254,1305,1323,1239,1103,977,930,797,571,293,49,48,2,1,0,0,1,5,13,18,18,16,16,15,14,15,16,17,18,18,16,14,11,10,8,5,5120,857,856,77,51,36,32,48,121,239,311,307,292,282,277,264,279,285,294,306,310,289,257,227,215,183,130
1115000,서울특별시, 양천구,22925,3881,3935,340,226,156,137,207,603,1105,1425,1351,1293,1269,1238,1179,1250,1283,1321,1373,1412,1330,1193,1029,926,752,538,18468,3121,3165,280,188,130,115,173,492,891,1145,1085,1040,1021,997,951,1007,1032,1063,1103,1134,1070,961,832,750,612,440,173,30,30,1,0,0,0,0,3,8,11,11,10,10,9,8,9,10,10,11,11,10,9,7,6,4,2,4284,730,740,59,38,26,22,34,108,206,269,255,243,238,232,220,234,241,248,259,267,250,223,190,170,136,96
1116000,서울특별시, 강서구,25374,4452,4450,303,192,138,142,246,654,1282,1608,1562,1463,1402,1363,1306,1383,1425,1479,1580,1626,1522,1302,1082,978,807,541,20070,3508,3504,248,159,114,117,205,531,1017,1263,1228,1154,1108,1079,1036,1094,1126,1166,1242,1276,1197,1031,864,785,652,440,416,73,72,7,5,4,5,4,9,20,27,26,23,22,21,20,22,23,24,26,27,25,20,16,14,11,9,4888,871,874,48,28,20,20,37,114,245,318,308,286,272,263,250,267,276,289,312,323,300,251,202,179,144,92
1117000,서울특별시, 구로구,20444,3546,3540,290,186,124,105,160,493,967,1313,1266,1204,1164,1106,1038,1098,1139,1173,1225,1267,1204,1069,913,812,664,474,16078,2790,2785,229,147,98,83,127,390,761,1033,996,948,916,871,818,864,896,923,963,997,947,841,719,639,524,374,154,28,27,1,0,0,0,0,2,7,11,10,9,9,8,7,8,9,9,10,10,9,8,6,5,3,2,4212,728,728,60,39,26,22,33,101,199,269,260,247,239,227,213,226,234,241,252,260,248,220,188,168,137,98
1118000,서울특별시, 금천구,19694,3496,3414,244,154,107,96,155,496,948,1285,1263,1202,1153,1084,1013,1064,1121,1150,1201,1230,1163,1021,853,730,570,402,15039,2688,2615,180,112,77,69,114,374,725,990,973,925,885,832,776,815,860,882,922,944,891,780,649,553,430,300,191,33,32,2,1,1,1,1,4,9,12,12,11,11,10,9,10,10,11,11,12,11,9,7,6,4,3,4464,775,767,62,41,29,26,40,118,214,283,278,266,257,242,228,239,251,257,268,274,261,232,197,171,136,99
1119000,서울특별시, 영등포구,25096,4187,4300,389,257,176,151,215,569,1132,1541,1514,1429,1388,1357,1278,1365,1396,1438,1492,1542,1464,1294,1126,1057,895,642,19715,3296,3383,304,200,137,118,168,446,890,1214,1192,1125,1092,1068,1006,1073,1098,1131,1173,1213,1152,1018,885,831,703,504,250,43,43,2,1,0,0,1,4,11,16,16,14,14,13,12,14,14,15,16,16,15,12,10,9,7,4,5131,848,874,83,56,39,33,46,119,231,311,306,290,282,276,260,278,284,292,303,313,297,264,231,217,185,134
1120000,서울특별시, 동작구,26022,4417,4354,396,249,162,130,180,515,1180,1638,1599,1521,1468,1419,1335,1423,1450,1495,1542,1575,1472,1307,1164,1136,985,693,19917,3403,3350,290,179,115,92,128,382,902,1266,1235,1173,1130,1092,1024,1095,1115,1151,1188,1215,1133,1002,889,867,748,518,316,54,53,2,1,0,0,1,4,13,21,20,18,18,17,16,17,18,19,20,20,18,15,13,12,9,6,5789,960,951,104,69,47,38,51,129,265,351,344,330,320,310,295,311,317,325,334,340,321,290,262,257,228,169
1121000,서울특별시, 관악구,17224,2989,2946,253,157,99,75,102,320,770,1122,1097,1042,992,936,868,929,955,987,1033,1062,1002,882,762,723,628,441,12673,2217,2182,178,109,68,51,70,229,567,835,815,774,736,692,641,687,707,731,766,788,743,651,560,529,458,318,131,23,21,1,0,0,0,0,1,5,9,9,8,7,7,6,7,7,7,8,8,7,6,5,5,4,2,4420,749,743,74,48,31,24,32,90,198,278,273,260,249,237,221,235,241,249,259,266,252,225,197,189,166,121
1122000,서울특별시, 서초구,29873,5072,4965,462,298,209,178,247,654,1387,1854,1831,1738,1682,1615,1545,1638,1668,1710,1760,1785,1682,1498,1328,1271,1078,766,22880,3906,3821,344,218,151,128,180,492,1063,1431,1412,1339,1295,1243,1188,1261,1284,1317,1356,1375,1295,1151,1017,973,822,578,639,107,103,7,5,3,3,4,13,29,39,39,37,35,33,32,34,35,36,37,38,35,30,26,24,19,13,6354,1059,1041,111,75,55,47,63,149,295,384,380,362,352,339,325,343,349,357,367,372,352,317,285,274,237,175
1123000,서울특별시, 강남구,26493,4398,4424,387,246,167,134,176,488,1165,1609,1624,1557,1518,1463,1380,1475,1510,1554,1597,1599,1495,1330,1194,1154,996,687,20779,3467,3488,292,182,123,98,130,373,912,1271,1284,1229,1197,1153,1087,1163,1192,1227,1261,1263,1179,1046,937,906,778,531,290,48,47,2,1,0,0,0,3,12,18,18,17,17,16,14,16,16,17,18,18,16,13,11,10,8,4,5424,883,889,93,63,44,36,46,112,241,320,322,311,304,294,279,296,302,310,318,318,300,271,246,238,210,152
1124000,서울특별시, 송파구,22615,3908,3924,253,157,108,93,137,422,1028,1434,1446,1394,1357,1256,1171,1267,1335,1376,1418,1426,1335,1163,989,882,713,467,17729,3067,3078,200,124,86,74,109,332,807,1125,1135,1093,1064,986,919,994,1046,1079,1112,1118,1047,913,776,694,562,369,270,46,46,2,1,1,1,1,5,12,17,17,17,16,14,13,15,16,16,17,17,16,13,11,9,7,4,4616,795,800,51,32,21,18,27,85,209,292,294,284,277,256,239,258,273,281,289,291,272,237,202,179,144,94
1125000,서울특별시, 강동구,22451,3840,3901,226,144,105,99,157,467,1057,1381,1402,1405,1391,1277,1183,1276,1362,1399,1430,1414,1320,1167,987,806,613,393,16913,2905,2943,169,108,79,75,119,352,798,1045,1062,1062,1051,964,893,962,1027,1055,1079,1068,996,879,741,606,461,295,363,61,61,3,2,1,1,2,7,17,22,22,23,23,21,19,20,22,23,23,22,21,18,15,12,8,5,5175,874,897,54,34,25,23,36,108,242,314,318,320,317,292,271,294,313,321,328,324,303,270,231,188,144,93
2101000,부산광역시, 중구,16579,2689,3240,165,108,80,63,82,193,521,974,1194,1056,1008,964,858,969,1023,1060,1143,1224,1187,829,649,568,420,253,14449,2346,2807,150,98,73,58,75,175,463,850,1033,918,878,842,753,846,890,921,990,1056,1024,727,574,505,375,228,130,20,26,0,0,0,0,0,0,3,7,10,8,8,7,6,7,8,8,9,10,10,6,4,3,2,1,2000,323,407,15,10,7,5,7,18,55,117,151,130,122,115,99,116,125,131,144,158,153,96,71,60,43,24
2102000,부산광역시, 서구,12440,2183,2359,115,72,55,48,68,173,472,805,906,789,777,731,644,721,765,785,835,901,851,607,468,398,289,176,10554,1837,1990,105,67,51,45,63,156,406,674,757,664,655,619,549,610,646,662,702,754,716,520,406,348,256,159,88,15,16,0,0,0,0,0,0,2,6,7,6,5,5,4,5,5,5,6,7,6,3,2,2,1,0,1798,331,353,10,5,4,3,5,17,64,125,142,119,117,107,91,106,114,118,127,140,129,84,60,48,32,17
2103000,부산광역시, 동구,24212,3953,4656,229,146,102,86,118,301,810,1439,1704,1578,1504,1417,1263,1405,1481,1546,1648,1762,1697,1197,968,838,617,367,21067,3448,3997,219,141,99,84,114,286,738,1252,1458,1361,1307,1238,1114,1227,1282,1335,1412,1495,1444,1058,871,761,570,346,264,40,54,0,0,0,0,0,1,5,15,20,18,16,15,12,14,16,17,19,22,21,11,8,6,3,1,2881,465,605,10,5,3,2,4,14,67,172,226,199,181,164,137,164,183,194,217,245,232,128,89,71,44,20
2104000,부산광역시, 영도구,7797,1354,1592,60,37,28,22,30,78,249,503,602,496,477,447,397,457,493,508,556,616,587,389,277,235,167,97,6493,1133,1334,48,29,22,17,24,63,207,421,505,415,400,374,332,383,413,425,466,516,493,325,230,195,138,79,47,8,9,0,0,0,0,0,0,1,3,4,3,2,2,2,2,3,3,3,4,3,2,1,1,0,0,1257,213,249,12,8,6,5,6,15,41,79,93,78,75,71,63,72,77,80,87,96,91,62,46,39,29,18
2105000,부산광역시, 부산진구,21752,3669,3847,234,154,113,100,133,333,837,1356,1476,1412,1398,1302,1160,1273,1331,1366,1412,1456,1353,1038,866,743,559,358,18762,3140,3291,224,149,110,98,129,314,744,1151,1245,1198,1185,1115,1003,1090,1133,1161,1194,1228,1153,910,771,672,516,338,218,36,39,0,0,0,0,0,1,6,14,16,15,15,13,11,13,14,14,15,16,14,9,6,5,3,1,2772,493,517,10,5,3,2,4,18,87,191,215,199,198,174,146,170,184,191,203,212,186,119,89,66,40,19
2106000,부산광역시, 동래구,18699,3440,3361,176,113,77,68,96,283,768,1298,1374,1240,1210,1100,972,1048,1116,1162,1237,1322,1169,870,683,597,448,282,16459,2988,2933,170,110,76,67,94,270,693,1117,1178,1075,1052,966,863,925,976,1014,1073,1138,1017,778,623,549,418,269,177,34,33,0,0,0,0,0,0,5,14,15,13,12,10,8,9,11,11,13,14,12,7,4,3,2,0,2063,418,395,6,3,1,1,2,13,70,167,181,152,146,124,101,114,129,137,151,170,140,85,56,45,28,13
2107000,부산광역시, 남구,17863,3051,3364,150,90,61,53,78,224,641,1135,1275,1171,1143,1053,962,1042,1089,1140,1200,1289,1198,877,706,605,434,260,15722,2673,2929,145,88,60,52,76,214,583,989,1101,1020,998,927,853,917,954,994,1040,1108,1038,783,641,555,404,248,162,28,32,0,0,0,0,0,0,4,11,13,11,11,9,8,9,10,11,12,13,12,7,4,3,2,0,1979,350,403,5,2,1,1,2,10,54,135,161,140,134,117,101,116,125,135,148,168,148,87,61,47,28,12
2108000,부산광역시, 북구,14588,2770,2679,134,90,69,67,94,260,653,1044,1073,937,909,835,744,808,878,907,967,1050,965,664,521,423,306,201,11788,2181,2127,127,87,67,65,90,237,546,808,827,740,722,673,612,656,701,721,760,813,759,555,450,374,278,187,146,29,27,0,0,0,0,0,1,5,12,12,10,9,8,6,7,9,9,10,12,10,5,3,2,1,1,2654,560,525,7,3,2,2,4,22,102,224,234,187,178,154,126,145,168,177,197,225,196,104,68,47,27,13
2109000,부산광역시, 해운대구,18767,3349,3604,147,89,59,53,77,229,671,1287,1391,1221,1202,1087,1008,1087,1154,1204,1272,1395,1278,931,671,588,424,253,16171,2852,3068,142,87,58,52,75,217,601,1084,1167,1039,1024,938,877,939,988,1027,1079,1169,1082,817,606,536,394,240,209,39,42,0,0,0,0,0,1,5,16,18,14,14,12,10,11,13,14,15,18,15,9,5,4,2,1,2387,458,494,5,2,1,1,2,11,65,187,206,168,164,137,121,137,153,163,178,208,181,105,60,48,28,12
2110000,부산광역시, 사하구,17320,3226,3222,144,93,74,72,99,261,723,1212,1291,1120,1111,1013,886,982,1069,1090,1156,1244,1170,808,637,507,352,217,13852,2534,2543,135,88,71,69,94,237,599,940,995,880,874,807,719,786,845,859,905,964,915,664,538,438,313,199,137,26,26,0,0,0,0,0,0,4,10,12,9,9,8,6,7,8,9,10,11,10,5,3,2,1,0,3331,666,653,9,5,3,3,5,24,120,262,284,231,228,198,161,189,216,222,241,269,245,139,96,67,38,18
2111000,부산광역시, 금정구,17390,3242,3316,141,91,66,63,94,255,701,1242,1299,1133,1109,1017,903,976,1043,1086,1162,1310,1182,824,607,501,369,230,14378,2632,2704,132,85,62,59,88,231,597,994,1041,924,908,842,757,811,861,892,946,1049,959,696,526,442,332,211,256,50,48,1,1,1,1,1,3,9,20,21,17,16,14,12,14,15,16,17,20,18,10,7,5,4,2,2756,560,564,8,5,3,3,5,21,95,228,237,192,185,161,134,151,167,178,199,241,205,118,74,54,33,17
2112000,부산광역시, 강서구,13973,2601,2503,107,69,55,57,89,244,618,985,998,916,922,837,745,814,877,897,944,991,886,626,496,380,266,168,10667,1963,1901,93,60,48,50,77,206,487,734,742,689,693,638,576,622,664,677,708,738,670,493,399,313,223,144,184,33,31,2,2,2,2,2,3,7,13,13,12,12,10,9,10,11,11,12,13,11,7,5,4,3,2,3122,605,571,12,7,5,5,10,35,124,238,243,215,217,189,160,182,202,209,224,240,205,126,92,63,40,22
2113000,부산광역시, 연제구,20202,3459,3630,227,149,105,89,114,288,756,1288,1415,1314,1280,1190,1059,1151,1208,1247,1303,1373,1270,987,794,714,544,349,18203,3105,3256,216,143,101,86,110,272,693,1152,1260,1174,1145,1069,956,1035,1085,1118,1165,1225,1137,894,726,656,505,328,157,26,28,0,0,0,0,0,1,4,10,12,11,10,9,8,9,9,10,11,11,10,7,5,4,2,1,1842,328,346,11,6,4,3,4,15,59,126,143,129,125,112,95,107,114,119,127,137,123,86,63,54,37,20
2114000,부산광역시, 수영구,20403,3525,3860,177,108,74,65,93,263,740,1318,1467,1344,1303,1206,1088,1176,1221,1281,1357,1475,1376,1009,788,683,501,301,17689,3032,3286,170,104,72,64,91,249,667,1125,1240,1151,1121,1046,954,1022,1054,1099,1153,1235,1164,887,709,622,465,284,217,38,45,0,0,0,0,0,1,5,15,18,15,14,12,10,12,13,14,16,19,17,9,6,4,2,1,2497,455,529,7,4,2,1,2,13,68,178,209,178,168,148,124,142,154,168,188,221,195,113,73,57,34,16
2115000,부산광역시, 사상구,22772,4093,4069,205,134,108,109,153,396,969,1530,1594,1468,1472,1343,1196,1322,1421,1452,1508,1570,1455,1044,847,681,489,317,17924,3176,3168,188,125,101,102,142,351,790,1171,1215,1135,1139,1054,954,1039,1102,1124,1160,1197,1124,847,704,581,429,286,265,48,47,1,0,0,0,0,2,9,19,20,18,18,15,13,15,17,17,18,20,17,10,7,5,3,1,4583,869,854,16,9,7,7,11,43,170,340,359,315,315,274,229,268,302,311,330,353,314,187,136,95,57,30
2131000,부산광역시, 기장군,10867,1961,2166,72,44,31,32,50,147,430,757,774,673,695,632,607,641,701,724,758,876,787,503,341,282,199,124,9059,1631,1788,66,41,29,30,46,130,366,626,639,560,577,527,509,535,581,599,625,715,647,426,294,246,175,111,128,21,25,0,0,0,0,0,1,4,8,9,7,8,7,6,7,8,8,9,11,9,5,3,2,2,1,1680,309,353,6,3,2,2,4,16,60,123,126,106,110,98,92,99,112,117,124,150,131,72,44,34,22,12
2201000,대구광역시, 중구,25396,5003,1431,1088,1421,1146,1036,952,950,1343,1781,1879,1905,2027,1957,1461,1196,1161,987,727,650,482,299,200,166,199,394,21440,4237,1192,933,1218,984,890,817,815,1146,1506,1585,1608,1709,1652,1239,1011,980,832,609,540,401,251,169,141,170,337,111,19,6,3,4,3,3,3,3,4,7,8,8,8,8,5,5,5,4,3,3,2,1,1,1,0,1,3845,747,233,152,199,159,143,132,132,193,268,286,289,310,297,217,180,176,151,115,107,79,47,30,24,29,56
2202000,대구광역시, 동구,19269,3631,2621,391,447,357,335,350,463,845,1353,1433,1350,1401,1316,1085,1045,1078,1039,1030,1074,919,628,448,350,280,262,15143,2830,2020,334,383,308,288,298,385,679,1046,1105,1047,1085,1027,854,817,837,805,792,819,708,493,355,281,229,220,267,49,40,3,3,2,2,3,5,10,19,20,19,20,18,14,14,15,15,15,17,14,9,7,5,4,3,3859,752,561,54,61,47,45,49,73,156,288,308,284,296,271,217,214,226,219,223,238,197,126,86,64,47,39
2203000,대구광역시, 서구,23504,4468,3132,571,647,515,479,472,551,1002,1684,1782,1660,1758,1652,1288,1233,1273,1223,1158,1290,1128,714,462,358,288,327,17768,3363,2262,474,539,431,401,392,450,786,1256,1321,1245,1315,1244,979,929,951,906,847,924,810,528,352,278,230,269,321,59,50,4,4,3,3,4,5,11,23,25,22,24,22,16,16,17,17,17,21,18,11,7,5,4,3,5415,1046,820,93,104,81,75,76,96,205,405,436,393,419,386,293,288,305,300,294,345,300,175,103,75,54,55
2204000,대구광역시, 남구,26380,5181,1744,1020,1342,1060,934,877,914,1330,1868,1983,2005,2185,2099,1562,1295,1257,1079,823,783,595,366,234,186,206,388,22812,4437,1561,903,1174,937,830,781,812,1158,1593,1686,1704,1848,1779,1347,1128,1096,946,729,694,533,334,216,173,191,355,91,16,3,2,3,2,2,2,2,4,6,6,7,7,7,5,3,3,3,2,2,1,0,0,0,0,0,3477,728,180,115,165,121,102,94,100,168,269,291,294,330,313,210,164,158,130,92,87,61,32,18,13,15,33
2205000,대구광역시, 북구,20618,3795,2574,529,588,465,429,434,523,914,1408,1473,1433,1533,1463,1146,1094,1111,1051,1012,1055,899,620,452,364,308,328,15518,2830,1882,438,488,390,360,361,423,705,1040,1085,1059,1130,1085,860,816,824,776,740,764,656,462,341,278,241,268,325,61,45,4,4,3,3,3,5,12,24,25,24,26,24,18,17,18,18,18,19,16,10,7,6,4,3,4775,904,647,87,96,72,66,70,95,197,344,363,350,377,354,268,261,269,257,254,272,227,148,104,80,63,57
2206000,대구광역시, 수성구,19164,3746,1621,642,809,647,582,561,622,946,1348,1452,1437,1496,1408,1113,964,968,871,744,693,552,376,265,214,197,272,16421,3182,1383,569,712,573,517,499,549,819,1140,1223,1217,1265,1198,954,826,827,742,630,585,471,327,234,190,176,244,102,19,11,1,2,1,1,1,2,4,7,8,7,8,7,5,5,5,5,5,5,4,2,1,1,1,1,2641,545,227,72,95,73,64,61,71,123,201,221,213,223,203,154,133,136,124,109,103,77,47,30,23,20,27
2207000,대구광역시, 달서구,17278,3468,2298,354,403,319,295,299,375,749,1339,1380,1247,1338,1240,975,946,969,927,867,981,813,504,334,243,187,205,13526,2718,1773,288,330,261,241,243,302,595,1046,1077,977,1048,974,767,741,757,722,672,757,627,389,257,187,145,162,123,21,17,2,2,2,2,2,2,4,8,9,8,8,7,6,6,6,6,6,7,6,4,3,2,2,2,3629,729,508,64,71,56,52,54,71,150,285,294,262,282,259,202,199,206,199,189,217,180,111,74,54,40,41
2231000,대구광역시, 달성군,9901,1830,1687,119,111,89,88,109,175,385,716,729,647,683,637,551,572,597,599,604,677,597,413,305,226,161,123,7217,1335,1209,96,92,74,73,87,136,287,519,529,470,494,463,402,415,431,431,433,482,427,300,224,167,121,95,156,26,25,2,1,1,1,2,3,6,10,10,9,10,9,8,8,9,9,9,10,9,6,5,4,3,2,2528,469,453,21,18,14,14,20,36,92,187,190,168,179,165,141,149,157,159,162,185,161,107,76,55,37,26
2301000,인천광역시, 중구,8192,1476,1426,78,58,55,73,154,293,434,539,503,461,435,429,424,451,470,497,555,578,476,372,299,261,189,118,6750,1219,1175,56,36,34,52,129,245,359,444,416,381,360,355,351,373,388,410,456,473,393,309,250,218,158,95,238,34,34,17,19,18,17,10,10,11,12,11,11,11,11,11,11,11,11,11,12,11,11,10,10,10,13,1204,223,217,5,3,3,4,15,38,64,83,76,69,64,63,62,67,71,76,88,93,72,52,39,33,21,10
2302000,인천광역시, 동구,8988,1636,1648,93,66,56,52,87,208,405,609,622,539,515,493,462,498,534,539,567,614,576,458,365,297,207,139,7484,1358,1370,82,58,49,46,76,177,339,504,515,448,429,411,386,415,444,448,470,509,478,383,308,252,177,120,116,19,19,1,1,1,1,1,3,5,7,7,6,6,6,5,6,6,6,7,7,7,5,4,3,3,2,1388,259,259,10,7,6,5,10,28,61,98,100,85,80,76,71,77,84,85,90,98,91,70,53,42,27,17
2303000,인천광역시, 미추홀구,18173,3201,3320,211,176,174,112,168,408,771,1212,1218,1075,1013,984,924,988,1063,1074,1137,1207,1144,969,758,639,456,303,15305,2682,2781,186,153,146,99,149,354,658,1008,1016,902,852,828,779,831,891,900,950,1007,957,817,648,549,398,267,197,33,35,2,2,2,1,1,4,7,13,13,11,10,10,9,10,11,11,12,13,12,10,7,6,4,3,2671,486,504,23,21,26,12,18,50,106,191,189,162,151,146,136,147,161,163,175,187,175,142,103,84,54,33
2304000,인천광역시, 연수구,13986,2546,2581,149,111,100,94,167,373,644,945,957,815,760,743,693,748,797,816,872,945,897,739,582,482,343,225,11611,2100,2130,131,98,87,82,144,315,537,776,787,675,631,617,577,621,659,673,717,774,740,616,490,410,296,196,196,32,32,3,3,3,3,4,6,8,12,12,10,10,9,9,9,10,10,11,12,11,9,8,6,5,4,2179,414,419,15,10,10,9,19,52,99,157,158,130,119,117,107,118,128,133,144,159,146,114,84,66,42,25
2305000,인천광역시, 남동구,20655,3721,3701,240,165,133,125,204,537,970,1354,1397,1215,1167,1111,1041,1115,1179,1197,1256,1329,1274,1098,907,749,539,364,16984,3041,3033,206,142,114,108,174,447,799,1104,1138,995,957,913,857,915,966,980,1027,1084,1043,906,754,628,456,311,269,46,46,4,3,3,2,3,7,12,17,17,15,14,14,13,14,15,15,16,17,16,13,11,9,7,5,3402,634,622,30,20,16,15,27,83,159,233,242,205,196,184,171,186,198,202,213,228,215,179,142,112,76,48
2306000,인천광역시, 부평구,19602,3391,3447,274,181,136,125,204,562,920,1239,1232,1117,1066,1022,982,1049,1090,1108,1171,1220,1177,1050,895,792,590,409,16464,2840,2884,239,159,119,109,178,480,775,1034,1031,937,894,859,826,880,913,928,979,1018,984,882,755,671,505,353,210,33,34,3,3,3,3,3,6,9,12,12,11,11,10,10,10,11,11,11,12,12,10,9,8,6,5,2928,518,529,32,19,14,13,23,76,136,193,189,169,161,153,146,159,166,169,181,190,181,158,131,113,79,51
2307000,인천광역시, 계양구,22740,4171,3921,280,187,152,187,335,727,1195,1519,1457,1300,1221,1178,1139,1205,1258,1294,1395,1449,1348,1124,932,809,631,429,18418,3365,3173,219,139,113,147,274,593,966,1221,1178,1054,990,956,924,978,1019,1047,1125,1168,1091,914,761,661,516,347,373,57,56,21,23,21,18,12,14,17,20,20,18,18,17,17,17,18,18,19,19,19,18,16,16,15,17,3949,749,692,40,25,18,22,49,120,212,278,259,228,213,205,198,210,221,229,251,262,238,192,155,132,100,65
2308000,인천광역시, 서구,12843,2391,2335,146,100,80,82,144,344,631,891,869,758,708,673,635,688,722,740,800,864,819,652,528,443,320,217,10507,1951,1910,121,82,65,67,121,287,518,725,708,620,580,552,521,563,590,605,653,705,669,536,436,368,268,182,177,30,28,6,6,6,6,4,5,8,11,11,9,9,8,8,9,9,9,10,10,10,8,7,6,5,5,2159,410,397,19,12,9,9,19,52,105,155,150,129,119,113,106,116,123,126,137,149,140,108,85,69,47,30
2331000,인천광역시, 강화군,2984,543,538,20,11,9,10,20,55,127,204,212,188,183,181,174,186,196,199,209,211,189,138,103,83,56,34,2457,451,445,18,10,8,9,18,47,107,169,175,155,151,150,144,154,162,164,172,174,156,115,87,70,48,30,22,2,2,0,0,0,0,0,0,0,1,1,1,1,1,1,1,1,1,1,1,1,0,0,0,0,0,505,90,91,2,1,1,1,2,8,20,34,36,32,31,30,29,31,33,34,36,36,32,23,16,13,8,4
2332000,인천광역시, 옹진군,6366,1079,1144,66,43,33,35,65,157,285,387,407,368,371,365,349,364,389,403,414,420,396,328,263,214,153,101,5377,914,965,59,39,30,32,57,137,244,327,343,311,313,308,294,306,327,338,348,353,334,278,225,184,134,89,40,5,6,0,0,0,0,0,0,1,2,2,2,2,2,2,2,2,2,2,2,2,2,1,1,0,0,949,160,173,7,4,3,3,8,20,40,58,62,55,56,55,53,56,60,63,64,65,60,48,37,29,19,12
2401000,광주광역시, 동구,12347,2045,2450,93,56,40,37,55,121,352,766,927,803,802,726,643,744,794,827,882,957,888,605,434,372,280,153,9413,1565,1856,79,49,35,32,47,100,280,585,700,609,605,550,490,564,601,624,664,717,670,469,342,297,226,127,218,34,43,0,0,0,0,0,1,4,13,17,14,15,13,11,13,14,15,16,18,16,9,6,4,3,1,2716,446,551,14,7,5,5,8,20,68,168,210,180,182,163,142,167,179,188,202,222,202,127,86,71,51,25
2402000,광주광역시, 서구,16107,2783,3333,117,65,46,39,56,139,463,1056,1264,1067,1026,907,782,944,1015,1061,1154,1285,1230,818,569,473,356,187,12222,2120,2536,90,50,35,30,43,106,353,805,962,812,780,690,595,718,772,806,877,976,936,624,435,361,271,142,276,48,63,0,0,0,0,0,0,5,18,25,19,18,14,11,15,17,19,22,27,24,12,6,5,3,1,3609,615,734,27,15,11,9,13,33,105,233,277,236,228,203,176,211,226,236,255,282,270,182,128,107,82,44
2403000,광주광역시, 남구,11306,1893,2285,76,45,31,28,45,106,316,707,870,744,740,663,582,683,734,764,814,899,836,550,385,327,244,129,8595,1437,1734,63,38,26,24,38,86,246,536,655,562,558,502,443,518,556,578,615,677,633,424,300,257,193,105,185,30,39,0,0,0,0,0,0,3,11,16,13,13,11,9,11,12,13,14,17,15,7,4,3,2,0,2526,426,512,13,7,5,4,7,20,67,160,199,169,169,150,130,154,166,173,185,205,188,119,81,67,49,24
2404000,광주광역시, 북구,11103,1876,2224,88,53,40,38,53,116,326,706,844,724,711,641,564,658,699,730,782,860,812,552,393,333,250,141,8265,1407,1653,70,43,33,31,43,91,250,529,628,538,526,475,420,490,518,541,578,635,602,416,300,256,195,112,231,37,47,1,0,0,0,0,1,5,14,18,15,15,13,11,13,15,15,17,19,18,10,6,5,3,1,2607,432,524,17,10,7,7,10,24,71,163,198,171,170,153,133,155,166,174,187,206,192,126,87,72,52,28
2405000,광주광역시, 광산구,9535,1613,1949,82,50,37,35,49,105,290,601,722,618,592,540,476,555,594,618,672,753,715,481,343,282,213,124,7255,1231,1475,67,41,31,29,40,84,227,458,546,468,448,410,363,421,450,467,507,565,540,370,267,222,169,100,186,30,40,0,0,0,0,0,1,4,11,15,12,12,10,9,11,12,13,14,17,15,8,5,3,2,1,2094,352,434,15,9,6,6,9,20,59,132,161,138,132,120,104,123,132,138,151,171,160,103,71,57,42,23
2501000,대전광역시, 동구,10509,1595,2023,95,64,55,56,79,153,302,584,709,660,675,638,581,637,661,694,737,782,730,511,389,326,246,155,8144,1247,1557,79,53,45,45,64,124,244,457,546,510,519,492,452,492,510,534,564,596,560,401,310,262,200,128,218,30,41,1,1,1,1,1,3,5,11,14,13,14,13,11,13,13,14,15,16,15,10,7,6,4,2,2147,318,425,15,10,9,10,14,26,53,116,149,137,142,133,118,132,138,146,158,170,155,100,72,58,42,25
2502000,대전광역시, 중구,10341,1634,2034,83,50,38,36,52,121,287,609,738,663,662,612,556,614,645,678,715,755,745,534,404,350,256,150,8329,1318,1628,72,45,34,32,46,104,240,490,588,532,531,493,450,495,519,544,571,600,594,434,333,291,216,129,158,23,30,1,0,0,0,0,1,3,9,11,10,10,9,8,9,9,10,11,12,11,7,5,4,3,1,1854,293,376,10,5,4,4,6,16,44,110,139,121,121,110,98,110,117,124,133,143,140,93,66,55,37,20
2503000,대전광역시, 서구,13351,2120,2675,102,61,45,43,62,148,362,786,972,863,849,786,713,787,831,875,943,1008,976,691,511,441,322,187,10544,1674,2084,90,55,41,39,55,129,303,620,751,676,666,621,568,622,653,686,733,777,756,551,418,364,271,162,211,32,45,0,0,0,0,0,1,3,12,17,14,14,12,10,12,13,14,16,18,17,10,6,5,3,1,2596,414,546,12,6,4,4,7,18,56,154,204,173,169,153,135,153,165,175,194,213,203,130,87,72,48,24
2504000,대전광역시, 유성구,15339,2421,3069,122,79,64,64,90,191,424,878,1119,1001,994,927,846,910,947,997,1090,1191,1115,763,554,454,329,203,11383,1798,2246,99,65,52,52,72,154,333,653,812,736,732,688,633,677,701,735,796,862,810,574,427,354,262,164,313,48,66,1,0,0,0,1,2,6,17,25,21,21,19,16,18,19,21,24,27,25,14,9,7,4,2,3643,575,757,22,14,12,12,17,35,85,208,282,244,241,220,197,215,227,241,270,302,280,175,118,93,63,37
2505000,대전광역시, 대덕구,16587,2498,3188,149,101,87,90,125,244,480,910,1108,1061,1078,1019,928,1003,1045,1104,1184,1268,1133,787,600,489,368,240,12350,1872,2360,116,78,67,69,96,189,369,682,821,787,799,758,693,746,775,816,871,930,837,593,458,376,286,187,381,55,75,2,1,1,1,2,4,9,20,26,25,25,23,21,23,24,26,29,31,27,17,12,9,6,4,3856,571,753,31,22,19,20,27,51,102,208,261,249,254,238,214,234,246,262,284,307,269,177,130,104,76,49
2601000,울산광역시, 중구,15247,2301,2987,187,106,74,61,78,192,443,812,1046,868,882,857,856,922,997,981,1065,1135,1089,763,597,534,430,281,13089,1972,2527,178,103,72,60,76,182,400,695,877,746,753,736,734,782,840,828,888,946,916,665,532,481,393,263,237,35,49,1,0,0,0,0,1,5,12,18,13,14,13,13,15,16,16,18,20,18,11,7,6,4,2,1921,294,411,8,3,2,1,2,9,38,105,151,109,115,108,109,125,141,137,159,169,155,87,58,47,33,16
2602000,울산광역시, 남구,13185,2045,2518,171,99,73,73,95,203,456,734,855,773,781,750,722,761,840,836,860,969,907,642,495,460,380,262,11427,1770,2148,163,96,71,71,91,191,409,633,728,666,671,649,627,658,717,714,731,813,769,566,446,417,349,245,209,30,42,1,0,0,0,0,1,5,11,14,12,12,12,11,12,14,14,15,17,16,9,6,6,4,2,1549,245,328,7,3,2,2,4,11,42,90,113,95,98,89,84,91,109,108,114,139,122,67,43,37,27,15
2603000,울산광역시, 동구,8138,1271,1609,112,43,31,32,43,118,309,450,512,477,463,445,455,505,557,546,592,662,559,388,270,253,192,134,6598,1033,1297,95,38,28,28,38,100,254,365,414,386,376,361,369,409,449,441,476,530,451,316,224,209,160,113,134,19,27,1,0,0,0,0,1,4,7,8,8,7,7,7,8,9,9,10,12,9,6,3,3,2,1,1406,219,285,16,5,3,4,5,17,51,78,90,83,80,77,79,88,99,96,106,120,99,66,43,41,30,20
2604000,울산광역시, 북구,11921,1789,2308,186,77,53,44,60,178,410,638,741,683,726,665,671,730,788,758,855,910,811,587,436,399,307,220,9696,1462,1849,164,71,50,41,56,157,345,520,597,554,583,540,545,590,632,611,679,719,649,481,366,337,264,193,218,31,43,2,0,0,0,0,2,6,11,14,12,14,12,12,13,15,14,17,18,15,10,7,6,4,2,2007,296,416,20,6,3,3,4,19,59,107,130,117,129,113,114,127,141,133,159,173,147,96,63,56,39,25
2631000,울산광역시, 울주군,9459,1592,1795,88,56,43,44,67,156,360,599,633,574,599,555,533,554,607,615,642,724,639,432,323,270,213,143,7408,1251,1395,76,49,38,38,58,130,291,468,492,446,463,432,417,433,470,475,495,554,496,345,263,222,179,122,174,27,31,2,1,1,1,1,3,6,10,11,10,10,9,9,9,11,11,11,13,11,7,5,5,3,2,1877,314,369,10,6,4,5,8,23,63,121,130,118,126,114,107,112,126,129,136,157,132,80,55,43,31,19
2901000,세종특별자치시, 세종시,8199,1251,1623,74,48,39,39,54,115,243,453,555,510,513,486,459,492,509,533,575,617,577,429,330,257,185,119,6059,926,1181,61,40,32,32,44,92,189,335,402,374,376,359,340,363,374,390,417,444,417,320,252,200,147,96,127,18,27,0,0,0,0,0,1,2,7,9,8,8,7,7,7,8,8,10,11,10,6,4,2,1,1,2013,307,415,13,8,7,7,10,22,52,111,144,128,129,120,112,122,127,135,148,162,150,103,74,55,37,22
3101100,경기도, 수원시 장안구,19937,3645,3436,207,134,108,99,154,500,986,1321,1338,1255,1234,1142,971,1106,1181,1207,1242,1260,1166,1010,825,676,498,328,15419,2833,2670,156,101,81,75,117,384,766,1027,1040,975,958,885,756,858,917,937,965,981,906,783,638,521,383,250,376,66,61,6,4,4,3,4,10,18,24,24,23,22,21,17,20,21,22,22,22,21,18,15,13,10,8,4142,746,705,45,29,23,21,33,106,202,270,274,257,254,236,198,228,243,248,255,257,239,209,172,142,105,70
3101200,경기도, 수원시 권선구,16020,3068,2872,117,68,49,50,107,404,849,1104,1115,1015,973,891,845,908,953,988,1050,1097,979,796,627,496,344,208,12973,2475,2328,99,58,42,43,90,332,688,889,898,819,786,722,685,735,771,799,848,886,793,649,514,409,286,175,238,48,41,1,0,0,0,1,4,12,18,18,16,15,13,12,13,14,15,16,17,14,10,7,5,3,1,2809,545,503,17,10,7,7,16,68,149,197,199,180,172,156,148,160,168,174,186,194,172,137,106,82,55,32
3101300,경기도, 수원시 팔달구,15220,2949,2717,102,58,40,38,72,333,793,1069,1087,990,965,869,796,860,917,961,1013,1048,922,747,587,465,315,184,12582,2431,2243,88,51,35,33,63,281,658,880,893,816,796,718,661,711,757,792,835,862,761,620,491,391,267,158,158,32,29,0,0,0,0,0,2,7,12,13,11,10,9,7,9,10,10,11,12,10,7,4,3,1,0,2480,486,445,14,7,5,5,9,50,128,177,181,163,159,142,128,140,150,159,167,174,151,120,92,71,47,26
3101400,경기도, 수원시 영통구,16891,3172,2830,159,102,81,78,131,436,884,1151,1137,1067,1056,984,906,952,1003,1038,1074,1078,961,791,645,537,392,258,13675,2556,2301,132,85,67,64,108,357,716,925,915,860,850,794,734,772,812,840,870,875,781,645,529,441,323,214,291,55,47,3,2,2,2,3,7,15,20,20,18,18,17,15,16,17,18,18,18,16,13,10,8,6,4,2925,561,482,24,15,12,12,20,72,153,206,202,189,188,173,157,164,174,180,186,185,164,133,106,88,63,40
3102100,경기도, 성남시 수정구,29643,5222,5059,352,229,170,160,247,718,1507,1875,1840,1800,1762,1589,1512,1657,1742,1762,1810,1836,1716,1507,1286,1121,872,586,24001,4206,4089,294,191,142,133,205,590,1219,1506,1481,1450,1420,1286,1228,1340,1406,1423,1462,1480,1386,1223,1050,918,719,487,690,120,114,9,7,6,6,8,18,35,43,42,41,40,36,34,38,40,40,41,42,39,33,28,25,19,13,4952,896,856,49,31,22,21,34,110,253,326,317,309,302,267,250,279,296,299,307,314,291,251,208,178,134,86
3102200,경기도, 성남시 중원구,18555,3271,3229,198,126,93,85,134,425,921,1186,1164,1143,1124,1019,961,1035,1102,1124,1162,1174,1099,956,797,677,519,341,15125,2662,2630,166,106,78,72,113,351,752,964,946,930,915,831,784,844,898,914,945,954,895,781,653,556,429,283,281,49,47,2,1,1,1,1,5,13,18,18,17,17,15,14,15,16,17,17,18,16,13,11,9,6,4,3149,560,552,30,19,14,12,20,69,156,204,200,196,192,173,163,176,188,193,200,202,188,162,133,112,84,54
3102300,경기도, 성남시 분당구,23509,4227,4021,277,171,124,113,174,551,1227,1513,1487,1417,1363,1264,1215,1301,1356,1394,1448,1470,1368,1183,1021,904,706,474,20076,3607,3433,238,146,105,95,148,473,1049,1290,1268,1208,1164,1081,1039,1112,1158,1190,1235,1253,1168,1012,877,778,611,410,483,86,82,6,4,3,3,4,11,25,31,30,29,27,25,24,26,27,28,29,30,28,24,20,18,13,9,2950,534,506,33,21,16,15,22,67,153,192,189,180,172,158,152,163,171,176,184,187,172,147,124,108,82,55
3103000,경기도, 의정부시,18401,3352,3271,160,103,78,84,162,491,966,1176,1210,1138,1054,973,949,1046,1127,1191,1268,1244,1124,903,707,567,421,271,14562,2653,2588,131,85,64,69,131,395,767,930,956,901,836,773,755,829,891,940,1000,981,889,718,565,456,340,221,179,30,29,2,1,1,1,2,4,9,10,11,10,9,9,8,9,10,11,11,11,10,8,6,5,4,2,3660,669,654,27,17,13,14,29,92,190,236,243,227,209,191,186,208,226,240,257,252,225,177,136,106,77,48
3104100,경기도, 안양시 만안구,21740,3980,3764,241,151,108,101,164,550,1099,1454,1427,1340,1299,1197,1124,1182,1258,1281,1344,1371,1283,1110,924,774,578,394,17438,3192,3018,193,120,85,79,130,442,883,1165,1144,1075,1043,962,903,950,1010,1027,1077,1098,1029,891,744,623,467,317,303,53,50,5,3,3,3,4,8,15,19,19,18,17,16,15,15,16,17,18,18,17,15,12,11,8,7,3999,735,696,43,28,20,19,30,100,201,270,264,247,239,219,206,217,232,237,249,255,237,204,168,140,103,70
3104200,경기도, 안양시 동안구,21473,4053,3776,210,124,84,76,127,468,1075,1495,1483,1343,1292,1169,1089,1184,1253,1284,1344,1378,1296,1102,904,762,572,371,18682,3501,3277,194,115,79,71,117,420,940,1285,1276,1160,1118,1017,951,1030,1087,1113,1162,1190,1124,963,797,677,514,338,241,47,41,1,1,0,0,1,4,11,18,18,16,15,13,11,13,14,14,15,16,14,11,9,7,4,2,2550,505,458,15,8,5,5,9,44,124,192,189,167,159,139,127,141,152,157,167,172,158,128,98,78,54,31
3105000,경기도, 부천시,19689,3444,3412,265,180,129,119,186,555,969,1270,1205,1128,1101,1053,1006,1071,1119,1138,1195,1223,1156,1033,876,756,570,397,16598,2888,2860,233,160,115,106,166,479,819,1060,1009,948,925,887,848,901,939,955,1000,1021,969,870,743,646,492,347,159,27,27,2,1,1,1,1,4,7,10,10,9,9,8,8,8,9,9,9,10,9,8,6,5,4,2,2932,529,525,30,19,13,12,19,72,143,200,186,171,167,158,150,162,171,174,186,192,178,155,127,105,74,48
3106000,경기도, 광명시,19181,3526,3361,207,128,90,79,141,493,971,1297,1258,1173,1125,1055,988,1042,1101,1116,1190,1222,1143,996,814,683,524,353,14829,2740,2610,156,96,67,59,105,376,752,1010,978,911,873,818,764,808,854,866,925,950,888,772,629,526,401,268,158,29,26,1,0,0,0,1,3,7,11,11,10,9,8,8,8,9,9,10,10,9,7,5,4,3,2,4194,757,725,50,32,23,20,35,114,212,276,269,252,243,229,216,226,238,241,255,262,246,217,180,153,120,83
3107000,경기도, 평택시,14213,2356,2409,142,99,90,104,170,381,645,836,875,872,884,857,832,857,893,925,941,929,826,654,519,401,290,202,10333,1724,1761,98,67,60,70,118,273,469,613,642,638,646,626,608,628,654,679,690,682,604,475,376,288,206,141,291,46,47,5,4,4,5,5,8,13,16,17,17,17,17,16,16,17,17,18,18,16,13,10,9,7,6,3589,586,601,39,28,26,29,47,100,163,207,216,217,221,214,208,213,222,229,233,229,206,166,133,104,77,55
3108000,경기도, 동두천시,6454,1213,1157,48,30,22,23,47,155,336,431,446,405,377,346,333,373,405,430,455,446,397,314,240,189,134,82,5042,949,907,39,25,18,19,38,123,263,337,349,317,295,271,261,292,317,336,356,349,311,247,189,149,106,66,20,3,2,0,0,0,0,0,0,1,1,1,1,1,1,1,1,1,1,1,1,1,0,0,0,0,0,1392,261,248,9,5,4,4,9,32,72,93,96,87,81,74,71,80,87,93,98,96,85,67,51,40,28,16
3109100,경기도, 안산시 상록구,21929,3910,3814,225,146,114,112,189,608,1116,1393,1401,1347,1327,1248,1167,1217,1294,1327,1371,1405,1306,1103,913,731,528,353,17224,3070,2998,179,116,89,88,149,482,880,1092,1098,1057,1042,981,919,958,1017,1043,1076,1102,1026,870,721,579,419,280,352,63,58,3,2,2,2,3,9,17,23,23,22,21,19,18,18,20,20,21,22,20,16,13,10,7,5,4353,777,758,43,28,23,22,37,117,219,278,280,268,264,248,230,241,257,264,274,281,260,217,179,142,102,68
3109200,경기도, 안산시 단원구,12808,2315,2229,111,73,61,63,111,350,654,822,839,805,788,743,697,734,777,791,813,834,761,634,510,399,276,177,10610,1912,1846,96,63,52,53,95,297,545,677,690,663,649,614,577,607,641,652,670,687,630,529,430,339,237,153,134,23,21,1,1,1,1,1,3,6,8,9,8,8,7,7,7,8,8,8,8,7,6,4,3,2,2,2064,380,362,14,9,8,9,15,50,103,137,140,134,131,122,113,120,128,131,135,139,124,99,76,57,37,22
3110100,경기도, 고양시 덕양구,24479,4329,4236,260,163,122,136,265,707,1261,1541,1527,1444,1358,1297,1273,1364,1423,1492,1600,1582,1443,1211,993,878,694,454,19066,3381,3305,197,121,88,99,200,548,985,1204,1192,1128,1060,1012,993,1065,1112,1166,1250,1235,1126,944,773,684,539,350,304,50,50,6,6,6,5,5,8,14,18,18,17,16,15,15,16,16,17,19,19,17,14,12,10,9,7,5109,898,881,57,36,28,32,60,151,262,319,317,299,282,270,265,283,295,309,331,328,300,253,208,184,146,97
3110300,경기도, 고양시 일산동구,17587,3139,3002,173,106,78,84,166,506,919,1118,1102,1047,988,939,921,999,1051,1096,1171,1130,1010,862,716,627,480,308,13175,2362,2257,127,77,56,60,121,378,691,842,829,788,743,705,691,752,791,824,881,851,759,647,537,469,358,229,156,27,26,1,1,1,1,1,3,7,10,10,9,8,8,8,8,9,10,11,10,9,7,5,5,3,2,4256,750,719,45,28,21,23,44,125,221,266,263,250,237,226,222,239,251,262,279,269,242,208,174,153,119,77
3110400,경기도, 고양시 일산서구,17664,3131,3023,187,114,83,85,157,494,904,1123,1104,1041,992,948,922,997,1047,1080,1144,1119,1017,887,745,655,504,327,13443,2386,2304,143,88,64,65,121,378,689,855,842,793,756,723,703,760,798,823,872,852,776,676,569,500,385,250,165,29,28,1,0,0,0,0,3,8,11,10,10,9,8,8,9,10,10,11,11,9,8,6,5,3,2,4056,716,691,43,26,19,20,36,113,207,257,252,238,227,217,211,228,239,247,261,256,232,203,170,150,116,75
3111000,경기도, 과천시,25087,4668,4325,327,200,132,109,161,492,1195,1723,1750,1522,1417,1337,1265,1376,1405,1433,1512,1554,1507,1264,1077,977,805,559,21023,3855,3609,294,182,121,101,147,433,1005,1412,1438,1264,1182,1120,1064,1150,1172,1194,1256,1289,1255,1065,916,836,696,492,310,61,53,2,1,1,0,1,4,13,24,24,19,17,16,14,16,17,18,19,20,19,14,11,9,7,4,3754,752,663,31,17,10,8,13,55,177,287,288,239,218,201,187,210,216,221,237,245,233,185,150,132,102,63
3112000,경기도, 구리시,27346,4617,4877,308,206,156,152,252,714,1352,1600,1665,1608,1548,1463,1396,1524,1632,1685,1757,1751,1677,1449,1214,980,761,507,20764,3502,3684,241,162,124,121,198,548,1026,1214,1262,1220,1175,1112,1061,1155,1234,1273,1325,1321,1266,1097,922,750,585,393,520,86,91,5,3,2,2,4,13,25,30,31,30,29,27,26,29,31,32,34,33,31,27,22,17,13,8,6062,1029,1102,62,41,30,29,50,153,301,356,372,358,344,324,309,340,367,380,398,397,380,325,270,213,163,106
3113000,경기도, 남양주시,14378,2457,2565,130,84,64,66,117,346,693,860,904,882,877,823,768,831,893,926,957,956,883,726,584,458,341,220,11336,1938,2020,105,68,52,53,95,276,549,678,711,696,693,652,608,657,704,730,752,751,695,574,464,366,273,178,208,34,36,1,1,1,1,1,4,9,12,13,12,12,11,11,12,13,13,14,14,12,10,7,5,4,2,2834,485,509,24,15,11,12,21,66,135,170,180,174,172,160,149,162,176,183,191,191,176,142,113,87,64,40
3114000,경기도, 오산시,14501,2646,2461,147,95,78,83,156,422,746,943,957,873,837,806,799,849,872,896,933,938,834,689,556,449,330,224,11781,2142,2004,123,79,65,69,128,346,607,762,773,709,681,657,651,690,708,727,756,761,679,564,458,372,275,187,379,69,62,3,2,2,2,4,10,19,25,25,23,22,21,21,22,23,23,24,24,21,17,13,10,7,5,2341,435,395,21,14,11,12,24,66,120,156,159,141,134,128,127,137,141,146,153,153,134,108,85,67,48,32
3115000,경기도, 시흥시,20673,3682,3617,232,152,120,117,196,580,1033,1331,1318,1237,1204,1132,1069,1122,1205,1218,1271,1302,1241,1074,892,735,541,363,16452,2928,2879,187,123,96,94,157,465,824,1057,1047,983,958,901,851,894,959,969,1010,1035,987,857,714,590,435,293,260,44,43,4,3,3,3,4,7,12,16,16,15,14,13,13,13,14,14,15,15,15,13,10,9,7,5,3961,710,695,41,26,21,20,35,108,197,258,255,239,232,218,205,215,232,235,246,252,239,204,168,136,99,65
3116000,경기도, 군포시,18677,3362,3145,196,127,103,99,170,519,949,1211,1202,1161,1147,1065,978,1048,1111,1131,1158,1154,1065,926,768,630,462,309,14842,2684,2508,152,97,77,75,130,410,757,967,960,926,914,849,779,835,885,902,924,921,849,738,612,502,367,243,322,55,50,5,4,4,3,5,10,16,20,19,19,19,17,16,17,18,18,18,18,17,15,12,10,8,6,3513,623,587,39,26,22,21,35,99,176,224,223,216,214,199,183,196,208,211,216,215,199,173,144,118,87,60
3117000,경기도, 의왕시,29593,5394,5107,303,190,141,135,228,743,1512,1951,1931,1833,1794,1634,1527,1643,1749,1781,1839,1860,1741,1506,1240,1034,779,511,24118,4381,4153,258,162,120,115,194,618,1236,1580,1565,1486,1455,1330,1245,1337,1418,1445,1491,1509,1415,1229,1020,856,651,431,555,102,94,5,4,3,3,4,12,27,38,37,35,34,30,28,30,33,33,35,35,32,27,21,17,12,8,4920,911,860,40,24,18,17,30,113,249,333,329,312,305,274,254,276,298,303,313,316,294,250,199,161,116,72
3118000,경기도, 하남시,26396,4511,4521,271,179,138,140,233,661,1297,1586,1628,1628,1632,1510,1417,1503,1611,1646,1663,1631,1547,1343,1137,898,669,439,20599,3523,3525,216,143,110,112,186,522,1017,1237,1269,1268,1270,1177,1105,1172,1254,1281,1293,1271,1205,1049,889,706,529,350,602,100,99,7,5,4,4,6,16,29,35,36,36,36,34,32,34,36,37,37,36,34,29,25,20,15,10,5195,888,897,48,31,24,24,41,123,251,314,323,324,326,299,280,297,321,328,333,324,308,265,223,172,125,79
3119100,경기도, 용인시 처인구,11756,2041,2029,118,82,68,68,106,274,522,738,781,739,754,720,654,682,726,739,747,764,709,556,432,355,258,175,8993,1572,1555,90,62,51,51,80,212,405,568,599,566,577,552,502,524,557,566,572,585,542,428,334,275,200,135,229,36,37,3,2,2,2,2,5,9,13,14,14,14,13,12,12,13,14,14,14,13,10,8,7,5,4,2534,433,437,25,18,15,15,24,57,108,157,168,159,163,155,140,146,156,159,161,165,154,118,90,73,53,36
3119200,경기도, 용인시 기흥구,21005,3645,3535,261,168,129,122,185,525,1023,1311,1311,1249,1231,1196,1136,1191,1238,1280,1303,1312,1188,1035,871,761,587,405,16941,2946,2856,210,133,102,97,147,427,831,1058,1057,1008,993,966,919,962,1000,1032,1051,1057,960,839,707,619,478,329,594,102,99,7,5,4,3,5,14,28,37,37,35,34,33,31,33,34,36,36,37,33,29,24,21,16,11,3470,597,580,44,30,23,22,33,84,164,216,217,206,204,197,186,196,204,212,216,218,195,167,140,121,93,65
3119300,경기도, 용인시 수지구,15144,2641,2541,166,104,77,70,108,325,722,952,967,920,905,868,810,876,933,962,959,943,846,752,656,550,413,271,12783,2237,2153,141,88,64,59,92,280,616,805,816,778,765,733,686,740,785,810,809,798,718,637,555,467,353,232,253,43,41,3,2,2,2,2,5,11,16,16,15,14,14,12,14,15,15,16,16,14,11,9,8,6,4,2108,361,347,22,14,11,9,14,40,95,131,135,127,126,121,112,122,133,137,134,129,114,104,92,75,54,35
3120000,경기도, 파주시,9215,1667,1613,92,58,43,43,77,240,454,600,613,553,528,501,482,524,551,569,596,600,553,460,372,320,244,157,7215,1305,1264,74,47,35,35,62,190,357,469,479,434,414,393,378,411,432,446,466,469,434,361,293,253,193,125,61,10,10,0,0,0,0,0,1,2,4,4,3,3,3,3,3,3,3,4,4,3,3,2,1,1,0,1939,352,339,18,11,8,8,15,49,95,127,130,116,111,105,101,110,116,120,126,127,116,96,77,66,50,32
3121000,경기도, 이천시,10948,1748,1851,118,85,72,71,110,254,446,620,682,689,721,696,630,648,696,709,715,697,641,513,412,327,239,168,7923,1274,1342,85,60,52,51,79,184,325,452,497,502,525,507,458,471,504,514,518,505,465,372,299,237,173,121,276,42,43,3,3,2,2,3,7,11,15,16,16,17,16,15,15,17,17,17,16,15,12,10,8,6,5,2749,432,466,30,22,18,18,28,63,110,153,169,171,179,173,157,162,175,178,180,176,161,129,103,82,60,42
3122000,경기도, 안성시,12192,2034,2030,130,94,82,87,134,289,505,734,795,766,778,760,718,740,770,777,778,776,707,547,436,349,265,188,8772,1471,1460,92,66,58,62,95,207,365,531,575,553,561,549,519,534,555,560,560,559,508,393,314,251,190,134,368,60,58,4,3,2,2,4,9,15,22,23,23,23,22,21,22,22,23,23,22,20,16,13,10,8,6,3052,503,512,34,25,22,23,35,73,125,181,197,190,194,189,178,184,193,194,195,195,179,138,109,88,67,48
3123000,경기도, 김포시,15374,2831,2730,144,90,69,71,134,398,770,1034,1027,930,872,830,795,863,907,933,1001,1013,944,773,618,526,392,250,12297,2259,2179,119,74,56,58,111,325,618,823,818,743,697,665,637,691,725,745,797,806,753,620,499,427,320,206,164,28,28,3,3,3,3,2,4,8,10,10,9,9,8,8,8,9,9,10,10,10,8,6,5,4,3,2913,544,523,22,13,10,10,21,69,144,201,199,178,166,157,150,164,173,179,194,197,181,145,113,94,68,41
3124000,경기도, 화성시,14351,2557,2377,127,86,76,87,155,407,736,909,912,896,890,853,815,856,896,915,925,905,804,668,544,417,291,192,11152,1992,1856,98,65,58,65,118,317,574,708,710,697,692,664,634,666,697,712,721,705,628,523,427,328,228,150,267,45,41,3,3,2,3,4,7,13,16,16,16,16,15,14,15,16,16,16,16,14,11,9,7,6,4,2932,520,480,26,18,16,19,33,83,149,185,186,183,182,174,167,175,183,187,188,184,162,134,108,82,57,38
3125000,경기도, 광주시,17197,2929,3002,157,104,81,81,135,382,775,1051,1103,1091,1100,1034,953,994,1075,1098,1124,1110,1040,852,687,538,391,254,13328,2280,2334,121,80,61,61,104,298,605,818,857,846,852,802,740,772,834,852,872,862,808,664,535,420,306,198,371,61,62,4,3,3,3,4,8,16,22,23,23,23,21,20,21,22,23,24,23,22,17,14,11,8,6,3498,588,606,32,21,17,17,27,76,154,211,223,222,225,211,193,201,219,223,228,225,210,171,138,107,77,50
3126000,경기도, 양주시,10688,1978,1917,77,48,37,41,86,279,571,698,709,670,613,561,550,615,673,721,771,746,654,517,394,310,221,135,8259,1531,1484,59,36,27,30,66,218,443,540,548,518,475,436,427,476,521,557,596,576,506,402,307,242,173,105,81,11,11,2,3,3,3,2,2,3,4,4,4,4,3,3,4,4,4,4,4,4,3,3,2,2,2,2348,436,422,16,9,7,8,18,59,125,154,157,148,134,122,120,135,148,160,171,166,144,112,84,66,46,28
3127000,경기도, 포천시,5854,1012,1046,45,30,23,24,45,133,266,361,385,359,359,346,329,361,379,394,402,401,367,278,213,168,121,77,4542,787,815,37,25,19,20,37,105,207,281,299,279,280,269,256,281,294,306,312,312,286,217,167,132,95,61,96,15,15,0,0,0,0,0,2,4,5,6,5,5,5,5,5,6,6,6,6,5,4,3,2,2,1,1216,210,216,8,5,4,4,8,26,55,75,80,75,74,72,68,75,79,82,84,83,76,57,43,34,24,15
3128000,경기도, 여주시,8455,1295,1460,86,61,51,51,78,181,323,454,518,526,562,546,501,515,549,561,564,554,509,397,318,252,182,127,6327,976,1095,64,46,39,39,59,137,244,342,390,396,422,409,376,386,411,420,422,415,382,298,240,191,137,95,236,34,38,4,3,2,2,3,6,9,12,13,13,14,14,13,13,14,14,14,14,13,11,9,7,6,5,1892,285,327,18,12,10,10,16,38,70,100,115,117,126,123,112,116,124,127,128,125,114,88,69,54,39,27
3135000,경기도, 연천군,3066,585,527,24,15,11,11,21,64,147,214,224,192,189,184,171,186,195,200,203,204,183,140,106,89,63,39,2365,454,410,19,12,9,9,17,50,115,166,173,149,146,143,133,144,151,155,157,158,143,109,83,70,50,31,16,2,1,0,0,0,0,0,0,0,1,1,1,1,0,0,1,1,1,1,1,0,0,0,0,0,0,685,129,116,5,3,2,2,4,14,32,47,50,42,42,41,38,41,43,44,45,45,40,31,23,19,13,8
3137000,경기도, 가평군,4977,771,867,41,27,20,21,35,97,194,268,309,310,340,337,305,316,333,339,336,339,299,229,181,142,104,68,4137,643,723,36,24,17,18,31,83,163,223,257,258,282,280,255,264,277,282,280,282,249,192,152,120,88,58,115,17,18,1,1,1,1,1,3,5,6,6,6,7,7,6,6,7,7,7,7,6,5,5,4,3,2,725,111,126,4,2,2,2,3,11,26,39,46,46,51,50,44,46,49,50,49,50,44,32,24,18,13,8
3138000,경기도, 양평군,4748,763,832,39,25,20,20,34,94,199,270,294,298,315,305,285,295,311,316,320,320,287,225,179,140,102,66,3896,629,684,34,22,18,18,30,79,166,222,241,245,258,251,234,242,255,259,262,262,236,186,149,118,86,57,94,13,15,1,0,0,0,0,2,3,5,5,5,6,5,5,5,6,6,6,6,5,4,3,2,2,1,758,121,133,4,3,2,2,4,13,30,43,48,48,51,49,46,48,50,51,52,52,46,35,27,20,14,8
3201000,강원도, 춘천시,6446,994,1173,41,26,20,21,34,100,228,348,418,423,459,435,388,410,439,452,458,469,405,299,227,169,116,72,5229,810,957,32,21,16,17,26,79,185,284,341,345,376,356,317,336,359,371,375,384,331,242,184,135,92,57,112,15,19,1,0,0,0,1,2,3,5,7,7,7,7,6,6,7,7,7,8,6,5,3,3,2,1,1105,169,197,8,5,4,4,7,19,40,59,70,71,76,72,65,68,73,74,76,77,68,52,40,31,22,14
3202000,강원도, 원주시,8250,1186,1458,64,44,38,40,61,142,270,413,503,532,583,557,510,540,579,595,595,581,503,374,282,213,146,96,6703,979,1188,53,37,31,33,51,118,226,341,412,433,472,450,413,437,468,481,481,470,410,308,233,177,121,80,239,31,40,3,2,2,2,2,5,7,11,13,14,15,15,14,15,16,16,16,16,14,10,8,6,5,3,1308,176,230,8,5,5,5,8,19,37,61,78,85,96,92,83,88,95,98,98,95,79,56,41,30,20,13
3203000,강원도, 강릉시,3453,423,605,24,17,15,15,21,43,84,138,201,219,249,256,244,255,266,268,263,255,210,140,105,80,58,40,2654,333,468,21,15,13,13,18,36,68,109,156,168,190,195,187,195,202,204,200,195,163,110,85,64,48,34,112,11,18,0,0,0,0,0,0,2,3,6,7,8,8,8,8,9,9,9,8,6,4,2,2,1,0,687,79,119,3,2,2,2,3,7,14,26,39,44,51,53,49,52,55,55,54,52,41,26,18,14,9,6
3204000,강원도, 동해시,3948,506,692,25,18,16,15,23,47,97,164,245,255,283,290,277,294,310,304,304,295,245,152,113,85,62,41,2938,383,519,20,15,13,12,19,37,74,125,184,190,211,216,206,219,230,226,227,220,184,115,86,66,48,32,109,11,17,0,0,0,0,0,0,2,3,6,7,8,8,8,8,9,9,8,8,6,3,2,1,1,0,901,112,156,5,3,3,3,4,10,21,36,55,58,64,66,63,67,71,69,69,67,55,34,25,18,13,9
3205000,강원도, 태백시,2003,272,362,19,14,12,14,27,32,58,88,126,124,133,132,127,137,141,143,146,150,128,84,63,50,39,28,1546,214,281,16,12,10,12,22,26,47,69,98,96,103,102,99,106,109,111,113,116,99,66,51,41,32,23,36,3,5,0,0,0,0,0,0,0,1,2,2,2,2,2,2,2,2,2,2,2,1,0,0,0,0,421,55,76,3,2,2,2,5,6,11,18,26,26,28,28,26,29,30,30,31,32,27,17,12,9,7,5
3206000,강원도, 속초시,4511,583,778,31,21,16,15,22,55,125,191,267,291,336,349,319,320,333,333,330,322,267,189,147,113,80,51,3734,486,648,27,19,14,13,19,47,105,159,222,242,278,288,264,265,276,276,273,267,223,158,124,96,68,43,134,15,22,0,0,0,0,0,1,3,5,7,8,10,11,10,10,10,10,10,10,7,5,3,2,1,1,643,82,108,4,2,2,2,3,7,17,27,38,41,48,50,45,45,47,47,47,45,37,26,20,15,11,7
3207000,강원도, 삼척시,2130,290,383,16,12,10,11,18,29,60,94,136,131,145,148,143,154,161,158,164,160,136,87,63,49,35,24,1674,233,304,14,11,9,10,16,25,49,76,108,104,114,116,112,121,126,124,128,125,108,71,52,41,30,21,44,4,6,0,0,0,0,0,0,1,1,2,2,3,3,3,3,3,3,3,3,2,1,1,0,0,0,412,53,73,2,1,1,1,2,4,10,17,26,25,28,29,28,30,32,31,33,32,26,15,10,8,5,3
3231000,강원도, 홍천군,2700,396,480,20,15,13,16,19,46,91,138,167,173,190,186,169,176,185,188,190,193,166,121,93,72,51,34,2145,317,385,17,13,11,14,16,38,73,111,133,138,152,149,136,141,149,150,152,154,133,98,75,58,42,28,89,12,14,0,0,0,0,0,1,3,4,5,5,6,6,5,5,5,6,6,6,5,3,3,2,1,1,466,67,81,3,2,2,2,3,7,15,23,29,30,32,31,28,30,31,32,32,33,28,20,15,12,8,5
3232000,강원도, 횡성군,3605,487,633,29,21,19,21,27,57,104,166,217,233,260,256,238,247,258,259,259,255,222,156,118,90,64,43,2659,366,469,23,17,15,17,22,43,79,125,162,172,191,189,176,183,190,191,191,188,164,117,89,68,49,34,152,18,25,1,1,1,1,1,3,4,6,8,9,10,9,9,9,10,10,10,10,9,6,5,4,3,2,794,103,139,5,3,3,3,4,11,21,35,47,52,59,58,53,55,58,58,58,57,49,33,24,18,12,7
3233000,강원도, 영월군,2120,285,372,23,17,15,18,33,37,62,95,128,129,141,140,132,141,147,149,150,151,131,90,70,57,44,32,1624,222,288,19,15,13,15,27,30,49,74,99,100,108,107,102,108,112,114,115,116,101,71,55,45,36,26,46,5,6,0,0,0,0,0,0,1,2,2,2,3,3,2,3,3,3,3,3,2,1,1,1,0,0,450,58,78,4,2,2,3,6,7,12,19,27,27,30,30,28,30,32,32,32,32,28,18,14,11,8,6
3234000,강원도, 평창군,2749,323,466,22,16,15,15,21,39,69,105,149,171,202,207,196,201,209,213,204,191,161,114,90,69,49,34,1995,240,341,18,13,12,12,17,30,52,78,110,125,147,151,142,146,151,154,149,139,118,84,67,52,38,26,129,14,20,1,1,1,1,1,2,3,5,6,7,8,8,8,8,9,9,8,8,7,5,4,3,2,2,625,69,105,3,2,2,2,3,7,14,22,33,39,47,48,46,47,49,50,47,44,36,25,19,14,9,6
3235000,강원도, 정선군,1749,233,312,16,13,11,13,25,28,48,74,111,110,116,114,113,123,124,125,125,128,111,73,54,45,35,26,1359,185,243,14,12,10,12,21,24,40,59,86,86,90,89,88,96,96,97,97,99,86,58,44,37,29,22,34,3,5,0,0,0,0,0,0,0,1,2,2,2,2,2,2,2,2,2,2,2,1,0,0,0,0,356,45,64,2,1,1,1,4,4,8,14,23,22,24,23,23,25,26,26,26,27,23,14,10,8,6,4
3236000,강원도, 철원군,1156,200,212,8,5,4,4,7,19,44,71,85,72,73,73,69,78,80,82,81,84,77,51,37,29,20,13,892,158,167,7,4,4,4,6,15,35,56,67,56,57,57,54,61,63,64,63,66,60,41,30,23,16,11,20,2,2,0,0,0,0,0,0,0,1,1,1,1,1,1,1,1,1,1,1,1,0,0,0,0,0,244,40,43,1,1,0,0,1,4,9,14,17,15,15,15,14,16,16,17,17,17,16,10,7,6,4,2
3237000,강원도, 화천군,879,149,169,6,4,3,3,5,11,27,52,70,59,58,55,53,59,61,61,62,68,61,40,28,20,15,9,644,113,128,5,3,3,3,4,8,20,40,53,45,44,42,40,45,47,47,48,51,47,30,21,15,11,7,13,1,1,0,0,0,0,0,0,0,0,1,0,0,0,0,0,0,0,0,1,0,0,0,0,0,0,222,35,40,1,1,0,0,1,3,7,12,16,14,14,13,13,14,14,14,14,16,14,10,7,5,4,2
3238000,강원도, 양구군,820,135,156,6,4,3,3,5,11,26,47,62,54,55,54,50,55,56,55,56,62,57,37,26,21,15,10,601,103,119,5,3,3,2,4,8,20,36,47,41,42,41,38,42,43,42,43,47,44,28,19,16,11,8,13,1,1,0,0,0,0,0,0,0,0,1,0,0,0,0,0,0,0,0,1,0,0,0,0,0,0,206,31,36,1,1,0,1,1,3,6,11,14,13,13,13,12,13,13,13,13,14,13,9,7,5,4,2
3239000,강원도, 인제군,1716,246,292,14,10,8,8,12,32,62,84,100,110,123,123,112,114,119,120,118,117,99,76,61,48,35,23,1384,201,240,12,9,7,7,10,26,51,68,82,90,101,101,91,93,98,98,97,96,81,63,50,40,29,20,66,8,9,0,0,0,0,0,1,2,3,3,4,4,4,4,4,4,4,4,4,3,2,2,1,1,0,266,37,43,2,1,1,1,2,5,9,13,15,16,18,18,17,17,17,18,17,17,15,11,9,7,5,3
3240000,강원도, 고성군,2996,424,519,16,11,8,8,14,30,80,141,203,198,217,221,214,223,232,223,219,220,183,116,89,66,45,30,2387,339,417,13,9,6,6,11,24,63,113,163,160,175,179,173,180,187,180,177,178,147,92,71,52,35,24,88,11,14,0,0,0,0,0,0,2,3,6,5,6,6,6,6,7,6,6,6,5,3,2,1,1,0,521,74,88,3,2,2,2,3,6,15,25,34,33,36,36,35,37,38,37,36,36,31,21,16,13,9,6
3241000,강원도, 양양군,3345,410,575,24,17,14,13,19,40,85,132,193,214,242,256,243,247,254,253,250,241,199,135,103,81,59,39,2714,339,471,21,15,13,12,17,34,72,109,158,174,197,207,197,200,205,204,202,196,163,112,86,68,50,33,117,12,18,0,0,0,0,0,1,2,4,6,7,8,9,8,9,9,9,9,8,6,4,3,2,1,1,514,59,86,3,2,1,1,2,5,11,19,29,33,37,40,38,38,40,40,39,37,30,19,14,11,8,5
3302000,충청북도, 충주시,5123,695,899,67,50,42,41,56,97,160,248,287,305,334,330,308,319,332,336,348,344,311,244,203,162,121,92,3641,501,642,49,36,30,30,41,70,116,179,206,218,238,236,220,228,236,239,248,245,222,175,147,118,88,67,125,14,20,1,1,1,1,1,2,3,5,6,7,8,7,7,7,8,8,8,8,7,5,4,3,2,2,1357,180,237,17,13,11,10,14,25,41,64,75,80,88,87,81,84,88,89,92,91,82,64,52,41,31,23
3303000,충청북도, 제천시,3600,490,633,35,26,23,26,42,64,106,169,215,221,245,240,225,238,253,254,255,255,220,158,123,95,71,50,2666,367,472,27,20,19,20,33,49,80,127,160,164,181,178,168,176,187,188,189,189,164,119,93,72,54,39,111,14,17,1,1,0,1,1,2,3,5,6,6,7,7,6,7,7,7,7,7,6,4,3,3,2,1,823,109,144,7,5,4,5,8,13,23,37,49,51,57,55,51,55,59,59,59,59,50,35,27,20,15,10
3304100,충청북도, 청주시 상당구,5421,797,1044,46,32,27,27,37,72,149,290,358,337,351,338,322,346,359,368,389,418,368,258,200,155,112,73,4070,605,786,36,25,21,21,29,56,115,220,270,254,264,254,243,260,270,277,291,313,277,196,153,119,87,57,99,13,17,0,0,0,0,0,1,2,5,6,6,6,6,5,6,6,6,7,7,6,4,3,2,1,1,1252,179,241,10,7,6,6,8,15,32,65,82,77,81,78,74,80,83,85,91,98,85,58,44,34,24,15
3304200,충청북도, 청주시 서원구,19176,2838,3585,198,139,121,124,171,323,582,1031,1225,1226,1248,1173,1095,1153,1199,1255,1330,1418,1253,914,710,569,434,297,13960,2076,2615,143,99,85,87,121,234,428,755,893,896,911,856,801,842,876,916,969,1030,914,671,523,419,319,216,519,74,95,4,3,3,3,4,8,14,27,33,33,34,32,29,31,32,34,36,39,33,23,17,13,10,7,4697,688,875,51,37,33,34,46,81,140,249,299,297,303,285,265,280,291,305,325,349,306,220,170,137,105,74
3304300,충청북도, 청주시 흥덕구,15055,2097,2777,164,114,97,98,135,254,449,751,897,942,985,941,889,922,953,1001,1051,1087,959,731,587,461,351,245,10957,1537,2019,123,85,72,72,99,188,334,550,653,686,714,685,648,671,693,725,760,785,697,537,435,343,261,183,375,50,67,3,2,2,2,3,6,10,18,22,23,25,23,22,23,23,25,26,27,23,17,13,10,8,5,3723,510,691,38,27,23,24,33,60,105,183,222,233,246,233,219,228,237,251,265,275,239,177,139,108,82,57
3304400,충청북도, 청주시 청원구,11265,1563,2208,107,73,58,56,73,148,303,571,689,718,751,698,654,689,717,751,797,850,770,588,463,346,243,163,8251,1150,1605,84,58,47,45,57,114,229,419,502,524,546,509,480,504,523,546,578,613,558,434,347,262,187,127,209,27,42,1,1,0,0,1,2,4,10,13,13,14,13,11,12,13,14,15,17,15,10,7,5,3,2,2805,386,561,22,14,11,11,15,32,70,142,174,181,191,176,163,173,181,191,204,220,197,144,109,79,53,34
3332000,충청북도, 보은군,3803,504,665,54,40,36,37,50,80,121,175,208,213,231,235,229,238,242,246,254,258,229,178,152,129,105,76,2528,341,447,35,26,24,25,33,52,81,119,141,144,156,158,154,161,163,166,171,174,154,119,101,86,70,49,104,12,17,1,1,0,0,1,2,3,4,5,5,6,6,6,6,6,6,7,7,6,4,4,3,2,2,1171,151,201,18,13,12,12,16,26,37,52,62,64,69,71,69,71,73,74,76,77,69,55,47,40,33,25
3333000,충청북도, 옥천군,4077,558,751,49,37,33,36,47,74,119,197,242,237,258,251,235,254,258,268,280,291,264,196,159,129,102,74,2831,394,525,35,27,24,26,33,52,84,139,171,167,180,175,165,177,180,187,195,202,185,138,112,90,72,53,99,11,17,1,0,0,0,1,1,2,4,5,5,6,6,5,6,6,6,6,7,6,4,3,3,2,1,1147,153,209,13,10,9,10,13,21,33,54,66,65,72,70,65,71,72,75,79,82,73,54,44,36,28,20
3334000,충청북도, 영동군,2526,321,462,34,26,23,25,34,50,74,110,137,141,158,155,147,158,159,164,173,179,159,124,104,85,69,51,1716,223,317,25,19,17,18,25,35,52,77,94,97,109,107,101,109,109,113,118,122,109,86,72,59,49,36,61,6,9,0,0,0,0,0,1,1,2,3,3,3,3,3,3,3,3,4,4,3,2,2,2,1,1,749,92,136,9,7,6,7,9,14,21,31,40,41,46,45,43,46,47,48,51,53,47,36,30,24,19,14
3335000,충청북도, 진천군,9554,1488,1764,96,69,59,61,83,166,311,560,617,600,626,589,552,576,606,621,646,679,624,461,357,271,197,137,6716,1049,1236,72,52,44,46,62,122,224,393,432,420,438,413,389,404,424,434,450,472,437,327,256,197,144,101,187,28,34,1,1,1,1,1,2,5,11,12,12,12,11,10,11,12,12,13,14,12,8,6,4,3,2,2651,411,494,23,16,14,14,20,42,82,156,173,168,176,165,153,161,170,175,183,193,175,126,95,70,50,34
3336000,충청북도, 괴산군,2891,420,497,39,30,26,26,33,56,94,150,176,170,183,182,173,179,188,189,192,191,175,131,108,88,69,54,2054,305,357,28,22,19,19,24,40,68,109,128,123,131,130,125,128,135,135,137,137,126,94,78,63,50,39,66,8,10,0,0,0,0,0,1,2,3,3,3,4,4,3,4,4,4,4,4,3,3,2,2,1,1,771,107,130,11,8,7,7,9,15,24,38,45,44,48,48,45,47,49,50,51,50,46,34,28,23,18,14
3337000,충청북도, 음성군,7123,1008,1245,83,61,51,50,68,132,229,364,415,439,479,463,429,441,465,469,478,471,431,343,280,218,158,115,4928,702,864,59,43,36,35,48,93,160,253,289,305,332,321,298,306,321,324,331,326,299,239,196,153,111,82,153,19,26,1,1,1,1,1,2,4,7,8,9,10,10,9,9,10,10,10,10,9,7,5,4,3,2,2042,287,355,23,17,14,14,19,37,65,104,118,125,137,132,122,126,134,135,137,135,123,97,79,61,44,31
3338000,충청북도, 단양군,1850,243,314,16,12,10,12,17,31,53,84,106,115,133,133,122,128,135,138,137,129,107,78,61,48,34,24,1209,161,209,11,8,7,9,12,20,35,55,71,76,89,89,81,85,91,93,92,86,71,52,40,32,23,16,67,8,9,0,0,0,0,0,1,2,3,3,4,4,4,4,4,4,4,4,4,3,2,2,1,1,1,574,74,96,5,4,3,3,5,10,16,26,32,35,40,40,37,39,40,41,41,39,33,24,19,15,10,7
3339000,충청북도, 증평군,4262,549,866,45,29,21,18,22,45,101,204,244,247,275,265,252,269,275,283,300,323,305,238,197,147,100,68,3266,429,656,39,25,19,16,20,39,82,159,188,190,209,203,193,205,209,215,228,243,230,183,153,116,81,57,77,8,16,0,0,0,0,0,0,1,3,4,4,5,4,4,5,5,5,5,6,6,4,3,2,1,0,919,112,194,6,4,2,2,2,6,18,42,52,53,61,58,55,59,61,63,67,74,69,51,41,29,18,11
3401100,충청남도, 천안시 동남구,18274,2626,3208,223,155,133,136,198,369,625,937,1064,1089,1130,1120,1091,1119,1139,1186,1215,1218,1093,897,763,592,462,331,13551,1950,2390,164,113,96,98,142,269,461,697,792,810,841,833,812,832,846,881,903,906,815,669,569,440,343,245,578,84,96,6,4,4,4,7,12,20,30,34,35,36,36,35,35,36,38,38,38,32,26,22,17,13,9,4145,592,722,53,38,33,34,49,88,144,210,238,244,253,251,244,252,257,267,274,274,246,202,172,135,106,77
3401200,충청남도, 천안시 서북구,17392,2613,3066,204,139,120,121,174,344,617,943,1053,1045,1065,1066,1023,1065,1086,1129,1160,1182,1057,827,702,555,424,302,13009,1959,2304,149,100,87,87,126,254,460,707,792,786,801,802,769,801,817,849,872,889,795,620,525,414,315,222,475,69,80,5,4,3,3,5,9,16,25,28,28,29,29,28,29,29,31,32,32,27,21,18,14,10,8,3908,585,682,50,35,30,31,43,81,141,211,233,231,235,235,226,235,240,249,256,261,235,186,159,127,99,72
3402000,충청남도, 공주시,7095,1051,1279,73,53,48,53,73,129,229,370,452,435,447,435,418,441,455,471,493,493,447,339,272,212,159,109,5020,750,910,52,38,34,38,51,91,164,265,321,309,317,309,298,314,323,334,349,349,318,243,196,153,115,78,215,30,35,2,1,1,1,2,4,7,10,13,13,13,13,12,13,14,14,15,14,12,9,7,5,4,3,1860,271,334,19,14,13,14,20,34,58,95,118,113,117,113,108,114,118,123,129,130,117,87,69,54,40,28
3403000,충청남도, 보령시,3739,432,677,45,33,30,32,39,57,98,147,187,211,243,247,243,249,257,262,269,263,234,180,153,119,89,65,2658,313,484,33,24,22,23,28,42,71,107,135,152,174,176,173,178,184,187,191,188,167,129,111,86,65,48,90,9,14,1,1,1,1,1,1,2,3,4,4,5,5,5,5,5,5,6,5,5,4,3,3,2,1,991,110,179,11,8,7,8,10,14,25,37,48,55,64,66,65,66,68,70,72,70,62,47,39,30,22,16
3404000,충청남도, 아산시,10670,1609,1940,90,58,49,55,100,223,402,576,631,649,684,660,642,679,697,726,744,746,666,528,419,304,211,141,8001,1211,1458,68,44,37,41,75,167,303,433,475,488,514,497,483,510,523,545,558,560,501,397,316,230,160,106,159,22,27,1,1,1,1,1,3,5,8,9,9,10,9,9,10,10,11,11,11,9,7,5,3,2,2,2510,376,455,21,13,11,13,24,53,94,135,147,152,160,154,150,159,164,170,175,175,156,124,98,71,49,33
3405000,충청남도, 서산시,6252,932,1123,56,41,39,46,57,106,233,333,366,369,397,401,386,396,423,436,452,442,393,288,227,170,123,83,4357,655,782,41,31,29,33,41,77,166,234,255,258,277,280,270,276,294,302,312,305,273,204,162,123,89,61,108,14,18,1,0,0,1,1,1,3,5,6,6,6,6,6,6,7,7,8,8,6,4,3,2,2,1,1787,263,323,14,10,10,12,15,28,64,94,105,105,114,115,110,114,122,127,132,129,114,80,62,45,32,21
3406000,충청남도, 논산시,6877,982,1282,77,56,49,53,69,114,202,352,428,419,437,421,400,420,437,449,472,498,448,336,269,213,158,110,4863,703,919,53,39,34,37,48,79,143,253,307,298,309,299,283,299,311,320,336,356,323,240,191,151,111,77,193,25,32,2,1,1,1,2,3,5,9,11,11,12,11,11,11,12,12,13,13,11,8,7,5,4,3,1821,254,331,22,16,14,15,19,32,54,90,110,110,116,111,106,110,114,117,123,129,114,88,71,57,43,30
3407000,충청남도, 계룡시,5391,869,1088,49,34,28,28,38,74,159,322,388,332,332,315,295,317,333,343,370,418,399,271,198,165,120,77,4199,684,851,40,28,23,23,31,59,127,254,303,259,258,246,231,248,259,267,288,325,312,214,157,132,96,62,98,14,18,0,0,0,0,0,1,2,5,7,6,6,5,5,5,6,6,6,7,7,4,3,2,2,1,1094,171,219,9,6,5,5,7,14,30,63,78,67,68,64,59,64,68,70,76,86,80,53,38,31,22,14
3408000,충청남도, 당진시,5182,691,909,56,41,39,46,56,101,174,243,274,318,338,337,327,325,343,355,370,350,311,248,200,151,111,80,3737,508,659,42,31,29,33,41,75,129,179,200,230,244,243,236,235,247,256,265,252,225,182,147,112,83,60,85,9,12,1,0,0,1,1,1,2,3,4,5,5,5,5,5,5,5,6,5,4,3,3,2,1,1,1360,174,238,13,10,10,12,14,25,43,61,70,83,89,89,86,85,91,94,99,93,82,63,50,37,27,19
3431000,충청남도, 금산군,3725,545,697,35,25,22,23,33,60,108,196,241,232,244,235,214,234,244,251,262,275,247,175,135,109,84,52,2741,407,514,28,20,17,18,26,46,82,147,178,172,179,172,158,172,179,184,192,201,182,131,102,83,65,41,115,15,20,1,1,1,1,1,2,3,5,7,6,7,7,6,7,7,7,7,8,7,5,4,3,2,1,869,123,163,6,4,4,4,6,12,23,44,56,54,58,56,50,55,58,60,63,66,58,39,29,23,17,10
3433000,충청남도, 부여군,2606,399,469,22,16,15,18,23,40,84,139,176,160,171,171,161,174,178,183,183,189,167,113,89,69,48,30,1889,293,344,17,12,11,14,17,29,61,102,130,117,125,125,118,128,131,134,134,139,122,83,65,51,35,23,66,9,10,0,0,0,0,0,1,2,3,4,4,4,4,4,4,4,4,4,4,4,2,2,1,1,0,651,97,115,5,4,4,4,6,10,21,34,42,39,42,42,39,42,43,45,45,46,41,28,22,17,12,7
3434000,충청남도, 서천군,3374,424,597,38,29,27,31,39,54,93,147,184,196,223,226,218,227,236,237,241,239,208,150,123,99,74,49,2390,308,425,28,21,21,23,29,40,68,107,133,140,159,161,155,162,167,168,171,169,149,107,89,72,54,36,91,9,15,1,1,0,1,1,1,2,3,4,5,5,5,5,5,6,6,6,6,5,4,3,2,2,1,893,107,157,9,7,6,7,9,13,23,37,47,51,59,60,58,60,63,63,64,64,54,39,31,25,18,12
3435000,충청남도, 청양군,2507,364,464,23,17,16,18,22,38,75,127,162,156,169,161,149,159,167,171,182,182,166,116,91,70,50,32,1804,266,336,18,14,13,14,17,29,56,93,117,113,122,116,108,115,121,124,131,131,120,85,68,52,38,25,49,6,8,0,0,0,0,0,0,1,2,3,3,3,3,3,3,3,3,3,3,3,2,1,1,0,0,654,92,120,5,3,3,4,5,9,18,32,42,40,44,42,38,41,43,44,48,48,43,29,22,17,12,7
3436000,충청남도, 홍성군,4543,586,836,44,32,30,35,43,71,128,203,255,273,300,299,287,295,306,315,335,327,294,215,174,132,95,66,3244,426,597,33,25,24,27,32,53,95,148,183,195,214,213,205,211,218,223,237,232,210,155,127,98,71,50,88,9,15,1,0,0,0,1,1,2,3,4,5,5,5,5,5,5,6,6,6,5,4,3,2,1,1,1211,151,224,10,7,6,8,10,17,31,52,68,73,81,81,77,79,83,86,92,89,79,56,44,32,23,15
3437000,충청남도, 예산군,4175,618,769,33,22,19,23,31,60,121,225,272,267,281,276,260,269,282,290,306,306,273,190,146,108,77,50,2987,449,550,26,18,15,18,25,47,91,163,195,191,200,197,186,192,201,206,216,216,195,139,108,82,59,39,66,8,11,0,0,0,0,0,0,1,3,4,4,4,4,4,4,4,4,5,5,4,2,2,1,0,0,1122,161,208,7,4,4,5,6,13,29,59,73,72,77,75,70,73,77,80,85,85,74,49,36,25,18,11
3438000,충청남도, 태안군,3408,466,621,28,20,19,22,28,54,106,161,199,206,223,228,219,228,239,246,253,245,220,156,120,92,65,43,2516,348,459,23,17,16,18,23,43,81,120,147,152,164,168,161,168,175,180,184,180,162,117,92,71,52,35,51,6,8,0,0,0,0,0,0,1,2,3,3,3,3,3,3,3,3,4,3,3,2,1,1,0,0,841,112,154,5,3,3,4,5,11,24,39,49,51,56,57,55,57,61,63,65,62,55,37,27,20,13,8
3501100,전라북도, 전주시 완산구,9091,1480,1861,55,37,31,34,49,96,244,552,684,567,583,558,508,570,604,631,692,769,696,396,284,220,152,92,6869,1124,1377,50,34,29,32,45,85,203,418,503,427,437,421,388,428,451,468,505,554,511,312,232,184,131,82,126,18,27,0,0,0,0,0,0,1,7,10,7,8,7,6,8,8,9,11,13,10,4,2,1,0,0,2096,338,457,5,3,2,2,4,11,40,127,171,133,138,130,114,134,145,154,176,202,175,80,50,35,21,10
3501200,전라북도, 전주시 덕진구,10627,1598,2094,81,57,49,54,75,128,283,582,733,658,692,664,609,671,710,742,806,860,764,470,353,277,196,125,7580,1147,1472,65,47,40,44,60,102,215,418,514,468,490,472,437,477,501,521,561,594,534,344,265,211,153,99,213,29,43,1,0,0,0,1,1,4,10,15,13,14,13,11,13,14,16,18,19,16,8,5,4,2,1,2834,422,579,15,10,9,10,14,25,64,154,204,177,188,179,161,181,195,205,227,247,214,118,83,62,41,25
3502000,전라북도, 군산시,5450,824,1056,46,33,30,34,43,71,153,299,372,324,350,342,318,348,366,374,396,423,390,243,182,148,107,70,4086,623,783,39,28,26,29,37,60,122,226,275,244,261,255,240,260,272,278,292,309,287,187,143,118,87,59,96,13,18,0,0,0,0,0,0,2,5,6,5,6,6,5,6,6,6,7,8,7,3,2,2,1,0,1268,188,255,7,5,4,5,6,11,29,68,91,75,83,81,73,82,88,90,97,106,96,53,37,28,19,11
3503000,전라북도, 익산시,5988,906,1140,56,40,35,38,51,85,171,329,406,367,386,369,343,370,389,403,429,454,411,275,213,170,126,84,4433,676,839,44,32,28,30,39,67,132,246,298,272,285,274,256,274,288,297,314,330,301,208,163,131,98,66,134,17,24,1,0,0,0,1,1,3,6,8,8,9,8,7,8,8,9,10,10,9,5,4,3,2,1,1421,213,277,11,8,7,8,11,17,36,77,100,87,92,87,80,88,93,97,105,114,101,62,46,36,26,17
3504000,전라북도, 정읍시,3603,519,662,41,29,25,26,35,54,100,187,232,226,234,224,204,216,235,243,266,266,234,162,129,108,80,58,2561,375,473,30,22,19,20,26,40,74,135,166,161,166,159,146,155,167,173,188,189,167,117,94,79,59,43,111,13,19,1,0,0,0,1,1,2,5,6,7,7,7,6,6,7,7,8,8,7,4,3,3,2,1,931,131,170,10,7,6,6,8,13,24,47,60,58,61,58,52,55,61,63,70,69,60,41,32,26,19,14
3505000,전라북도, 남원시,2232,322,408,20,14,13,15,20,34,66,112,144,141,154,149,135,145,151,156,160,164,146,98,74,60,43,29,1606,238,295,17,12,11,13,16,26,50,83,105,102,110,106,98,105,108,112,115,117,106,72,55,46,33,24,61,6,9,0,0,0,0,0,1,1,2,3,3,4,4,3,3,4,4,4,4,3,2,2,1,1,0,565,78,104,3,2,2,2,4,7,15,27,36,36,40,39,34,37,39,40,41,43,37,24,17,13,9,5
3506000,전라북도, 김제시,4860,750,941,46,33,28,30,39,65,139,279,332,295,307,299,273,300,317,324,346,374,345,222,171,138,101,70,3536,550,680,36,27,23,25,32,51,107,204,239,215,223,217,201,218,230,234,249,267,248,165,129,106,78,55,105,14,19,1,0,0,0,0,1,2,5,7,6,6,6,5,6,6,7,7,8,7,4,3,2,2,1,1219,186,242,9,6,5,5,7,13,30,70,86,74,78,76,67,76,81,83,90,99,90,53,39,30,21,14
3531000,전라북도, 완주군,5174,785,1009,43,30,27,31,43,72,147,282,356,318,334,323,297,325,342,350,377,407,369,233,174,138,100,65,3689,565,719,33,23,21,23,33,54,109,203,253,228,238,230,213,232,244,249,267,288,262,169,128,102,75,49,110,14,19,0,0,0,0,0,1,2,5,7,6,7,7,6,7,7,7,8,8,7,4,3,2,1,1,1375,206,271,10,7,6,8,10,17,36,74,96,84,89,86,78,86,91,94,102,111,100,60,43,34,24,15
3532000,전라북도, 진안군,1674,245,338,12,9,8,10,12,21,43,86,116,104,112,109,100,110,112,113,124,134,130,74,54,43,29,20,1196,182,246,9,7,6,8,9,16,32,64,86,76,81,78,72,80,81,82,90,97,95,54,39,31,22,15,39,3,7,0,0,0,0,0,0,0,1,2,2,2,2,2,2,2,2,2,3,3,1,1,1,0,0,439,60,85,3,2,2,2,3,5,11,21,28,26,29,29,26,28,29,29,32,34,32,19,14,11,7,5
3533000,전라북도, 무주군,2147,281,393,21,16,14,16,20,34,58,96,127,131,148,146,131,141,146,149,154,158,137,98,77,63,49,29,1572,210,289,17,14,12,14,16,26,44,72,94,96,108,107,96,104,107,110,113,115,101,73,58,48,38,23,71,9,12,0,0,0,0,0,1,2,3,4,4,4,4,4,4,4,4,4,5,4,3,2,2,1,1,504,62,92,4,2,2,2,4,7,12,21,29,31,36,35,31,33,35,35,37,38,32,22,17,13,10,5
3534000,전라북도, 장수군,1741,235,319,15,11,10,12,16,25,46,82,107,110,125,122,106,114,118,121,128,128,113,78,59,48,35,23,1179,164,220,11,8,8,9,12,18,32,57,75,75,85,84,72,78,81,83,88,88,78,54,41,34,24,17,51,5,8,0,0,0,0,0,0,1,2,2,3,3,3,3,3,3,3,3,3,3,2,1,1,1,0,511,66,91,4,3,2,3,4,7,13,23,30,32,37,35,31,33,34,35,37,37,32,22,17,13,10,6
3535000,전라북도, 임실군,2537,387,471,22,16,15,17,23,38,74,136,177,156,164,160,152,164,172,175,183,191,171,109,84,67,49,32,1821,284,341,17,12,12,13,17,29,55,100,129,113,119,115,110,119,124,127,132,138,124,79,62,49,36,24,53,6,8,0,0,0,0,0,0,1,2,3,3,3,3,3,3,3,3,3,3,3,2,1,1,1,0,663,97,122,5,4,3,4,6,9,18,34,45,40,42,42,39,42,45,45,48,50,44,28,21,17,12,8
3536000,전라북도, 순창군,1423,223,269,10,7,6,7,9,18,42,80,101,92,99,96,86,93,98,100,105,111,98,60,43,34,23,15,1088,174,208,9,7,6,7,8,15,34,62,78,71,75,74,67,72,76,77,80,85,76,47,35,28,20,13,30,2,4,0,0,0,0,0,0,0,1,1,1,2,1,1,1,1,2,2,2,1,1,0,0,0,0,305,47,57,1,0,0,0,1,3,8,17,22,20,22,21,18,20,21,21,23,24,21,12,8,6,3,2
3537000,전라북도, 고창군,2606,331,470,28,22,18,19,24,39,71,113,147,156,172,176,161,175,184,186,187,187,163,120,95,76,56,43,1840,242,333,22,18,15,15,19,30,53,83,106,110,121,124,114,123,130,131,132,132,115,86,69,56,42,32,68,6,11,0,0,0,0,0,0,1,2,3,4,4,4,4,4,4,4,4,4,4,3,2,1,1,1,698,83,126,6,4,3,4,5,9,17,28,38,42,47,48,43,48,50,51,51,51,44,31,24,19,13,10
3538000,전라북도, 부안군,2148,277,395,23,17,15,16,20,30,56,96,125,126,139,144,133,143,154,154,157,159,139,97,77,60,45,33,1561,208,290,18,14,12,13,16,24,43,72,93,93,101,105,97,104,112,112,114,116,102,72,58,45,34,26,51,5,8,0,0,0,0,0,0,1,2,2,2,3,3,3,3,3,3,3,3,3,2,1,1,1,0,536,64,97,5,3,3,3,4,6,12,22,30,31,35,36,33,36,39,39,40,40,34,23,18,14,10,7
3601000,전라남도, 목포시,8369,1239,1848,33,21,15,14,22,58,186,459,594,540,585,525,454,566,607,617,680,809,688,351,215,162,117,62,6220,914,1403,19,13,9,9,13,36,128,339,447,405,440,393,337,426,459,467,518,623,525,255,150,110,76,38,111,13,28,0,0,0,0,0,0,0,5,8,6,8,6,4,7,8,8,10,14,11,3,1,0,0,0,2038,312,417,14,8,6,5,9,22,58,115,139,129,137,126,113,133,140,142,152,172,152,93,64,52,41,24
3602000,전라남도, 여수시,5895,835,1175,36,22,18,21,32,59,164,322,349,346,407,403,358,378,419,433,448,492,426,257,191,151,112,64,4516,648,901,30,18,15,18,27,48,130,249,269,266,311,308,275,289,320,331,341,374,327,200,151,120,90,52,64,7,11,0,0,0,0,0,0,1,3,3,3,4,4,3,4,4,4,5,5,4,2,1,1,0,0,1315,180,263,6,4,3,3,5,11,33,70,77,77,92,91,80,85,95,98,102,113,95,55,39,30,22,12
3603000,전라남도, 순천시,4851,673,937,34,24,20,24,35,62,129,247,297,301,343,330,296,316,335,348,360,388,338,211,156,123,89,56,3373,474,651,27,19,16,19,27,46,93,174,207,209,237,229,206,220,232,241,248,267,234,150,112,89,66,42,93,11,16,0,0,0,0,0,1,2,4,5,5,6,6,5,5,6,6,7,7,6,3,2,2,1,1,1385,188,270,7,5,4,5,8,15,34,69,85,87,100,95,85,91,97,101,105,114,98,58,42,32,22,13
3604000,전라남도, 나주시,4442,732,881,26,17,13,13,22,53,133,275,324,294,303,280,248,285,302,309,327,364,325,192,130,102,73,43,3402,559,679,22,15,11,11,19,43,104,209,246,225,231,215,191,219,231,237,251,279,250,150,103,81,58,36,85,13,16,0,0,0,0,0,0,2,5,6,5,6,5,4,5,6,6,6,7,6,3,1,1,1,0,955,160,186,4,2,2,2,3,10,27,61,72,64,66,60,53,61,65,66,70,78,69,39,26,20,14,7
3606000,전라남도, 광양시,4439,642,854,34,23,19,24,38,66,126,238,278,272,313,298,266,277,294,308,318,346,314,194,148,116,85,55,2879,421,556,22,15,12,16,26,45,83,156,182,176,203,193,173,180,192,201,207,225,204,127,97,76,57,37,209,31,36,5,4,4,4,4,5,8,11,12,12,12,12,11,12,12,12,13,13,13,10,9,8,6,5,1351,190,262,7,4,3,4,8,16,35,71,84,84,98,93,82,85,90,95,98,108,97,57,42,32,22,13
3631000,전라남도, 담양군,4747,775,927,35,23,19,20,28,58,137,285,353,301,315,295,267,298,311,323,341,373,340,214,153,125,89,57,3440,569,673,27,18,15,16,21,44,102,209,258,218,228,215,194,217,226,234,247,269,247,157,114,93,67,43,111,17,19,1,0,0,0,1,1,3,6,8,7,7,6,6,6,7,7,7,8,7,4,3,3,2,1,1196,189,235,7,5,4,4,6,13,32,70,87,76,80,74,67,75,78,82,87,96,86,53,36,29,20,13
3632000,전라남도, 곡성군,3044,444,575,23,16,14,16,23,44,83,162,199,195,215,203,184,197,204,214,222,237,204,134,97,77,56,38,2092,312,391,19,13,12,13,19,34,61,113,138,134,147,139,127,136,140,146,150,159,138,94,70,56,42,29,81,11,13,0,0,0,0,0,1,2,4,5,5,5,5,4,4,5,5,5,5,5,3,2,2,1,1,871,121,171,4,3,2,3,4,9,20,45,56,56,63,59,53,57,59,63,67,73,61,37,25,19,13,8
3633000,전라남도, 구례군,2448,321,438,23,17,15,18,24,37,65,109,147,150,169,168,155,165,174,177,176,177,154,107,83,67,50,32,1776,239,318,19,14,12,15,19,29,50,81,108,109,123,122,113,120,126,128,127,127,112,79,62,51,38,25,55,6,9,0,0,0,0,0,0,1,2,3,3,3,3,3,3,4,4,4,4,3,2,1,1,1,0,617,76,111,4,3,3,3,5,8,14,26,36,38,43,43,39,42,44,45,45,46,39,26,20,15,11,7
3635000,전라남도, 고흥군,1541,233,286,9,6,6,6,9,20,43,86,104,100,109,106,98,106,110,113,115,122,105,59,44,36,24,15,1157,180,217,8,6,6,6,8,17,35,66,79,76,81,79,74,79,82,84,86,91,80,46,36,29,20,13,28,2,4,0,0,0,0,0,0,0,1,1,1,2,2,1,2,2,2,2,2,1,1,0,0,0,0,356,51,65,1,0,0,0,1,3,8,19,24,23,26,25,23,25,26,27,27,29,24,12,8,7,4,2
3636000,전라남도, 보성군,1977,293,371,12,9,7,8,13,26,57,107,129,129,143,136,125,134,139,143,149,158,133,80,57,44,30,19,1440,218,273,10,8,6,7,11,21,44,79,95,94,104,99,91,98,102,105,109,116,97,60,44,34,24,16,35,3,5,0,0,0,0,0,0,0,1,2,2,2,2,2,2,2,2,2,2,2,1,0,0,0,0,502,72,93,2,1,1,1,2,5,13,27,32,33,37,35,32,34,35,36,38,40,34,19,13,10,6,3
3637000,전라남도, 화순군,2344,383,440,13,9,7,8,12,27,67,143,173,156,167,159,142,157,163,167,176,189,158,93,64,51,35,21,1790,297,338,11,8,6,7,10,22,54,110,133,120,128,122,109,120,125,128,135,144,121,73,51,41,29,17,34,4,5,0,0,0,0,0,0,0,2,2,2,2,2,2,2,2,2,2,2,2,1,0,0,0,0,520,82,97,2,1,1,1,2,5,13,31,38,34,37,35,31,35,36,37,39,43,35,19,13,10,6,4
3638000,전라남도, 장흥군,1451,219,275,8,6,5,5,9,18,42,78,99,95,103,99,92,100,104,106,109,117,99,59,42,32,22,13,1044,160,202,7,5,4,4,7,14,31,57,72,69,75,72,67,73,76,77,80,86,72,44,32,24,17,10,22,2,2,0,0,0,0,0,0,0,1,1,1,1,1,1,1,1,1,1,1,1,0,0,0,0,0,385,57,71,1,1,1,1,2,4,11,20,26,25,27,26,24,26,27,28,28,30,26,15,10,8,5,3
3639000,전라남도, 강진군,2637,386,492,16,11,9,10,17,34,75,136,175,172,185,181,166,184,194,196,196,206,179,107,74,59,41,26,1936,286,365,13,9,8,8,14,26,56,101,129,127,136,133,122,136,144,145,145,152,133,80,55,45,31,20,49,6,8,0,0,0,0,0,0,1,2,3,3,3,3,3,3,3,3,3,4,3,1,1,0,0,0,652,94,119,3,2,1,2,3,8,18,33,43,42,46,45,41,45,47,48,48,50,43,26,18,14,10,6
3640000,전라남도, 해남군,2357,349,462,13,8,6,7,10,25,61,127,161,155,166,159,142,164,175,174,177,195,170,97,64,52,37,22,1693,253,338,9,5,4,5,7,17,43,92,118,113,121,116,103,120,128,128,130,144,125,69,45,37,26,15,37,3,6,0,0,0,0,0,0,0,1,2,2,2,2,2,2,3,2,3,3,2,1,0,0,0,0,627,93,118,4,3,2,2,3,8,18,34,41,40,43,41,37,42,44,44,44,48,43,27,19,15,11,7
3641000,전라남도, 영암군,3327,496,671,19,13,10,10,16,37,90,180,226,215,231,218,196,225,239,243,251,283,248,140,93,73,52,31,2464,369,503,15,11,8,8,13,28,67,134,168,160,171,162,145,168,178,181,187,212,186,105,69,55,39,23,54,6,10,0,0,0,0,0,0,1,2,3,3,4,3,3,3,4,4,4,5,4,1,1,0,0,0,809,121,158,4,2,2,2,3,9,22,44,55,52,56,53,48,54,57,58,60,66,58,34,23,18,13,8
3642000,전라남도, 무안군,3626,540,716,26,19,14,14,21,44,96,196,248,233,245,232,209,241,252,255,269,297,261,158,111,87,68,42,2680,401,533,20,15,11,11,16,33,72,145,184,173,182,172,156,179,188,189,200,221,194,118,82,65,51,32,81,10,16,0,0,0,0,0,0,1,4,5,5,5,5,4,5,5,6,6,7,6,3,2,1,1,0,865,129,167,6,4,3,3,5,11,23,47,59,55,58,55,49,57,59,60,63,69,61,37,27,21,16,10
3643000,전라남도, 함평군,3167,500,623,25,17,13,12,18,39,92,184,224,200,205,198,177,203,213,216,228,249,226,148,103,83,64,40,2425,389,478,21,15,11,10,15,33,74,143,172,154,157,151,137,155,163,165,174,190,173,115,81,66,51,33,69,8,13,0,0,0,0,0,0,1,3,4,4,4,4,3,4,4,4,5,5,5,3,2,1,1,0,673,103,132,4,2,2,2,3,6,17,38,48,42,44,43,37,44,46,47,49,54,48,30,20,16,12,7
3644000,전라남도, 영광군,2655,416,521,23,16,13,13,17,32,78,151,187,164,169,165,147,169,177,180,188,206,188,127,91,74,56,37,2045,326,402,20,14,12,12,15,27,63,118,145,127,130,127,114,130,135,137,144,158,145,99,72,59,46,31,43,6,8,0,0,0,0,0,0,1,2,3,2,2,2,2,2,3,3,3,3,3,2,1,1,0,0,567,84,111,3,2,1,1,2,5,14,31,39,35,37,36,31,37,39,40,41,45,40,26,18,14,10,6
3645000,전라남도, 장성군,4758,679,869,54,40,34,35,45,72,133,248,298,303,316,303,269,292,314,321,336,348,305,216,169,139,104,76,3296,476,606,39,28,25,25,32,51,94,174,208,210,219,210,188,204,218,223,233,242,213,151,118,97,73,54,153,19,26,1,1,0,1,1,2,3,7,9,10,10,10,8,9,10,10,11,11,9,6,5,4,3,2,1309,184,237,14,11,9,9,12,19,36,67,81,83,87,83,73,79,86,88,92,95,83,59,46,38,28,20
3646000,전라남도, 완도군,1545,223,282,9,6,5,5,9,19,41,79,103,102,109,110,100,111,119,118,114,117,103,62,41,35,24,15,1083,159,202,6,4,4,4,6,13,29,56,74,73,78,79,72,80,85,84,82,84,74,44,29,25,17,11,24,2,3,0,0,0,0,0,0,0,1,1,1,1,1,1,1,2,2,1,2,1,0,0,0,0,0,438,62,77,3,2,1,1,3,6,12,22,28,28,30,30,27,30,32,32,31,31,28,18,12,10,7,4
3647000,전라남도, 진도군,1203,186,242,7,4,3,3,5,11,31,66,89,80,84,79,71,83,88,88,91,103,89,50,34,26,19,11,898,142,184,6,4,3,3,5,9,24,50,68,61,64,60,54,63,67,67,69,78,68,38,26,20,15,9,11,0,1,0,0,0,0,0,0,0,0,0,0,0,0,0,0,0,0,0,1,0,0,0,0,0,0,294,44,57,1,0,0,0,0,2,7,16,21,19,20,19,17,20,21,21,22,24,21,12,8,6,4,2
3648000,전라남도, 신안군,2288,351,463,13,9,7,7,10,23,61,128,162,149,159,148,131,155,163,163,174,198,170,95,65,50,37,22,1579,245,328,8,5,4,4,6,14,41,89,115,105,112,104,91,109,115,115,124,142,121,65,43,33,24,14,20,2,3,0,0,0,0,0,0,0,1,1,1,1,1,1,1,1,1,1,2,1,0,0,0,0,0,689,104,132,5,4,3,3,4,9,20,38,46,43,46,43,39,45,47,47,49,54,48,30,22,17,13,8
3701100,경상북도, 포항시 남구,6111,999,1222,33,22,17,18,28,63,169,385,445,380,406,400,366,392,426,440,466,519,446,257,172,128,88,55,4922,809,978,30,20,16,17,26,56,143,311,355,307,326,322,296,316,341,351,371,410,356,212,145,110,77,49,60,8,11,0,0,0,0,0,0,1,3,4,3,4,3,3,3,4,4,4,5,4,2,1,0,0,0,1129,182,233,3,2,1,1,2,7,25,71,86,70,76,75,67,73,81,85,91,104,86,43,26,18,11,6
3701200,경상북도, 포항시 북구,5690,896,1129,28,19,16,17,25,54,148,345,403,359,393,386,348,370,404,419,440,480,408,241,157,116,78,47,4458,709,877,25,17,15,15,22,47,123,272,314,282,306,302,274,290,314,325,339,366,317,194,130,97,67,41,85,12,17,0,0,0,0,0,0,1,5,6,5,6,5,5,5,6,6,7,8,6,3,1,1,0,0,1147,175,235,3,2,1,2,3,7,24,68,83,72,81,79,69,75,84,88,94,106,85,44,26,18,11,6
3702000,경상북도, 경주시,6497,1029,1227,55,36,27,29,42,90,213,392,424,402,433,411,386,406,435,441,464,501,430,296,219,169,123,82,4844,773,910,46,31,23,25,35,72,165,293,315,299,321,305,288,302,322,326,341,367,318,225,169,132,97,66,112,16,19,0,0,0,0,0,1,3,6,7,6,7,7,6,6,7,7,8,8,7,4,3,2,2,1,1541,240,298,9,5,4,4,7,17,45,93,102,97,105,99,92,98,106,108,115,126,105,67,47,35,24,15
3703000,경상북도, 김천시,4164,574,771,52,39,34,38,52,79,128,206,240,236,255,252,236,250,265,271,287,298,271,202,164,135,106,77,2863,405,531,36,28,24,27,36,56,91,146,168,165,176,174,164,172,183,186,197,204,187,140,114,94,74,54,84,9,15,1,0,0,0,1,1,2,3,4,4,5,5,4,5,5,5,5,6,5,4,3,2,2,1,1217,160,225,15,11,10,11,15,22,35,57,68,67,74,73,68,73,77,80,85,88,79,58,47,39,30,22
3704000,경상북도, 안동시,2702,396,505,20,14,11,12,18,37,78,138,180,170,186,183,168,179,187,190,201,201,184,120,88,68,49,31,1939,289,365,16,12,9,10,15,28,58,101,130,123,134,132,121,129,135,137,145,144,133,88,64,51,37,23,58,6,9,0,0,0,0,0,1,1,2,3,3,3,3,3,3,3,3,3,4,3,2,2,1,1,1,705,101,131,4,2,2,2,3,8,19,35,47,44,49,48,44,47,49,50,53,53,48,30,22,16,11,7
3705000,경상북도, 구미시,9136,1366,1715,101,73,63,67,92,155,290,502,574,549,579,561,514,544,581,593,641,682,598,435,335,267,204,148,6626,1000,1241,77,55,48,51,70,117,217,367,416,398,418,406,374,395,419,428,460,488,433,320,249,200,154,112,160,21,29,1,1,1,1,1,2,4,8,9,9,10,9,8,9,10,10,11,12,10,7,5,4,3,2,2350,345,445,23,17,14,15,21,36,69,127,149,142,151,146,132,140,152,155,170,182,155,108,81,63,47,34
3706000,경상북도, 영주시,2345,325,413,19,14,11,13,18,35,68,112,145,145,167,165,152,159,167,171,171,165,146,102,78,60,43,29,1649,232,294,14,10,9,10,13,26,49,80,103,103,119,117,108,113,118,121,121,117,104,73,56,43,32,21,72,9,11,1,1,0,1,1,1,2,3,4,4,4,4,4,4,4,4,4,4,4,3,2,2,1,1,624,84,108,4,3,2,2,4,8,17,29,38,38,44,44,40,42,45,46,46,44,38,26,20,15,10,7
3707000,경상북도, 영천시,6764,1042,1247,63,45,38,41,57,107,226,390,426,423,447,432,397,418,446,453,476,501,435,311,233,181,135,94,4920,763,903,50,36,30,33,45,82,169,285,309,306,323,312,289,303,322,327,342,359,315,229,174,137,104,73,133,19,23,1,1,1,1,1,2,4,7,8,8,8,8,7,8,8,8,9,9,8,6,4,3,2,2,1711,260,321,12,8,7,7,11,23,53,98,109,109,116,112,101,107,116,118,125,133,112,76,55,41,29,19
3708000,경상북도, 상주시,5329,724,910,84,63,56,58,76,117,178,254,292,303,326,328,310,319,332,334,346,346,312,252,214,179,147,115,3538,488,609,56,42,38,39,50,78,120,171,197,203,218,219,207,214,223,223,231,232,209,168,143,120,98,76,131,16,21,2,1,1,1,2,3,4,6,6,7,7,7,7,7,7,8,8,8,7,6,5,4,3,3,1660,220,280,26,20,17,18,24,36,54,77,89,93,101,102,96,98,102,103,107,106,96,78,66,55,46,36
3709000,경상북도, 문경시,3228,453,537,52,40,35,34,44,69,108,158,187,186,204,205,191,193,200,201,207,201,186,150,127,106,86,70,2208,316,371,36,27,25,24,30,48,75,111,130,129,141,142,132,133,138,139,143,139,128,104,88,73,59,48,74,9,11,1,1,0,0,1,1,2,3,4,4,4,4,4,4,4,4,4,4,4,3,2,2,2,1,946,128,155,15,12,10,10,13,20,31,44,53,53,59,59,55,56,58,58,60,58,54,43,37,31,25,21
3710000,경상북도, 경산시,9021,1569,1595,90,75,62,67,91,163,332,588,649,597,599,555,505,531,568,577,604,641,560,394,286,224,163,111,7075,1226,1248,77,65,54,58,77,134,265,457,504,465,466,434,397,415,442,449,468,496,438,314,230,182,135,94,122,19,20,1,1,1,1,1,2,4,7,8,7,7,7,6,7,7,7,8,8,7,5,4,3,2,1,1824,324,327,12,9,7,8,13,27,63,124,137,125,126,114,102,109,119,121,128,137,115,75,52,39,26,16
3731000,경상북도, 군위군,4792,666,857,58,44,37,38,51,85,152,240,274,287,313,307,290,300,313,319,333,338,299,220,173,142,109,82,3290,465,589,43,33,27,28,38,61,107,167,191,197,214,210,199,206,214,218,227,231,206,152,120,100,77,59,111,13,18,1,1,1,1,1,2,3,5,5,6,7,6,6,6,7,7,7,7,6,5,4,3,2,2,1391,188,250,14,10,9,9,12,22,42,68,78,84,92,91,85,88,92,94,99,100,87,63,49,39,30,21
3732000,경상북도, 의성군,2118,309,390,19,14,12,12,18,34,66,110,133,130,142,138,130,138,144,145,153,154,140,96,73,58,43,29,1524,226,284,15,12,10,10,15,26,49,80,97,94,103,100,94,100,104,105,110,112,102,70,54,43,33,23,44,5,6,0,0,0,0,0,1,1,2,2,2,2,2,2,2,2,2,2,2,2,2,1,1,1,0,550,78,100,4,2,2,2,3,7,16,28,34,34,37,36,34,36,38,38,41,40,36,24,18,14,9,6
3733000,경상북도, 청송군,1173,171,215,8,6,5,5,8,17,34,59,78,77,82,82,76,81,84,83,85,86,79,50,37,29,20,13,835,125,156,6,5,4,4,7,13,26,43,56,56,59,59,55,59,61,60,62,62,57,37,28,22,15,10,22,2,2,0,0,0,0,0,0,0,1,1,1,1,1,1,1,1,1,1,1,1,0,0,0,0,0,316,44,57,2,1,1,1,1,4,8,15,21,20,22,22,20,21,22,22,22,23,21,13,9,7,5,3
3734000,경상북도, 영양군,534,79,105,4,2,2,2,4,8,15,25,39,34,36,36,34,37,38,37,40,39,41,25,18,14,9,5,390,60,79,4,2,2,2,4,7,12,19,29,26,27,27,26,28,29,28,30,29,31,19,14,11,7,4,3,0,0,0,0,0,0,0,0,0,0,0,0,0,0,0,0,0,0,0,0,0,0,0,0,0,0,141,19,26,0,0,0,0,0,1,3,6,10,8,9,9,8,9,9,9,10,10,10,6,4,3,2,1
3735000,경상북도, 영덕군,2118,290,388,18,13,11,11,17,31,61,101,128,127,142,145,138,145,153,154,158,157,137,94,70,55,39,27,1643,229,302,16,12,10,10,15,27,50,79,100,99,110,112,107,112,118,119,122,121,106,75,57,45,33,23,46,5,7,0,0,0,0,0,0,1,2,2,2,3,3,3,3,3,3,3,3,3,1,1,1,0,0,429,56,79,2,1,1,1,2,4,10,20,26,26,29,30,28,30,32,32,33,33,28,18,12,9,6,4
3736000,경상북도, 청도군,3046,499,499,29,24,21,24,38,71,124,176,199,196,201,188,182,194,205,208,211,204,172,123,96,75,57,39,2252,369,370,24,21,18,21,31,55,93,130,146,144,148,140,135,143,151,153,155,150,128,92,73,58,44,32,52,8,7,0,0,0,0,0,1,2,3,3,3,3,3,3,3,3,3,3,3,2,2,1,1,1,0,742,122,122,5,3,3,3,7,15,29,43,50,49,50,45,44,48,51,52,53,51,42,29,22,16,12,7
3737000,경상북도, 고령군,4677,707,846,53,40,33,36,52,86,161,261,285,284,310,297,269,281,294,299,310,329,296,221,172,139,104,75,3040,473,550,37,28,23,25,36,58,109,175,189,186,201,193,175,183,191,194,201,213,193,144,113,92,69,50,109,14,18,1,1,1,1,1,2,3,5,6,6,6,6,6,6,6,6,6,7,6,5,4,3,2,2,1528,220,278,15,11,9,10,15,26,49,81,90,92,103,98,88,92,97,99,103,109,97,72,55,44,33,23
3738000,경상북도, 성주군,3918,537,705,56,43,37,39,56,80,124,196,217,215,240,238,221,235,243,247,255,267,245,193,162,135,105,80,2557,365,464,36,28,24,25,36,52,83,134,148,144,158,156,145,154,159,162,167,176,162,126,105,88,67,52,74,8,11,1,1,1,1,1,1,2,3,3,3,4,4,4,4,4,4,4,4,4,3,3,2,2,1,1287,164,230,19,14,12,13,19,27,39,59,66,68,78,78,72,77,80,81,84,87,79,64,54,45,36,27
3739000,경상북도, 칠곡군,13355,2215,2442,146,113,94,101,137,237,479,839,897,825,848,807,733,782,825,840,898,962,864,616,473,371,278,199,9429,1562,1717,111,88,73,78,104,175,345,589,628,579,595,568,518,551,579,589,628,671,607,439,341,269,204,148,260,42,45,2,1,1,1,2,4,9,16,17,16,16,15,14,15,16,16,17,18,16,11,8,7,5,3,3666,611,680,33,24,20,22,31,58,125,234,252,230,237,224,201,216,230,235,253,273,241,166,124,95,69,48
3740000,경상북도, 예천군,1961,314,364,14,10,8,8,12,25,60,109,145,124,132,132,121,132,136,135,140,147,133,84,62,48,34,22,1406,229,263,11,9,7,7,10,20,45,80,104,90,95,95,88,96,98,97,101,106,95,62,46,37,26,18,31,3,5,0,0,0,0,0,0,0,1,2,1,2,2,1,1,2,2,2,2,2,1,1,0,0,0,524,82,96,3,1,1,1,2,5,15,28,39,33,35,35,32,35,36,36,37,39,36,21,15,11,8,4
3741000,경상북도, 봉화군,1028,146,184,8,6,5,5,9,15,30,50,66,66,74,72,67,71,74,75,75,75,65,44,32,24,18,12,765,112,139,7,5,5,5,8,12,24,39,49,50,55,54,50,53,55,56,56,56,49,34,25,19,15,10,15,1,2,0,0,0,0,0,0,0,0,1,1,1,1,1,1,1,1,1,1,1,0,0,0,0,0,248,33,43,1,1,0,0,1,3,6,11,16,15,18,17,16,17,18,18,18,18,15,10,7,5,3,2
3742000,경상북도, 울진군,2232,300,415,18,12,11,11,16,30,61,101,138,131,148,153,149,158,167,166,168,168,150,97,72,56,39,26,1734,237,324,16,10,10,10,14,25,49,80,108,103,116,119,117,123,130,129,130,130,117,77,58,46,32,22,42,4,6,0,0,0,0,0,0,1,1,2,2,2,3,2,3,3,3,3,3,2,1,1,0,0,0,456,59,85,2,2,1,1,2,5,11,20,28,26,30,31,30,32,34,34,35,35,31,19,13,10,7,4
3743000,경상북도, 울릉군,732,93,139,3,2,2,2,3,7,16,30,47,46,53,55,52,56,61,60,62,61,50,28,19,13,9,5,534,71,106,3,2,2,2,3,6,12,23,36,35,41,42,40,43,47,46,48,47,38,21,15,10,7,4,16,0,0,0,0,0,0,0,0,0,0,0,0,0,0,0,0,0,0,0,0,0,0,0,0,0,0,182,22,33,0,0,0,0,0,1,4,7,11,11,12,13,12,13,14,14,14,14,12,7,4,3,2,1
3803000,경상남도, 진주시,5715,906,1053,46,31,26,31,50,94,190,343,373,358,390,377,339,354,367,380,399,423,374,256,194,148,110,72,3972,633,735,33,21,17,21,35,68,136,238,259,247,268,260,235,247,256,265,277,292,261,182,140,107,81,53,132,19,21,5,5,5,5,5,4,5,7,7,7,7,7,7,7,7,7,8,8,7,6,5,5,4,4,1611,254,297,8,5,4,5,10,22,49,98,107,104,115,110,97,100,104,108,114,123,106,68,49,36,25,15
3805000,경상남도, 통영시,3828,596,729,30,19,17,19,28,56,134,218,244,240,257,250,237,244,255,265,274,300,266,163,118,93,68,44,2924,463,552,27,18,17,18,26,49,110,168,185,182,193,188,179,184,192,199,204,222,200,130,97,79,58,39,114,16,19,1,0,0,0,0,1,3,6,7,7,7,7,7,7,7,7,8,8,7,4,3,2,2,1,790,117,158,2,1,0,1,2,6,21,44,52,51,57,55,51,53,56,59,62,70,59,29,18,12,8,4
3806000,경상남도, 사천시,4062,616,741,34,23,19,23,39,70,131,231,254,250,284,273,248,253,265,273,283,297,264,180,139,107,78,53,2823,429,523,24,15,13,15,28,50,93,160,176,172,193,187,172,177,184,190,198,208,186,129,101,78,57,39,108,14,17,5,6,5,6,4,4,4,5,5,5,6,6,5,5,6,6,6,6,6,5,4,4,4,4,1131,173,201,5,2,1,2,7,16,34,66,73,73,85,80,71,71,75,77,79,83,72,46,34,25,17,10
3807000,경상남도, 김해시,13439,2370,2376,114,77,62,68,110,255,567,899,904,869,892,821,739,790,844,876,917,957,824,595,469,362,265,174,9809,1727,1727,90,60,49,54,86,197,425,650,652,629,642,596,541,576,612,633,661,686,598,443,355,277,205,136,244,40,40,4,4,3,3,4,6,10,15,15,14,15,13,12,13,14,15,15,16,14,10,8,7,6,5,3386,603,609,20,13,10,11,20,52,132,234,237,226,235,212,186,201,218,228,241,255,212,142,106,78,54,33
3808000,경상남도, 밀양시,4397,716,744,40,29,25,30,51,99,176,257,283,279,287,266,258,276,293,301,309,302,253,189,147,115,86,57,3248,530,553,33,24,21,25,41,76,133,189,208,205,211,196,190,203,215,221,226,222,188,143,112,89,68,46,87,13,12,0,0,0,0,1,2,3,5,5,5,5,5,5,5,5,5,5,5,4,3,3,2,1,1,1062,173,179,7,5,4,5,9,21,40,63,70,69,71,65,63,68,73,75,78,75,61,43,32,24,17,10
3809000,경상남도, 거제시,6218,1016,1219,41,26,21,23,35,82,226,377,413,395,413,394,365,387,410,423,445,493,449,277,198,158,111,67,5057,834,976,40,26,21,23,34,76,195,307,332,318,330,317,296,313,328,337,352,385,357,234,173,141,102,63,118,16,23,0,0,0,0,0,1,3,6,7,7,8,7,7,7,8,8,9,10,9,4,3,2,1,1,1043,166,220,1,0,0,0,1,5,28,64,74,70,75,70,62,67,74,78,84,98,83,39,22,15,8,3
3810000,경상남도, 양산시,12518,2183,2370,96,66,53,55,85,204,487,831,865,810,824,765,686,733,795,819,865,960,839,571,414,321,234,152,9563,1667,1787,83,57,46,47,73,170,387,628,652,612,621,581,527,560,601,618,648,708,631,448,334,264,196,129,215,35,39,2,2,2,2,2,4,8,13,14,13,13,12,11,12,13,13,14,16,14,9,7,5,4,3,2740,481,544,11,7,5,6,10,30,92,190,199,185,190,172,148,161,181,188,203,236,194,114,73,52,34,20
3811100,경상남도, 창원시 의창구,13670,2313,2600,100,64,48,52,83,192,485,912,916,875,923,867,757,804,861,902,970,1055,915,630,490,364,255,162,10540,1791,1994,84,54,40,43,68,160,394,697,700,668,698,660,587,622,662,691,736,793,700,501,398,300,213,136,129,18,22,2,1,1,1,2,2,4,7,7,7,8,7,6,7,7,7,8,9,8,5,4,3,3,2,3001,504,584,14,9,7,8,13,30,87,208,209,200,217,200,164,175,192,204,226,253,207,124,88,61,39,24
3811200,경상남도, 창원시 성산구,12436,2184,2378,79,49,38,39,64,166,460,859,865,807,846,782,684,733,788,826,890,970,842,566,432,316,216,132,9886,1723,1866,74,47,37,38,60,150,383,667,673,633,658,615,549,583,621,649,692,744,658,464,365,274,191,121,111,19,22,0,0,0,0,0,0,3,8,8,7,8,7,5,6,7,7,8,10,8,4,2,1,1,0,2439,442,490,5,2,1,1,4,16,74,184,184,167,180,160,130,144,160,170,190,216,176,98,65,41,24,11
3811300,경상남도, 창원시 마산합포구,6482,1111,1229,46,30,24,25,40,95,233,432,446,416,441,412,366,388,417,433,460,505,439,285,212,159,115,73,4948,848,930,41,27,22,23,36,81,187,326,335,315,331,312,281,296,316,326,345,375,331,224,172,131,97,64,105,17,19,0,0,0,0,0,1,3,7,7,6,7,6,5,6,6,7,7,8,7,4,2,2,1,0,1429,246,280,5,3,2,2,4,13,43,99,104,95,103,94,80,86,95,100,108,122,101,57,38,26,17,9
3811400,경상남도, 창원시 마산회원구,14962,2637,2805,102,66,51,57,92,207,532,1069,1036,988,1079,994,817,858,920,963,1040,1148,996,661,503,369,260,165,10640,1866,1976,86,56,44,48,77,168,401,744,721,690,743,693,583,611,650,676,724,790,699,487,383,288,208,136,259,42,47,3,3,2,3,3,4,8,17,17,16,18,16,13,14,15,16,18,20,17,10,8,6,5,4,4063,729,782,13,7,5,6,12,35,123,308,298,282,318,285,221,233,255,271,298,338,280,164,112,75,47,25
3811500,경상남도, 창원시 진해구,9793,1865,1908,77,47,36,39,62,153,427,738,700,593,602,557,511,555,590,611,658,755,687,466,352,272,193,125,7534,1413,1448,68,42,33,35,55,129,335,551,527,453,459,428,396,427,453,467,499,565,519,364,282,221,161,107,113,21,23,0,0,0,0,0,1,4,9,8,7,7,6,5,6,6,7,8,10,8,5,3,2,1,0,2146,431,437,9,5,3,4,7,23,88,178,165,133,136,123,110,122,131,137,151,180,160,97,67,49,31,18
3831000,경상남도, 의령군,1246,211,222,9,6,5,5,9,19,43,78,90,79,85,85,77,84,85,85,88,91,80,51,39,30,21,14,936,162,170,8,6,5,5,8,16,35,59,68,60,64,64,58,63,64,64,66,68,61,41,32,25,18,12,22,2,2,0,0,0,0,0,0,0,1,1,1,1,1,1,1,1,1,1,1,1,0,0,0,0,0,288,47,50,1,0,0,0,1,3,8,18,21,18,20,20,18,20,20,20,21,22,18,10,7,5,3,2
3832000,경상남도, 함안군,10086,1582,1825,89,63,51,60,97,183,351,605,626,638,687,657,589,605,633,666,693,735,635,455,359,275,204,139,6704,1056,1228,59,40,31,38,64,123,236,404,416,421,452,433,391,404,422,445,463,492,428,308,244,186,137,94,188,27,29,6,8,8,7,5,5,7,10,10,10,10,10,9,9,10,10,11,11,10,8,7,6,6,5,3194,499,568,24,15,12,15,28,55,108,191,200,207,225,214,189,192,201,211,219,232,197,139,108,83,61,40
3833000,경상남도, 창녕군,5616,813,1010,64,49,40,47,68,114,190,300,323,328,367,346,320,341,357,368,380,395,347,268,215,176,133,93,3565,534,645,42,32,26,30,44,74,126,198,210,210,230,219,204,218,226,231,239,250,223,172,140,113,86,60,99,12,15,1,1,1,1,1,2,3,4,5,5,6,5,5,5,5,6,6,6,5,4,3,3,2,2,1952,267,350,21,16,13,16,23,38,61,98,108,113,131,122,111,118,126,131,135,139,119,92,72,60,45,31
3834000,경상남도, 고성군,3037,475,577,24,16,14,15,22,45,103,174,198,188,203,199,187,194,202,211,218,238,210,129,96,74,54,35,2304,364,436,22,15,13,14,20,39,82,133,149,142,152,149,142,146,152,158,163,176,158,102,78,61,46,30,83,12,14,0,0,0,0,0,1,3,4,5,5,5,5,4,5,5,5,5,6,5,3,2,2,1,1,650,99,127,2,1,1,1,2,5,18,37,44,41,46,45,41,43,45,48,50,56,47,24,16,11,7,4
3835000,경상남도, 남해군,1388,203,253,10,8,7,7,12,21,40,73,90,84,95,97,91,96,98,99,102,103,91,59,45,34,24,16,1110,166,205,10,8,7,7,11,19,35,59,72,68,76,77,73,77,79,79,81,82,73,50,39,30,22,15,24,2,2,0,0,0,0,0,0,0,1,1,1,1,1,1,1,1,1,1,1,1,0,0,0,0,0,254,35,46,0,0,0,0,1,2,5,13,17,15,18,19,17,18,18,19,20,20,17,9,6,4,2,1
3836000,경상남도, 하동군,2701,388,481,21,14,11,15,27,45,78,142,168,172,197,192,172,175,184,188,194,197,173,111,88,67,50,33,1904,278,345,15,10,7,10,20,33,58,101,119,121,137,134,121,124,130,133,138,140,124,81,65,50,37,25,61,8,8,3,3,3,3,2,2,2,3,3,3,3,3,3,3,3,3,3,3,3,2,2,2,2,2,736,102,128,3,1,1,2,5,10,18,38,46,48,57,55,48,48,51,52,53,54,46,28,21,15,11,6
3837000,경상남도, 산청군,3018,422,548,25,19,16,20,29,48,87,150,185,184,211,210,185,196,205,208,218,222,191,135,102,82,62,40,2060,297,378,16,13,10,13,19,34,62,106,129,127,145,144,127,135,141,143,149,152,132,94,71,58,43,28,83,10,12,4,3,3,3,4,3,3,3,4,4,4,4,4,4,4,4,5,5,4,3,3,3,3,3,875,115,158,5,3,3,4,6,11,22,41,52,53,62,62,54,57,60,61,64,65,55,38,28,21,16,9
3838000,경상남도, 함양군,3250,426,587,31,23,21,25,34,52,93,150,183,199,233,228,198,208,217,224,235,236,202,149,114,91,69,47,2178,293,397,22,16,14,17,23,36,65,103,125,134,156,152,134,141,147,150,157,159,137,101,79,63,47,33,100,12,15,2,2,2,2,2,2,3,4,5,5,6,6,5,5,5,6,6,6,5,4,3,3,3,2,972,121,175,7,5,5,6,9,14,25,43,53,60,71,70,59,62,65,68,72,71,60,44,32,25,19,12
3839000,경상남도, 거창군,1745,252,321,16,11,9,10,15,27,54,90,108,112,123,119,109,112,116,118,123,128,115,78,60,47,34,23,1217,179,226,13,9,7,8,12,21,39,64,76,79,86,83,77,79,81,83,86,89,81,56,44,34,26,18,38,4,5,0,0,0,0,0,0,1,1,2,2,2,2,2,2,2,2,2,2,2,1,1,1,0,0,490,69,90,3,2,2,2,3,6,14,25,30,31,35,34,30,31,33,33,35,37,32,21,15,12,8,5
3840000,경상남도, 합천군,1430,227,267,12,8,6,7,12,23,48,82,97,91,98,95,87,94,94,95,99,106,97,64,47,37,26,18,1039,168,196,10,7,5,6,10,19,37,60,71,67,71,70,64,69,69,69,72,77,71,48,36,29,21,15,25,2,3,0,0,0,0,0,0,0,1,1,1,1,1,1,1,1,1,1,1,1,1,0,0,0,0,366,57,68,2,1,1,1,2,4,11,21,25,23,26,24,22,24,24,25,26,28,25,15,11,8,5,3
3901000,제주특별자치도, 제주시,6783,1421,888,24,18,15,32,83,198,454,511,456,436,439,411,464,443,464,514,543,452,250,186,170,121,70,41,5422,1148,712,19,15,12,25,65,158,366,414,368,350,353,330,373,356,372,415,437,364,200,148,135,96,55,32,264,53,33,0,0,0,1,3,7,17,19,17,17,17,16,18,17,18,19,21,17,9,7,6,4,2,1,1097,220,143,5,3,3,6,15,33,71,78,71,69,69,65,73,70,74,80,85,71,41,31,29,21,13,8
3902000,제주특별자치도, 서귀포시,4697,950,633,18,14,12,21,53,131,287,343,320,309,313,298,310,321,325,345,361,300,190,143,131,88,47,28,3798,773,515,15,12,10,18,42,106,234,279,260,252,254,242,252,261,264,281,293,244,155,116,106,71,38,22,195,38,24,0,0,0,0,2,5,11,14,13,12,13,12,12,13,13,14,15,12,7,5,5,3,1,1,704,139,94,3,2,2,3,9,20,42,50,47,45,46,44,46,47,48,50,53,44,28,22,20,14,8,5
