month,시도,avg_temp(C),daily_rain(mm),avg_wind(m/s),avg_r_humidity(%),index_avg_temp(C),index_daily_rain(mm),index_avg_wind(m/s),index_avg_r_humidity(%),Risk
1,인천광역시,0,0,0,0,0,0,0,0,0.0
1,인천광역시,0,0,0,0,0,0,0,0,0.0
1,인천광역시,0,0,0,0,0,0,0,0,0.0
1,인천광역시,0,0,0,0,0,0,0,0,0.0
1,인천광역시,0,0,0,0,0,0,0,0,0.0
1,인천광역시,0,0,0,0,0,0,0,0,0.0
1,인천광역시,0,0,0,0,0,0,0,0,0.0
1,인천광역시,0,0,0,0,0,0,0,0,0.0
1,인천광역시,0,0,0,0,0,0,0,0,0.0
1,인천광역시,0,0,0,0,0,0,0,0,0.0
1,충청남도,-1.3,0.1,1.3,72.6,10,10,10,10,100.0
1,충청남도,-1.36,0.14,1.36,72.05,9,9,9,9,90.0
1,충청남도,-1.42,0.18,1.42,71.5,8,8,8,8,80.0
1,충청남도,-1.48,0.22,1.48,70.95,7,7,7,7,70.0
1,충청남도,-1.54,0.26,1.54,70.4,6,6,6,6,60.0
1,충청남도,-1.6,0.3,1.6,69.85,5,5,5,5,50.0
1,충청남도,-1.66,0.34,1.66,69.3,4,4,4,4,40.0
1,충청남도,-1.72,0.38,1.72,68.75,3,3,3,3,30.0
1,충청남도,-1.78,0.42,1.78,68.2,2,2,2,2,20.0
1,충청남도,-1.9,0.5,1.9,67.1,0,0,0,0,0.0
1,대구광역시,0,0,0,0,0,0,0,0,0.0
1,대구광역시,0,0,0,0,0,0,0,0,0.0
1,대구광역시,0,0,0,0,0,0,0,0,0.0
1,대구광역시,0,0,0,0,0,0,0,0,0.0
1,대구광역시,0,0,0,0,0,0,0,0,0.0
1,대구광역시,0,0,0,0,0,0,0,0,0.0
1,대구광역시,0,0,0,0,0,0,0,0,0.0
1,대구광역시,0,0,0,0,0,0,0,0,0.0
1,대구광역시,0,0,0,0,0,0,0,0,0.0
1,대구광역시,0,0,0,0,0,0,0,0,0.0
1,서울특별시,0,0,0,0,0,0,0,0,0.0
1,서울특별시,0,0,0,0,0,0,0,0,0.0
1,서울특별시,0,0,0,0,0,0,0,0,0.0
1,서울특별시,0,0,0,0,0,0,0,0,0.0
1,서울특별시,0,0,0,0,0,0,0,0,0.0
1,서울특별시,0,0,0,0,0,0,0,0,0.0
1,서울특별시,0,0,0,0,0,0,0,0,0.0
1,서울특별시,0,0,0,0,0,0,0,0,0.0
1,서울특별시,0,0,0,0,0,0,0,0,0.0
1,서울특별시,0,0,0,0,0,0,0,0,0.0
1,충청북도,-0.5,0.6,1.2,58.4,10,10,10,10,100.0
1,충청북도,-0.73,0.59,1.22,58.56,9,9,9,9,90.0
1,충청북도,-0.96,0.58,1.24,58.72,8,8,8,8,80.0
1,충청북도,-1.19,0.57,1.26,58.88,7,7,7,7,70.0
1,충청북도,-1.42,0.56,1.28,59.04,6,6,6,6,60.0
1,충청북도,-1.65,0.55,1.3,59.2,5,5,5,5,50.0
1,충청북도,-1.88,0.54,1.32,59.36,4,4,4,4,40.0
1,충청북도,-2.11,0.53,1.34,59.52,3,3,3,3,30.0
1,충청북도,-2.34,0.52,1.36,59.68,2,2,2,2,20.0
1,충청북도,-2.8,0.5,1.4,60.0,0,0,0,0,0.0
1,광주광역시,0,0,0,0,0,0,0,0,0.0
1,광주광역시,0,0,0,0,0,0,0,0,0.0
1,광주광역시,0,0,0,0,0,0,0,0,0.0
1,광주광역시,0,0,0,0,0,0,0,0,0.0
1,광주광역시,0,0,0,0,0,0,0,0,0.0
1,광주광역시,0,0,0,0,0,0,0,0,0.0
1,광주광역시,0,0,0,0,0,0,0,0,0.0
1,광주광역시,0,0,0,0,0,0,0,0,0.0
1,광주광역시,0,0,0,0,0,0,0,0,0.0
1,광주광역시,0,0,0,0,0,0,0,0,0.0
1,울산광역시,0,0,0,0,0,0,0,0,0.0
1,울산광역시,0,0,0,0,0,0,0,0,0.0
1,울산광역시,0,0,0,0,0,0,0,0,0.0
1,울산광역시,0,0,0,0,0,0,0,0,0.0
1,울산광역시,0,0,0,0,0,0,0,0,0.0
1,울산광역시,0,0,0,0,0,0,0,0,0.0
1,울산광역시,0,0,0,0,0,0,0,0,0.0
1,울산광역시,0,0,0,0,0,0,0,0,0.0
1,울산광역시,0,0,0,0,0,0,0,0,0.0
1,울산광역시,0,0,0,0,0,0,0,0,0.0
1,제주특별자치도,0,0,0,0,0,0,0,0,0.0
1,제주특별자치도,0,0,0,0,0,0,0,0,0.0
1,제주특별자치도,0,0,0,0,0,0,0,0,0.0
1,제주특별자치도,0,0,0,0,0,0,0,0,0.0
1,제주특별자치도,0,0,0,0,0,0,0,0,0.0
1,제주특별자치도,0,0,0,0,0,0,0,0,0.0
1,제주특별자치도,0,0,0,0,0,0,0,0,0.0
1,제주특별자치도,0,0,0,0,0,0,0,0,0.0
1,제주특별자치도,0,0,0,0,0,0,0,0,0.0
1,제주특별자치도,0,0,0,0,0,0,0,0,0.0
1,강원도,2.6,0.0,1.4,62.5,10,10,0,10,70.0
1,강원도,1.9,0.02,1.4,62.25,9,9,0,9,63.0
1,강원도,1.2,0.04,1.4,62.0,8,8,0,8,56.0
1,강원도,0.5,0.06,1.4,61.75,7,7,0,7,49.0
1,강원도,-0.2,0.08,1.4,61.5,6,6,0,6,42.0
1,강원도,-0.9,0.1,1.4,61.25,5,5,0,5,35.0
1,강원도,-1.6,0.12,1.4,61.0,4,4,0,4,28.0
1,강원도,-2.3,0.14,1.4,60.75,3,3,0,3,21.0
1,강원도,-3.0,0.16,1.4,60.5,2,2,0,2,14.0
1,강원도,-4.4,0.2,1.4,60.0,0,0,0,0,0.0
1,경상남도,-1.0,0.0,1.8,54.0,10,10,10,10,100.0
1,경상남도,-0.89,0.04,1.78,54.05,9,9,9,9,90.0
1,경상남도,-0.78,0.08,1.76,54.1,8,8,8,8,80.0
1,경상남도,-0.67,0.12,1.74,54.15,7,7,7,7,70.0
1,경상남도,-0.56,0.16,1.72,54.2,6,6,6,6,60.0
1,경상남도,-0.45,0.2,1.7,54.25,5,5,5,5,50.0
1,경상남도,-0.34,0.24,1.68,54.3,4,4,4,4,40.0
1,경상남도,-0.23,0.28,1.66,54.35,3,3,3,3,30.0
1,경상남도,-0.12,0.32,1.64,54.4,2,2,2,2,20.0
1,경상남도,0.1,0.4,1.6,54.5,0,0,0,0,0.0
1,경기도,-3.4,0.6,1.6,63.2,10,10,0,10,70.0
1,경기도,-3.39,0.57,1.6,62.77,9,9,0,9,63.0
1,경기도,-3.38,0.54,1.6,62.34,8,8,0,8,56.0
1,경기도,-3.37,0.51,1.6,61.91,7,7,0,7,49.0
1,경기도,-3.36,0.48,1.6,61.48,6,6,0,6,42.0
1,경기도,-3.35,0.45,1.6,61.05,5,5,0,5,35.0
1,경기도,-3.34,0.42,1.6,60.62,4,4,0,4,28.0
1,경기도,-3.33,0.39,1.6,60.19,3,3,0,3,21.0
1,경기도,-3.32,0.36,1.6,59.76,2,2,0,2,14.0
1,경기도,-3.3,0.3,1.6,58.9,0,0,0,0,0.0
1,전라남도,1.7,1.0,2.8,69.0,10,10,10,10,100.0
1,전라남도,1.62,0.95,2.82,68.55,9,9,9,9,90.0
1,전라남도,1.54,0.9,2.84,68.1,8,8,8,8,80.0
1,전라남도,1.46,0.85,2.86,67.65,7,7,7,7,70.0
1,전라남도,1.38,0.8,2.88,67.2,6,6,6,6,60.0
1,전라남도,1.3,0.75,2.9,66.75,5,5,5,5,50.0
1,전라남도,1.22,0.7,2.92,66.3,4,4,4,4,40.0
1,전라남도,1.14,0.65,2.94,65.85,3,3,3,3,30.0
1,전라남도,1.06,0.6,2.96,65.4,2,2,2,2,20.0
1,전라남도,0.9,0.5,3.0,64.5,0,0,0,0,0.0
1,전라북도,1.0,1.0,1.8,72.9,10,10,10,10,100.0
1,전라북도,0.8,0.96,1.77,72.47,9,9,9,9,90.0
1,전라북도,0.6,0.92,1.74,72.04,8,8,8,8,80.0
1,전라북도,0.4,0.88,1.71,71.61,7,7,7,7,70.0
1,전라북도,0.2,0.84,1.68,71.18,6,6,6,6,60.0
1,전라북도,0.0,0.8,1.65,70.75,5,5,5,5,50.0
1,전라북도,-0.2,0.76,1.62,70.32,4,4,4,4,40.0
1,전라북도,-0.4,0.72,1.59,69.89,3,3,3,3,30.0
1,전라북도,-0.6,0.68,1.56,69.46,2,2,2,2,20.0
1,전라북도,-1.0,0.6,1.5,68.6,0,0,0,0,0.0
1,경상북도,-0.9,0.1,1.7,50.2,10,10,10,10,100.0
1,경상북도,-0.84,0.15,1.76,50.25,9,9,9,9,90.0
1,경상북도,-0.78,0.2,1.82,50.3,8,8,8,8,80.0
1,경상북도,-0.72,0.25,1.88,50.35,7,7,7,7,70.0
1,경상북도,-0.66,0.3,1.94,50.4,6,6,6,6,60.0
1,경상북도,-0.6,0.35,2.0,50.45,5,5,5,5,50.0
1,경상북도,-0.54,0.4,2.06,50.5,4,4,4,4,40.0
1,경상북도,-0.48,0.45,2.12,50.55,3,3,3,3,30.0
1,경상북도,-0.42,0.5,2.18,50.6,2,2,2,2,20.0
1,경상북도,-0.3,0.6,2.3,50.7,0,0,0,0,0.0
1,부산광역시,6.1,0.0,1.1,58.0,10,10,10,10,100.0
1,부산광역시,5.8,0.05,1.32,56.38,9,9,9,9,90.0
1,부산광역시,5.5,0.1,1.54,54.76,8,8,8,8,80.0
1,부산광역시,5.2,0.15,1.76,53.14,7,7,7,7,70.0
1,부산광역시,4.9,0.2,1.98,51.52,6,6,6,6,60.0
1,부산광역시,4.6,0.25,2.2,49.9,5,5,5,5,50.0
1,부산광역시,4.3,0.3,2.42,48.28,4,4,4,4,40.0
1,부산광역시,4.0,0.35,2.64,46.66,3,3,3,3,30.0
1,부산광역시,3.7,0.4,2.86,45.04,2,2,2,2,20.0
1,부산광역시,3.1,0.5,3.3,41.8,0,0,0,0,0.0
1,세종특별자치시,0,0,0,0,0,0,0,0,0.0
1,세종특별자치시,0,0,0,0,0,0,0,0,0.0
1,세종특별자치시,0,0,0,0,0,0,0,0,0.0
1,세종특별자치시,0,0,0,0,0,0,0,0,0.0
1,세종특별자치시,0,0,0,0,0,0,0,0,0.0
1,세종특별자치시,0,0,0,0,0,0,0,0,0.0
1,세종특별자치시,0,0,0,0,0,0,0,0,0.0
1,세종특별자치시,0,0,0,0,0,0,0,0,0.0
1,세종특별자치시,0,0,0,0,0,0,0,0,0.0
1,세종특별자치시,0,0,0,0,0,0,0,0,0.0
1,대전광역시,-1.3,0.1,1.3,72.6,10,10,10,10,100.0
1,대전광역시,-1.36,0.14,1.36,72.05,9,9,9,9,90.0
1,대전광역시,-1.42,0.18,1.42,71.5,8,8,8,8,80.0
1,대전광역시,-1.48,0.22,1.48,70.95,7,7,7,7,70.0
1,대전광역시,-1.54,0.26,1.54,70.4,6,6,6,6,60.0
1,대전광역시,-1.6,0.3,1.6,69.85,5,5,5,5,50.0
1,대전광역시,-1.66,0.34,1.66,69.3,4,4,4,4,40.0
1,대전광역시,-1.72,0.38,1.72,68.75,3,3,3,3,30.0
1,대전광역시,-1.78,0.42,1.78,68.2,2,2,2,2,20.0
1,대전광역시,-1.9,0.5,1.9,67.1,0,0,0,0,0.0
2,인천광역시,4.2,13.6,2.9,80.6,10,10,10,10,100.0
2,인천광역시,3.79,12.34,2.94,78.33,9,9,9,9,90.0
2,인천광역시,3.38,11.08,2.98,76.06,8,8,8,8,80.0
2,인천광역시,2.97,9.82,3.02,73.79,7,7,7,7,70.0
2,인천광역시,2.56,8.56,3.06,71.52,6,6,6,6,60.0
2,인천광역시,2.15,7.3,3.1,69.25,5,5,5,5,50.0
2,인천광역시,1.74,6.04,3.14,66.98,4,4,4,4,40.0
2,인천광역시,1.33,4.78,3.18,64.71,3,3,3,3,30.0
2,인천광역시,0.92,3.52,3.22,62.44,2,2,2,2,20.0
2,인천광역시,0.1,1.0,3.3,57.9,0,0,0,0,0.0
2,충청남도,-0.8,2.0,1.7,64.8,10,10,10,10,100.0
2,충청남도,-0.72,1.9,1.72,64.51,9,9,9,9,90.0
2,충청남도,-0.64,1.8,1.74,64.22,8,8,8,8,80.0
2,충청남도,-0.56,1.7,1.76,63.93,7,7,7,7,70.0
2,충청남도,-0.48,1.6,1.78,63.64,6,6,6,6,60.0
2,충청남도,-0.4,1.5,1.8,63.35,5,5,5,5,50.0
2,충청남도,-0.32,1.4,1.82,63.06,4,4,4,4,40.0
2,충청남도,-0.24,1.3,1.84,62.77,3,3,3,3,30.0
2,충청남도,-0.16,1.2,1.86,62.48,2,2,2,2,20.0
2,충청남도,0.0,1.0,1.9,61.9,0,0,0,0,0.0
2,대구광역시,0,0,0,0,0,0,0,0,0.0
2,대구광역시,0,0,0,0,0,0,0,0,0.0
2,대구광역시,0,0,0,0,0,0,0,0,0.0
2,대구광역시,0,0,0,0,0,0,0,0,0.0
2,대구광역시,0,0,0,0,0,0,0,0,0.0
2,대구광역시,0,0,0,0,0,0,0,0,0.0
2,대구광역시,0,0,0,0,0,0,0,0,0.0
2,대구광역시,0,0,0,0,0,0,0,0,0.0
2,대구광역시,0,0,0,0,0,0,0,0,0.0
2,대구광역시,0,0,0,0,0,0,0,0,0.0
2,서울특별시,0,0,0,0,0,0,0,0,0.0
2,서울특별시,0,0,0,0,0,0,0,0,0.0
2,서울특별시,0,0,0,0,0,0,0,0,0.0
2,서울특별시,0,0,0,0,0,0,0,0,0.0
2,서울특별시,0,0,0,0,0,0,0,0,0.0
2,서울특별시,0,0,0,0,0,0,0,0,0.0
2,서울특별시,0,0,0,0,0,0,0,0,0.0
2,서울특별시,0,0,0,0,0,0,0,0,0.0
2,서울특별시,0,0,0,0,0,0,0,0,0.0
2,서울특별시,0,0,0,0,0,0,0,0,0.0
2,충청북도,-0.9,0.3,2.3,52.8,10,10,10,10,100.0
2,충청북도,-0.85,0.34,2.23,53.17,9,9,9,9,90.0
2,충청북도,-0.8,0.38,2.16,53.54,8,8,8,8,80.0
2,충청북도,-0.75,0.42,2.09,53.91,7,7,7,7,70.0
2,충청북도,-0.7,0.46,2.02,54.28,6,6,6,6,60.0
2,충청북도,-0.65,0.5,1.95,54.65,5,5,5,5,50.0
2,충청북도,-0.6,0.54,1.88,55.02,4,4,4,4,40.0
2,충청북도,-0.55,0.58,1.81,55.39,3,3,3,3,30.0
2,충청북도,-0.5,0.62,1.74,55.76,2,2,2,2,20.0
2,충청북도,-0.4,0.7,1.6,56.5,0,0,0,0,0.0
2,광주광역시,0,0,0,0,0,0,0,0,0.0
2,광주광역시,0,0,0,0,0,0,0,0,0.0
2,광주광역시,0,0,0,0,0,0,0,0,0.0
2,광주광역시,0,0,0,0,0,0,0,0,0.0
2,광주광역시,0,0,0,0,0,0,0,0,0.0
2,광주광역시,0,0,0,0,0,0,0,0,0.0
2,광주광역시,0,0,0,0,0,0,0,0,0.0
2,광주광역시,0,0,0,0,0,0,0,0,0.0
2,광주광역시,0,0,0,0,0,0,0,0,0.0
2,광주광역시,0,0,0,0,0,0,0,0,0.0
2,울산광역시,5.1,0.0,1.9,48.5,10,10,10,10,100.0
2,울산광역시,4.98,0.11,1.94,48.83,9,9,9,9,90.0
2,울산광역시,4.86,0.22,1.98,49.16,8,8,8,8,80.0
2,울산광역시,4.74,0.33,2.02,49.49,7,7,7,7,70.0
2,울산광역시,4.62,0.44,2.06,49.82,6,6,6,6,60.0
2,울산광역시,4.5,0.55,2.1,50.15,5,5,5,5,50.0
2,울산광역시,4.38,0.66,2.14,50.48,4,4,4,4,40.0
2,울산광역시,4.26,0.77,2.18,50.81,3,3,3,3,30.0
2,울산광역시,4.14,0.88,2.22,51.14,2,2,2,2,20.0
2,울산광역시,3.9,1.1,2.3,51.8,0,0,0,0,0.0
2,제주특별자치도,12.2,0.0,1.6,57.0,10,10,10,10,100.0
2,제주특별자치도,11.63,0.3,1.79,57.8,9,9,9,9,90.0
2,제주특별자치도,11.06,0.6,1.98,58.6,8,8,8,8,80.0
2,제주특별자치도,10.49,0.9,2.17,59.4,7,7,7,7,70.0
2,제주특별자치도,9.92,1.2,2.36,60.2,6,6,6,6,60.0
2,제주특별자치도,9.35,1.5,2.55,61.0,5,5,5,5,50.0
2,제주특별자치도,8.78,1.8,2.74,61.8,4,4,4,4,40.0
2,제주특별자치도,8.21,2.1,2.93,62.6,3,3,3,3,30.0
2,제주특별자치도,7.64,2.4,3.12,63.4,2,2,2,2,20.0
2,제주특별자치도,6.5,3.0,3.5,65.0,0,0,0,0,0.0
2,강원도,1.9,0.0,1.4,28.0,10,10,10,10,100.0
2,강원도,1.66,0.09,1.39,30.53,9,9,9,9,90.0
2,강원도,1.42,0.18,1.38,33.06,8,8,8,8,80.0
2,강원도,1.18,0.27,1.37,35.59,7,7,7,7,70.0
2,강원도,0.94,0.36,1.36,38.12,6,6,6,6,60.0
2,강원도,0.7,0.45,1.35,40.65,5,5,5,5,50.0
2,강원도,0.46,0.54,1.34,43.18,4,4,4,4,40.0
2,강원도,0.22,0.63,1.33,45.71,3,3,3,3,30.0
2,강원도,-0.02,0.72,1.32,48.24,2,2,2,2,20.0
2,강원도,-0.5,0.9,1.3,53.3,0,0,0,0,0.0
2,경상남도,4.7,0.0,2.3,56.4,10,10,10,10,100.0
2,경상남도,4.62,0.17,2.28,56.25,9,9,9,9,90.0
2,경상남도,4.54,0.34,2.26,56.1,8,8,8,8,80.0
2,경상남도,4.46,0.51,2.24,55.95,7,7,7,7,70.0
2,경상남도,4.38,0.68,2.22,55.8,6,6,6,6,60.0
2,경상남도,4.3,0.85,2.2,55.65,5,5,5,5,50.0
2,경상남도,4.22,1.02,2.18,55.5,4,4,4,4,40.0
2,경상남도,4.14,1.19,2.16,55.35,3,3,3,3,30.0
2,경상남도,4.06,1.36,2.14,55.2,2,2,2,2,20.0
2,경상남도,3.9,1.7,2.1,54.9,0,0,0,0,0.0
2,경기도,0.9,0.2,2.0,57.5,10,10,10,10,100.0
2,경기도,0.72,0.28,1.97,57.48,9,9,9,9,90.0
2,경기도,0.54,0.36,1.94,57.46,8,8,8,8,80.0
2,경기도,0.36,0.44,1.91,57.44,7,7,7,7,70.0
2,경기도,0.18,0.52,1.88,57.42,6,6,6,6,60.0
2,경기도,0.0,0.6,1.85,57.4,5,5,5,5,50.0
2,경기도,-0.18,0.68,1.82,57.38,4,4,4,4,40.0
2,경기도,-0.36,0.76,1.79,57.36,3,3,3,3,30.0
2,경기도,-0.54,0.84,1.76,57.34,2,2,2,2,20.0
2,경기도,-0.9,1.0,1.7,57.3,0,0,0,0,0.0
2,전라남도,3.9,5.1,2.0,62.3,10,10,10,10,100.0
2,전라남도,3.72,4.75,2.04,62.46,9,9,9,9,90.0
2,전라남도,3.54,4.4,2.08,62.62,8,8,8,8,80.0
2,전라남도,3.36,4.05,2.12,62.78,7,7,7,7,70.0
2,전라남도,3.18,3.7,2.16,62.94,6,6,6,6,60.0
2,전라남도,3.0,3.35,2.2,63.1,5,5,5,5,50.0
2,전라남도,2.82,3.0,2.24,63.26,4,4,4,4,40.0
2,전라남도,2.64,2.65,2.28,63.42,3,3,3,3,30.0
2,전라남도,2.46,2.3,2.32,63.58,2,2,2,2,20.0
2,전라남도,2.1,1.6,2.4,63.9,0,0,0,0,0.0
2,전라북도,1.8,0.0,1.8,64.5,10,10,10,10,100.0
2,전라북도,1.74,0.12,1.81,64.65,9,9,9,9,90.0
2,전라북도,1.68,0.24,1.82,64.8,8,8,8,8,80.0
2,전라북도,1.62,0.36,1.83,64.95,7,7,7,7,70.0
2,전라북도,1.56,0.48,1.84,65.1,6,6,6,6,60.0
2,전라북도,1.5,0.6,1.85,65.25,5,5,5,5,50.0
2,전라북도,1.44,0.72,1.86,65.4,4,4,4,4,40.0
2,전라북도,1.38,0.84,1.87,65.55,3,3,3,3,30.0
2,전라북도,1.32,0.96,1.88,65.7,2,2,2,2,20.0
2,전라북도,1.2,1.2,1.9,66.0,0,0,0,0,0.0
2,경상북도,2.5,0.3,6.9,65.8,10,10,10,10,100.0
2,경상북도,2.24,0.36,6.56,64.41,9,9,9,9,90.0
2,경상북도,1.98,0.42,6.22,63.02,8,8,8,8,80.0
2,경상북도,1.72,0.48,5.88,61.63,7,7,7,7,70.0
2,경상북도,1.46,0.54,5.54,60.24,6,6,6,6,60.0
2,경상북도,1.2,0.6,5.2,58.85,5,5,5,5,50.0
2,경상북도,0.94,0.66,4.86,57.46,4,4,4,4,40.0
2,경상북도,0.68,0.72,4.52,56.07,3,3,3,3,30.0
2,경상북도,0.42,0.78,4.18,54.68,2,2,2,2,20.0
2,경상북도,-0.1,0.9,3.5,51.9,0,0,0,0,0.0
2,부산광역시,0,0,0,0,0,0,0,0,0.0
2,부산광역시,0,0,0,0,0,0,0,0,0.0
2,부산광역시,0,0,0,0,0,0,0,0,0.0
2,부산광역시,0,0,0,0,0,0,0,0,0.0
2,부산광역시,0,0,0,0,0,0,0,0,0.0
2,부산광역시,0,0,0,0,0,0,0,0,0.0
2,부산광역시,0,0,0,0,0,0,0,0,0.0
2,부산광역시,0,0,0,0,0,0,0,0,0.0
2,부산광역시,0,0,0,0,0,0,0,0,0.0
2,부산광역시,0,0,0,0,0,0,0,0,0.0
2,세종특별자치시,0,0,0,0,0,0,0,0,0.0
2,세종특별자치시,0,0,0,0,0,0,0,0,0.0
2,세종특별자치시,0,0,0,0,0,0,0,0,0.0
2,세종특별자치시,0,0,0,0,0,0,0,0,0.0
2,세종특별자치시,0,0,0,0,0,0,0,0,0.0
2,세종특별자치시,0,0,0,0,0,0,0,0,0.0
2,세종특별자치시,0,0,0,0,0,0,0,0,0.0
2,세종특별자치시,0,0,0,0,0,0,0,0,0.0
2,세종특별자치시,0,0,0,0,0,0,0,0,0.0
2,세종특별자치시,0,0,0,0,0,0,0,0,0.0
2,대전광역시,-0.8,2.0,1.7,64.8,10,10,10,10,100.0
2,대전광역시,-0.72,1.9,1.72,64.51,9,9,9,9,90.0
2,대전광역시,-0.64,1.8,1.74,64.22,8,8,8,8,80.0
2,대전광역시,-0.56,1.7,1.76,63.93,7,7,7,7,70.0
2,대전광역시,-0.48,1.6,1.78,63.64,6,6,6,6,60.0
2,대전광역시,-0.4,1.5,1.8,63.35,5,5,5,5,50.0
2,대전광역시,-0.32,1.4,1.82,63.06,4,4,4,4,40.0
2,대전광역시,-0.24,1.3,1.84,62.77,3,3,3,3,30.0
2,대전광역시,-0.16,1.2,1.86,62.48,2,2,2,2,20.0
2,대전광역시,0.0,1.0,1.9,61.9,0,0,0,0,0.0
3,인천광역시,0,0,0,0,0,0,0,0,0.0
3,인천광역시,0,0,0,0,0,0,0,0,0.0
3,인천광역시,0,0,0,0,0,0,0,0,0.0
3,인천광역시,0,0,0,0,0,0,0,0,0.0
3,인천광역시,0,0,0,0,0,0,0,0,0.0
3,인천광역시,0,0,0,0,0,0,0,0,0.0
3,인천광역시,0,0,0,0,0,0,0,0,0.0
3,인천광역시,0,0,0,0,0,0,0,0,0.0
3,인천광역시,0,0,0,0,0,0,0,0,0.0
3,인천광역시,0,0,0,0,0,0,0,0,0.0
3,충청남도,3.7,0.1,2.5,53.9,10,10,10,10,100.0
3,충청남도,3.85,0.23,2.47,54.71,9,9,9,9,90.0
3,충청남도,4.0,0.36,2.44,55.52,8,8,8,8,80.0
3,충청남도,4.15,0.49,2.41,56.33,7,7,7,7,70.0
3,충청남도,4.3,0.62,2.38,57.14,6,6,6,6,60.0
3,충청남도,4.45,0.75,2.35,57.95,5,5,5,5,50.0
3,충청남도,4.6,0.88,2.32,58.76,4,4,4,4,40.0
3,충청남도,4.75,1.01,2.29,59.57,3,3,3,3,30.0
3,충청남도,4.9,1.14,2.26,60.38,2,2,2,2,20.0
3,충청남도,5.2,1.4,2.2,62.0,0,0,0,0,0.0
3,대구광역시,0,0,0,0,0,0,0,0,0.0
3,대구광역시,0,0,0,0,0,0,0,0,0.0
3,대구광역시,0,0,0,0,0,0,0,0,0.0
3,대구광역시,0,0,0,0,0,0,0,0,0.0
3,대구광역시,0,0,0,0,0,0,0,0,0.0
3,대구광역시,0,0,0,0,0,0,0,0,0.0
3,대구광역시,0,0,0,0,0,0,0,0,0.0
3,대구광역시,0,0,0,0,0,0,0,0,0.0
3,대구광역시,0,0,0,0,0,0,0,0,0.0
3,대구광역시,0,0,0,0,0,0,0,0,0.0
3,서울특별시,0,0,0,0,0,0,0,0,0.0
3,서울특별시,0,0,0,0,0,0,0,0,0.0
3,서울특별시,0,0,0,0,0,0,0,0,0.0
3,서울특별시,0,0,0,0,0,0,0,0,0.0
3,서울특별시,0,0,0,0,0,0,0,0,0.0
3,서울특별시,0,0,0,0,0,0,0,0,0.0
3,서울특별시,0,0,0,0,0,0,0,0,0.0
3,서울특별시,0,0,0,0,0,0,0,0,0.0
3,서울특별시,0,0,0,0,0,0,0,0,0.0
3,서울특별시,0,0,0,0,0,0,0,0,0.0
3,충청북도,6.1,0.6,1.5,52.0,10,10,10,10,100.0
3,충청북도,6.08,0.69,1.53,52.27,9,9,9,9,90.0
3,충청북도,6.06,0.78,1.56,52.54,8,8,8,8,80.0
3,충청북도,6.04,0.87,1.59,52.81,7,7,7,7,70.0
3,충청북도,6.02,0.96,1.62,53.08,6,6,6,6,60.0
3,충청북도,6.0,1.05,1.65,53.35,5,5,5,5,50.0
3,충청북도,5.98,1.14,1.68,53.62,4,4,4,4,40.0
3,충청북도,5.96,1.23,1.71,53.89,3,3,3,3,30.0
3,충청북도,5.94,1.32,1.74,54.16,2,2,2,2,20.0
3,충청북도,5.9,1.5,1.8,54.7,0,0,0,0,0.0
3,광주광역시,0,0,0,0,0,0,0,0,0.0
3,광주광역시,0,0,0,0,0,0,0,0,0.0
3,광주광역시,0,0,0,0,0,0,0,0,0.0
3,광주광역시,0,0,0,0,0,0,0,0,0.0
3,광주광역시,0,0,0,0,0,0,0,0,0.0
3,광주광역시,0,0,0,0,0,0,0,0,0.0
3,광주광역시,0,0,0,0,0,0,0,0,0.0
3,광주광역시,0,0,0,0,0,0,0,0,0.0
3,광주광역시,0,0,0,0,0,0,0,0,0.0
3,광주광역시,0,0,0,0,0,0,0,0,0.0
3,울산광역시,0,0,0,0,0,0,0,0,0.0
3,울산광역시,0,0,0,0,0,0,0,0,0.0
3,울산광역시,0,0,0,0,0,0,0,0,0.0
3,울산광역시,0,0,0,0,0,0,0,0,0.0
3,울산광역시,0,0,0,0,0,0,0,0,0.0
3,울산광역시,0,0,0,0,0,0,0,0,0.0
3,울산광역시,0,0,0,0,0,0,0,0,0.0
3,울산광역시,0,0,0,0,0,0,0,0,0.0
3,울산광역시,0,0,0,0,0,0,0,0,0.0
3,울산광역시,0,0,0,0,0,0,0,0,0.0
3,제주특별자치도,0,0,0,0,0,0,0,0,0.0
3,제주특별자치도,0,0,0,0,0,0,0,0,0.0
3,제주특별자치도,0,0,0,0,0,0,0,0,0.0
3,제주특별자치도,0,0,0,0,0,0,0,0,0.0
3,제주특별자치도,0,0,0,0,0,0,0,0,0.0
3,제주특별자치도,0,0,0,0,0,0,0,0,0.0
3,제주특별자치도,0,0,0,0,0,0,0,0,0.0
3,제주특별자치도,0,0,0,0,0,0,0,0,0.0
3,제주특별자치도,0,0,0,0,0,0,0,0,0.0
3,제주특별자치도,0,0,0,0,0,0,0,0,0.0
3,강원도,0,0,0,0,0,0,0,0,0.0
3,강원도,0,0,0,0,0,0,0,0,0.0
3,강원도,0,0,0,0,0,0,0,0,0.0
3,강원도,0,0,0,0,0,0,0,0,0.0
3,강원도,0,0,0,0,0,0,0,0,0.0
3,강원도,0,0,0,0,0,0,0,0,0.0
3,강원도,0,0,0,0,0,0,0,0,0.0
3,강원도,0,0,0,0,0,0,0,0,0.0
3,강원도,0,0,0,0,0,0,0,0,0.0
3,강원도,0,0,0,0,0,0,0,0,0.0
3,경상남도,0,0,0,0,0,0,0,0,0.0
3,경상남도,0,0,0,0,0,0,0,0,0.0
3,경상남도,0,0,0,0,0,0,0,0,0.0
3,경상남도,0,0,0,0,0,0,0,0,0.0
3,경상남도,0,0,0,0,0,0,0,0,0.0
3,경상남도,0,0,0,0,0,0,0,0,0.0
3,경상남도,0,0,0,0,0,0,0,0,0.0
3,경상남도,0,0,0,0,0,0,0,0,0.0
3,경상남도,0,0,0,0,0,0,0,0,0.0
3,경상남도,0,0,0,0,0,0,0,0,0.0
3,경기도,4.0,0.6,2.1,55.0,10,10,10,10,100.0
3,경기도,4.09,0.67,2.09,55.31,9,9,9,9,90.0
3,경기도,4.18,0.74,2.08,55.62,8,8,8,8,80.0
3,경기도,4.27,0.81,2.07,55.93,7,7,7,7,70.0
3,경기도,4.36,0.88,2.06,56.24,6,6,6,6,60.0
3,경기도,4.45,0.95,2.05,56.55,5,5,5,5,50.0
3,경기도,4.54,1.02,2.04,56.86,4,4,4,4,40.0
3,경기도,4.63,1.09,2.03,57.17,3,3,3,3,30.0
3,경기도,4.72,1.16,2.02,57.48,2,2,2,2,20.0
3,경기도,4.9,1.3,2.0,58.1,0,0,0,0,0.0
3,전라남도,6.0,0.7,2.7,59.3,10,10,10,10,100.0
3,전라남도,6.06,0.88,2.72,59.83,9,9,9,9,90.0
3,전라남도,6.12,1.06,2.74,60.36,8,8,8,8,80.0
3,전라남도,6.18,1.24,2.76,60.89,7,7,7,7,70.0
3,전라남도,6.24,1.42,2.78,61.42,6,6,6,6,60.0
3,전라남도,6.3,1.6,2.8,61.95,5,5,5,5,50.0
3,전라남도,6.36,1.78,2.82,62.48,4,4,4,4,40.0
3,전라남도,6.42,1.96,2.84,63.01,3,3,3,3,30.0
3,전라남도,6.48,2.14,2.86,63.54,2,2,2,2,20.0
3,전라남도,6.6,2.5,2.9,64.6,0,0,0,0,0.0
3,전라북도,6.1,0.3,2.2,59.1,10,10,10,10,100.0
3,전라북도,6.08,0.46,2.21,59.49,9,9,9,9,90.0
3,전라북도,6.06,0.62,2.22,59.88,8,8,8,8,80.0
3,전라북도,6.04,0.78,2.23,60.27,7,7,7,7,70.0
3,전라북도,6.02,0.94,2.24,60.66,6,6,6,6,60.0
3,전라북도,6.0,1.1,2.25,61.05,5,5,5,5,50.0
3,전라북도,5.98,1.26,2.26,61.44,4,4,4,4,40.0
3,전라북도,5.96,1.42,2.27,61.83,3,3,3,3,30.0
3,전라북도,5.94,1.58,2.28,62.22,2,2,2,2,20.0
3,전라북도,5.9,1.9,2.3,63.0,0,0,0,0,0.0
3,경상북도,3.8,0.0,3.4,31.6,10,10,10,10,100.0
3,경상북도,4.15,0.19,3.31,33.92,9,9,9,9,90.0
3,경상북도,4.5,0.38,3.22,36.24,8,8,8,8,80.0
3,경상북도,4.85,0.57,3.13,38.56,7,7,7,7,70.0
3,경상북도,5.2,0.76,3.04,40.88,6,6,6,6,60.0
3,경상북도,5.55,0.95,2.95,43.2,5,5,5,5,50.0
3,경상북도,5.9,1.14,2.86,45.52,4,4,4,4,40.0
3,경상북도,6.25,1.33,2.77,47.84,3,3,3,3,30.0
3,경상북도,6.6,1.52,2.68,50.16,2,2,2,2,20.0
3,경상북도,7.3,1.9,2.5,54.8,0,0,0,0,0.0
3,부산광역시,0,0,0,0,0,0,0,0,0.0
3,부산광역시,0,0,0,0,0,0,0,0,0.0
3,부산광역시,0,0,0,0,0,0,0,0,0.0
3,부산광역시,0,0,0,0,0,0,0,0,0.0
3,부산광역시,0,0,0,0,0,0,0,0,0.0
3,부산광역시,0,0,0,0,0,0,0,0,0.0
3,부산광역시,0,0,0,0,0,0,0,0,0.0
3,부산광역시,0,0,0,0,0,0,0,0,0.0
3,부산광역시,0,0,0,0,0,0,0,0,0.0
3,부산광역시,0,0,0,0,0,0,0,0,0.0
3,세종특별자치시,5.2,6.3,1.3,60.4,10,10,10,10,100.0
3,세종특별자치시,5.31,5.83,1.38,60.0,9,9,9,9,90.0
3,세종특별자치시,5.42,5.36,1.46,59.6,8,8,8,8,80.0
3,세종특별자치시,5.53,4.89,1.54,59.2,7,7,7,7,70.0
3,세종특별자치시,5.64,4.42,1.62,58.8,6,6,6,6,60.0
3,세종특별자치시,5.75,3.95,1.7,58.4,5,5,5,5,50.0
3,세종특별자치시,5.86,3.48,1.78,58.0,4,4,4,4,40.0
3,세종특별자치시,5.97,3.01,1.86,57.6,3,3,3,3,30.0
3,세종특별자치시,6.08,2.54,1.94,57.2,2,2,2,2,20.0
3,세종특별자치시,6.3,1.6,2.1,56.4,0,0,0,0,0.0
3,대전광역시,3.7,0.1,2.5,53.9,10,10,10,10,100.0
3,대전광역시,3.85,0.23,2.47,54.71,9,9,9,9,90.0
3,대전광역시,4.0,0.36,2.44,55.52,8,8,8,8,80.0
3,대전광역시,4.15,0.49,2.41,56.33,7,7,7,7,70.0
3,대전광역시,4.3,0.62,2.38,57.14,6,6,6,6,60.0
3,대전광역시,4.45,0.75,2.35,57.95,5,5,5,5,50.0
3,대전광역시,4.6,0.88,2.32,58.76,4,4,4,4,40.0
3,대전광역시,4.75,1.01,2.29,59.57,3,3,3,3,30.0
3,대전광역시,4.9,1.14,2.26,60.38,2,2,2,2,20.0
3,대전광역시,5.2,1.4,2.2,62.0,0,0,0,0,0.0
4,인천광역시,0,0,0,0,0,0,0,0,0.0
4,인천광역시,0,0,0,0,0,0,0,0,0.0
4,인천광역시,0,0,0,0,0,0,0,0,0.0
4,인천광역시,0,0,0,0,0,0,0,0,0.0
4,인천광역시,0,0,0,0,0,0,0,0,0.0
4,인천광역시,0,0,0,0,0,0,0,0,0.0
4,인천광역시,0,0,0,0,0,0,0,0,0.0
4,인천광역시,0,0,0,0,0,0,0,0,0.0
4,인천광역시,0,0,0,0,0,0,0,0,0.0
4,인천광역시,0,0,0,0,0,0,0,0,0.0
4,충청남도,11.9,0.5,1.9,50.8,10,10,10,10,100.0
4,충청남도,11.86,0.67,1.91,51.76,9,9,9,9,90.0
4,충청남도,11.82,0.84,1.92,52.72,8,8,8,8,80.0
4,충청남도,11.78,1.01,1.93,53.68,7,7,7,7,70.0
4,충청남도,11.74,1.18,1.94,54.64,6,6,6,6,60.0
4,충청남도,11.7,1.35,1.95,55.6,5,5,5,5,50.0
4,충청남도,11.66,1.52,1.96,56.56,4,4,4,4,40.0
4,충청남도,11.62,1.69,1.97,57.52,3,3,3,3,30.0
4,충청남도,11.58,1.86,1.98,58.48,2,2,2,2,20.0
4,충청남도,11.5,2.2,2.0,60.4,0,0,0,0,0.0
4,대구광역시,0,0,0,0,0,0,0,0,0.0
4,대구광역시,0,0,0,0,0,0,0,0,0.0
4,대구광역시,0,0,0,0,0,0,0,0,0.0
4,대구광역시,0,0,0,0,0,0,0,0,0.0
4,대구광역시,0,0,0,0,0,0,0,0,0.0
4,대구광역시,0,0,0,0,0,0,0,0,0.0
4,대구광역시,0,0,0,0,0,0,0,0,0.0
4,대구광역시,0,0,0,0,0,0,0,0,0.0
4,대구광역시,0,0,0,0,0,0,0,0,0.0
4,대구광역시,0,0,0,0,0,0,0,0,0.0
4,서울특별시,0,0,0,0,0,0,0,0,0.0
4,서울특별시,0,0,0,0,0,0,0,0,0.0
4,서울특별시,0,0,0,0,0,0,0,0,0.0
4,서울특별시,0,0,0,0,0,0,0,0,0.0
4,서울특별시,0,0,0,0,0,0,0,0,0.0
4,서울특별시,0,0,0,0,0,0,0,0,0.0
4,서울특별시,0,0,0,0,0,0,0,0,0.0
4,서울특별시,0,0,0,0,0,0,0,0,0.0
4,서울특별시,0,0,0,0,0,0,0,0,0.0
4,서울특별시,0,0,0,0,0,0,0,0,0.0
4,충청북도,16.0,0.0,1.3,45.1,10,10,10,10,100.0
4,충청북도,15.67,0.22,1.35,45.8,9,9,9,9,90.0
4,충청북도,15.34,0.44,1.4,46.5,8,8,8,8,80.0
4,충청북도,15.01,0.66,1.45,47.2,7,7,7,7,70.0
4,충청북도,14.68,0.88,1.5,47.9,6,6,6,6,60.0
4,충청북도,14.35,1.1,1.55,48.6,5,5,5,5,50.0
4,충청북도,14.02,1.32,1.6,49.3,4,4,4,4,40.0
4,충청북도,13.69,1.54,1.65,50.0,3,3,3,3,30.0
4,충청북도,13.36,1.76,1.7,50.7,2,2,2,2,20.0
4,충청북도,12.7,2.2,1.8,52.1,0,0,0,0,0.0
4,광주광역시,0,0,0,0,0,0,0,0,0.0
4,광주광역시,0,0,0,0,0,0,0,0,0.0
4,광주광역시,0,0,0,0,0,0,0,0,0.0
4,광주광역시,0,0,0,0,0,0,0,0,0.0
4,광주광역시,0,0,0,0,0,0,0,0,0.0
4,광주광역시,0,0,0,0,0,0,0,0,0.0
4,광주광역시,0,0,0,0,0,0,0,0,0.0
4,광주광역시,0,0,0,0,0,0,0,0,0.0
4,광주광역시,0,0,0,0,0,0,0,0,0.0
4,광주광역시,0,0,0,0,0,0,0,0,0.0
4,울산광역시,16.2,0.0,1.9,46.0,10,10,10,10,100.0
4,울산광역시,15.94,0.29,1.95,47.13,9,9,9,9,90.0
4,울산광역시,15.68,0.58,2.0,48.26,8,8,8,8,80.0
4,울산광역시,15.42,0.87,2.05,49.39,7,7,7,7,70.0
4,울산광역시,15.16,1.16,2.1,50.52,6,6,6,6,60.0
4,울산광역시,14.9,1.45,2.15,51.65,5,5,5,5,50.0
4,울산광역시,14.64,1.74,2.2,52.78,4,4,4,4,40.0
4,울산광역시,14.38,2.03,2.25,53.91,3,3,3,3,30.0
4,울산광역시,14.12,2.32,2.3,55.04,2,2,2,2,20.0
4,울산광역시,13.6,2.9,2.4,57.3,0,0,0,0,0.0
4,제주특별자치도,0,0,0,0,0,0,0,0,0.0
4,제주특별자치도,0,0,0,0,0,0,0,0,0.0
4,제주특별자치도,0,0,0,0,0,0,0,0,0.0
4,제주특별자치도,0,0,0,0,0,0,0,0,0.0
4,제주특별자치도,0,0,0,0,0,0,0,0,0.0
4,제주특별자치도,0,0,0,0,0,0,0,0,0.0
4,제주특별자치도,0,0,0,0,0,0,0,0,0.0
4,제주특별자치도,0,0,0,0,0,0,0,0,0.0
4,제주특별자치도,0,0,0,0,0,0,0,0,0.0
4,제주특별자치도,0,0,0,0,0,0,0,0,0.0
4,강원도,0,0,0,0,0,0,0,0,0.0
4,강원도,0,0,0,0,0,0,0,0,0.0
4,강원도,0,0,0,0,0,0,0,0,0.0
4,강원도,0,0,0,0,0,0,0,0,0.0
4,강원도,0,0,0,0,0,0,0,0,0.0
4,강원도,0,0,0,0,0,0,0,0,0.0
4,강원도,0,0,0,0,0,0,0,0,0.0
4,강원도,0,0,0,0,0,0,0,0,0.0
4,강원도,0,0,0,0,0,0,0,0,0.0
4,강원도,0,0,0,0,0,0,0,0,0.0
4,경상남도,12.0,0.0,0.9,53.9,10,10,10,10,100.0
4,경상남도,12.08,0.4,0.96,54.56,9,9,9,9,90.0
4,경상남도,12.16,0.8,1.02,55.22,8,8,8,8,80.0
4,경상남도,12.24,1.2,1.08,55.88,7,7,7,7,70.0
4,경상남도,12.32,1.6,1.14,56.54,6,6,6,6,60.0
4,경상남도,12.4,2.0,1.2,57.2,5,5,5,5,50.0
4,경상남도,12.48,2.4,1.26,57.86,4,4,4,4,40.0
4,경상남도,12.56,2.8,1.32,58.52,3,3,3,3,30.0
4,경상남도,12.64,3.2,1.38,59.18,2,2,2,2,20.0
4,경상남도,12.8,4.0,1.5,60.5,0,0,0,0,0.0
4,경기도,11.6,4.4,1.9,56.5,10,10,10,10,100.0
4,경기도,11.58,4.21,1.91,56.54,9,9,9,9,90.0
4,경기도,11.56,4.02,1.92,56.58,8,8,8,8,80.0
4,경기도,11.54,3.83,1.93,56.62,7,7,7,7,70.0
4,경기도,11.52,3.64,1.94,56.66,6,6,6,6,60.0
4,경기도,11.5,3.45,1.95,56.7,5,5,5,5,50.0
4,경기도,11.48,3.26,1.96,56.74,4,4,4,4,40.0
4,경기도,11.46,3.07,1.97,56.78,3,3,3,3,30.0
4,경기도,11.44,2.88,1.98,56.82,2,2,2,2,20.0
4,경기도,11.4,2.5,2.0,56.9,0,0,0,0,0.0
4,전라남도,12.8,11.5,2.2,68.8,10,10,10,10,100.0
4,전라남도,12.76,10.71,2.23,68.31,9,9,9,9,90.0
4,전라남도,12.72,9.92,2.26,67.82,8,8,8,8,80.0
4,전라남도,12.68,9.13,2.29,67.33,7,7,7,7,70.0
4,전라남도,12.64,8.34,2.32,66.84,6,6,6,6,60.0
4,전라남도,12.6,7.55,2.35,66.35,5,5,5,5,50.0
4,전라남도,12.56,6.76,2.38,65.86,4,4,4,4,40.0
4,전라남도,12.52,5.97,2.41,65.37,3,3,3,3,30.0
4,전라남도,12.48,5.18,2.44,64.88,2,2,2,2,20.0
4,전라남도,12.4,3.6,2.5,63.9,0,0,0,0,0.0
4,전라북도,13.1,4.6,2.3,75.4,10,10,10,10,100.0
4,전라북도,12.99,4.36,2.29,74.07,9,9,9,9,90.0
4,전라북도,12.88,4.12,2.28,72.74,8,8,8,8,80.0
4,전라북도,12.77,3.88,2.27,71.41,7,7,7,7,70.0
4,전라북도,12.66,3.64,2.26,70.08,6,6,6,6,60.0
4,전라북도,12.55,3.4,2.25,68.75,5,5,5,5,50.0
4,전라북도,12.44,3.16,2.24,67.42,4,4,4,4,40.0
4,전라북도,12.33,2.92,2.23,66.09,3,3,3,3,30.0
4,전라북도,12.22,2.68,2.22,64.76,2,2,2,2,20.0
4,전라북도,12.0,2.2,2.2,62.1,0,0,0,0,0.0
4,경상북도,11.7,0.3,1.9,49.5,10,10,10,10,100.0
4,경상북도,11.81,0.48,1.93,49.8,9,9,9,9,90.0
4,경상북도,11.92,0.66,1.96,50.1,8,8,8,8,80.0
4,경상북도,12.03,0.84,1.99,50.4,7,7,7,7,70.0
4,경상북도,12.14,1.02,2.02,50.7,6,6,6,6,60.0
4,경상북도,12.25,1.2,2.05,51.0,5,5,5,5,50.0
4,경상북도,12.36,1.38,2.08,51.3,4,4,4,4,40.0
4,경상북도,12.47,1.56,2.11,51.6,3,3,3,3,30.0
4,경상북도,12.58,1.74,2.14,51.9,2,2,2,2,20.0
4,경상북도,12.8,2.1,2.2,52.5,0,0,0,0,0.0
4,부산광역시,0,0,0,0,0,0,0,0,0.0
4,부산광역시,0,0,0,0,0,0,0,0,0.0
4,부산광역시,0,0,0,0,0,0,0,0,0.0
4,부산광역시,0,0,0,0,0,0,0,0,0.0
4,부산광역시,0,0,0,0,0,0,0,0,0.0
4,부산광역시,0,0,0,0,0,0,0,0,0.0
4,부산광역시,0,0,0,0,0,0,0,0,0.0
4,부산광역시,0,0,0,0,0,0,0,0,0.0
4,부산광역시,0,0,0,0,0,0,0,0,0.0
4,부산광역시,0,0,0,0,0,0,0,0,0.0
4,세종특별자치시,0,0,0,0,0,0,0,0,0.0
4,세종특별자치시,0,0,0,0,0,0,0,0,0.0
4,세종특별자치시,0,0,0,0,0,0,0,0,0.0
4,세종특별자치시,0,0,0,0,0,0,0,0,0.0
4,세종특별자치시,0,0,0,0,0,0,0,0,0.0
4,세종특별자치시,0,0,0,0,0,0,0,0,0.0
4,세종특별자치시,0,0,0,0,0,0,0,0,0.0
4,세종특별자치시,0,0,0,0,0,0,0,0,0.0
4,세종특별자치시,0,0,0,0,0,0,0,0,0.0
4,세종특별자치시,0,0,0,0,0,0,0,0,0.0
4,대전광역시,11.9,0.5,1.9,50.8,10,10,10,10,100.0
4,대전광역시,11.86,0.67,1.91,51.76,9,9,9,9,90.0
4,대전광역시,11.82,0.84,1.92,52.72,8,8,8,8,80.0
4,대전광역시,11.78,1.01,1.93,53.68,7,7,7,7,70.0
4,대전광역시,11.74,1.18,1.94,54.64,6,6,6,6,60.0
4,대전광역시,11.7,1.35,1.95,55.6,5,5,5,5,50.0
4,대전광역시,11.66,1.52,1.96,56.56,4,4,4,4,40.0
4,대전광역시,11.62,1.69,1.97,57.52,3,3,3,3,30.0
4,대전광역시,11.58,1.86,1.98,58.48,2,2,2,2,20.0
4,대전광역시,11.5,2.2,2.0,60.4,0,0,0,0,0.0
5,인천광역시,0,0,0,0,0,0,0,0,0.0
5,인천광역시,0,0,0,0,0,0,0,0,0.0
5,인천광역시,0,0,0,0,0,0,0,0,0.0
5,인천광역시,0,0,0,0,0,0,0,0,0.0
5,인천광역시,0,0,0,0,0,0,0,0,0.0
5,인천광역시,0,0,0,0,0,0,0,0,0.0
5,인천광역시,0,0,0,0,0,0,0,0,0.0
5,인천광역시,0,0,0,0,0,0,0,0,0.0
5,인천광역시,0,0,0,0,0,0,0,0,0.0
5,인천광역시,0,0,0,0,0,0,0,0,0.0
5,충청남도,14.5,1.5,2.6,76.3,10,10,10,10,100.0
5,충청남도,14.83,1.62,2.49,75.22,9,9,9,9,90.0
5,충청남도,15.16,1.74,2.38,74.14,8,8,8,8,80.0
5,충청남도,15.49,1.86,2.27,73.06,7,7,7,7,70.0
5,충청남도,15.82,1.98,2.16,71.98,6,6,6,6,60.0
5,충청남도,16.15,2.1,2.05,70.9,5,5,5,5,50.0
5,충청남도,16.48,2.22,1.94,69.82,4,4,4,4,40.0
5,충청남도,16.81,2.34,1.83,68.74,3,3,3,3,30.0
5,충청남도,17.14,2.46,1.72,67.66,2,2,2,2,20.0
5,충청남도,17.8,2.7,1.5,65.5,0,0,0,0,0.0
5,대구광역시,23.3,0.0,1.5,49.1,10,10,10,10,100.0
5,대구광역시,23.0,0.18,1.58,49.19,9,9,9,9,90.0
5,대구광역시,22.7,0.36,1.66,49.28,8,8,8,8,80.0
5,대구광역시,22.4,0.54,1.74,49.37,7,7,7,7,70.0
5,대구광역시,22.1,0.72,1.82,49.46,6,6,6,6,60.0
5,대구광역시,21.8,0.9,1.9,49.55,5,5,5,5,50.0
5,대구광역시,21.5,1.08,1.98,49.64,4,4,4,4,40.0
5,대구광역시,21.2,1.26,2.06,49.73,3,3,3,3,30.0
5,대구광역시,20.9,1.44,2.14,49.82,2,2,2,2,20.0
5,대구광역시,20.3,1.8,2.3,50.0,0,0,0,0,0.0
5,서울특별시,16.2,0.0,3.3,41.0,10,10,10,10,100.0
5,서울특별시,16.46,0.24,3.22,42.23,9,9,9,9,90.0
5,서울특별시,16.72,0.48,3.14,43.46,8,8,8,8,80.0
5,서울특별시,16.98,0.72,3.06,44.69,7,7,7,7,70.0
5,서울특별시,17.24,0.96,2.98,45.92,6,6,6,6,60.0
5,서울특별시,17.5,1.2,2.9,47.15,5,5,5,5,50.0
5,서울특별시,17.76,1.44,2.82,48.38,4,4,4,4,40.0
5,서울특별시,18.02,1.68,2.74,49.61,3,3,3,3,30.0
5,서울특별시,18.28,1.92,2.66,50.84,2,2,2,2,20.0
5,서울특별시,18.8,2.4,2.5,53.3,0,0,0,0,0.0
5,충청북도,0,0,0,0,0,0,0,0,0.0
5,충청북도,0,0,0,0,0,0,0,0,0.0
5,충청북도,0,0,0,0,0,0,0,0,0.0
5,충청북도,0,0,0,0,0,0,0,0,0.0
5,충청북도,0,0,0,0,0,0,0,0,0.0
5,충청북도,0,0,0,0,0,0,0,0,0.0
5,충청북도,0,0,0,0,0,0,0,0,0.0
5,충청북도,0,0,0,0,0,0,0,0,0.0
5,충청북도,0,0,0,0,0,0,0,0,0.0
5,충청북도,0,0,0,0,0,0,0,0,0.0
5,광주광역시,0,0,0,0,0,0,0,0,0.0
5,광주광역시,0,0,0,0,0,0,0,0,0.0
5,광주광역시,0,0,0,0,0,0,0,0,0.0
5,광주광역시,0,0,0,0,0,0,0,0,0.0
5,광주광역시,0,0,0,0,0,0,0,0,0.0
5,광주광역시,0,0,0,0,0,0,0,0,0.0
5,광주광역시,0,0,0,0,0,0,0,0,0.0
5,광주광역시,0,0,0,0,0,0,0,0,0.0
5,광주광역시,0,0,0,0,0,0,0,0,0.0
5,광주광역시,0,0,0,0,0,0,0,0,0.0
5,울산광역시,19.2,0.0,2.2,66.9,10,10,10,10,100.0
5,울산광역시,19.14,0.24,2.19,66.38,9,9,9,9,90.0
5,울산광역시,19.08,0.48,2.18,65.86,8,8,8,8,80.0
5,울산광역시,19.02,0.72,2.17,65.34,7,7,7,7,70.0
5,울산광역시,18.96,0.96,2.16,64.82,6,6,6,6,60.0
5,울산광역시,18.9,1.2,2.15,64.3,5,5,5,5,50.0
5,울산광역시,18.84,1.44,2.14,63.78,4,4,4,4,40.0
5,울산광역시,18.78,1.68,2.13,63.26,3,3,3,3,30.0
5,울산광역시,18.72,1.92,2.12,62.74,2,2,2,2,20.0
5,울산광역시,18.6,2.4,2.1,61.7,0,0,0,0,0.0
5,제주특별자치도,0,0,0,0,0,0,0,0,0.0
5,제주특별자치도,0,0,0,0,0,0,0,0,0.0
5,제주특별자치도,0,0,0,0,0,0,0,0,0.0
5,제주특별자치도,0,0,0,0,0,0,0,0,0.0
5,제주특별자치도,0,0,0,0,0,0,0,0,0.0
5,제주특별자치도,0,0,0,0,0,0,0,0,0.0
5,제주특별자치도,0,0,0,0,0,0,0,0,0.0
5,제주특별자치도,0,0,0,0,0,0,0,0,0.0
5,제주특별자치도,0,0,0,0,0,0,0,0,0.0
5,제주특별자치도,0,0,0,0,0,0,0,0,0.0
5,강원도,13.2,17.0,0.6,66.1,10,10,10,10,100.0
5,강원도,13.69,15.53,0.68,65.55,9,9,9,9,90.0
5,강원도,14.18,14.06,0.76,65.0,8,8,8,8,80.0
5,강원도,14.67,12.59,0.84,64.45,7,7,7,7,70.0
5,강원도,15.16,11.12,0.92,63.9,6,6,6,6,60.0
5,강원도,15.65,9.65,1.0,63.35,5,5,5,5,50.0
5,강원도,16.14,8.18,1.08,62.8,4,4,4,4,40.0
5,강원도,16.63,6.71,1.16,62.25,3,3,3,3,30.0
5,강원도,17.12,5.24,1.24,61.7,2,2,2,2,20.0
5,강원도,18.1,2.3,1.4,60.6,0,0,0,0,0.0
5,경상남도,13.2,5.0,1.4,72.6,10,10,10,10,100.0
5,경상남도,13.79,4.77,1.41,71.17,9,9,9,9,90.0
5,경상남도,14.38,4.54,1.42,69.74,8,8,8,8,80.0
5,경상남도,14.97,4.31,1.43,68.31,7,7,7,7,70.0
5,경상남도,15.56,4.08,1.44,66.88,6,6,6,6,60.0
5,경상남도,16.15,3.85,1.45,65.45,5,5,5,5,50.0
5,경상남도,16.74,3.62,1.46,64.02,4,4,4,4,40.0
5,경상남도,17.33,3.39,1.47,62.59,3,3,3,3,30.0
5,경상남도,17.92,3.16,1.48,61.16,2,2,2,2,20.0
5,경상남도,19.1,2.7,1.5,58.3,0,0,0,0,0.0
5,경기도,18.8,0.0,1.4,52.3,10,10,10,10,100.0
5,경기도,18.7,0.23,1.42,52.98,9,9,9,9,90.0
5,경기도,18.6,0.46,1.44,53.66,8,8,8,8,80.0
5,경기도,18.5,0.69,1.46,54.34,7,7,7,7,70.0
5,경기도,18.4,0.92,1.48,55.02,6,6,6,6,60.0
5,경기도,18.3,1.15,1.5,55.7,5,5,5,5,50.0
5,경기도,18.2,1.38,1.52,56.38,4,4,4,4,40.0
5,경기도,18.1,1.61,1.54,57.06,3,3,3,3,30.0
5,경기도,18.0,1.84,1.56,57.74,2,2,2,2,20.0
5,경기도,17.8,2.3,1.6,59.1,0,0,0,0,0.0
5,전라남도,17.4,1.0,2.2,65.8,10,10,0,10,70.0
5,전라남도,17.51,1.27,2.2,65.66,9,9,0,9,63.0
5,전라남도,17.62,1.54,2.2,65.52,8,8,0,8,56.0
5,전라남도,17.73,1.81,2.2,65.38,7,7,0,7,49.0
5,전라남도,17.84,2.08,2.2,65.24,6,6,0,6,42.0
5,전라남도,17.95,2.35,2.2,65.1,5,5,0,5,35.0
5,전라남도,18.06,2.62,2.2,64.96,4,4,0,4,28.0
5,전라남도,18.17,2.89,2.2,64.82,3,3,0,3,21.0
5,전라남도,18.28,3.16,2.2,64.68,2,2,0,2,14.0
5,전라남도,18.5,3.7,2.2,64.4,0,0,0,0,0.0
5,전라북도,0,0,0,0,0,0,0,0,0.0
5,전라북도,0,0,0,0,0,0,0,0,0.0
5,전라북도,0,0,0,0,0,0,0,0,0.0
5,전라북도,0,0,0,0,0,0,0,0,0.0
5,전라북도,0,0,0,0,0,0,0,0,0.0
5,전라북도,0,0,0,0,0,0,0,0,0.0
5,전라북도,0,0,0,0,0,0,0,0,0.0
5,전라북도,0,0,0,0,0,0,0,0,0.0
5,전라북도,0,0,0,0,0,0,0,0,0.0
5,전라북도,0,0,0,0,0,0,0,0,0.0
5,경상북도,15.8,4.2,1.7,65.6,10,10,10,10,100.0
5,경상북도,16.04,3.99,1.72,64.76,9,9,9,9,90.0
5,경상북도,16.28,3.78,1.74,63.92,8,8,8,8,80.0
5,경상북도,16.52,3.57,1.76,63.08,7,7,7,7,70.0
5,경상북도,16.76,3.36,1.78,62.24,6,6,6,6,60.0
5,경상북도,17.0,3.15,1.8,61.4,5,5,5,5,50.0
5,경상북도,17.24,2.94,1.82,60.56,4,4,4,4,40.0
5,경상북도,17.48,2.73,1.84,59.72,3,3,3,3,30.0
5,경상북도,17.72,2.52,1.86,58.88,2,2,2,2,20.0
5,경상북도,18.2,2.1,1.9,57.2,0,0,0,0,0.0
5,부산광역시,14.5,1.3,4.9,65.4,10,10,10,10,100.0
5,부산광역시,14.89,1.59,4.71,65.0,9,9,9,9,90.0
5,부산광역시,15.28,1.88,4.52,64.6,8,8,8,8,80.0
5,부산광역시,15.67,2.17,4.33,64.2,7,7,7,7,70.0
5,부산광역시,16.06,2.46,4.14,63.8,6,6,6,6,60.0
5,부산광역시,16.45,2.75,3.95,63.4,5,5,5,5,50.0
5,부산광역시,16.84,3.04,3.76,63.0,4,4,4,4,40.0
5,부산광역시,17.23,3.33,3.57,62.6,3,3,3,3,30.0
5,부산광역시,17.62,3.62,3.38,62.2,2,2,2,2,20.0
5,부산광역시,18.4,4.2,3.0,61.4,0,0,0,0,0.0
5,세종특별자치시,0,0,0,0,0,0,0,0,0.0
5,세종특별자치시,0,0,0,0,0,0,0,0,0.0
5,세종특별자치시,0,0,0,0,0,0,0,0,0.0
5,세종특별자치시,0,0,0,0,0,0,0,0,0.0
5,세종특별자치시,0,0,0,0,0,0,0,0,0.0
5,세종특별자치시,0,0,0,0,0,0,0,0,0.0
5,세종특별자치시,0,0,0,0,0,0,0,0,0.0
5,세종특별자치시,0,0,0,0,0,0,0,0,0.0
5,세종특별자치시,0,0,0,0,0,0,0,0,0.0
5,세종특별자치시,0,0,0,0,0,0,0,0,0.0
5,대전광역시,14.5,1.5,2.6,76.3,10,10,10,10,100.0
5,대전광역시,14.83,1.62,2.49,75.22,9,9,9,9,90.0
5,대전광역시,15.16,1.74,2.38,74.14,8,8,8,8,80.0
5,대전광역시,15.49,1.86,2.27,73.06,7,7,7,7,70.0
5,대전광역시,15.82,1.98,2.16,71.98,6,6,6,6,60.0
5,대전광역시,16.15,2.1,2.05,70.9,5,5,5,5,50.0
5,대전광역시,16.48,2.22,1.94,69.82,4,4,4,4,40.0
5,대전광역시,16.81,2.34,1.83,68.74,3,3,3,3,30.0
5,대전광역시,17.14,2.46,1.72,67.66,2,2,2,2,20.0
5,대전광역시,17.8,2.7,1.5,65.5,0,0,0,0,0.0
6,인천광역시,0,0,0,0,0,0,0,0,0.0
6,인천광역시,0,0,0,0,0,0,0,0,0.0
6,인천광역시,0,0,0,0,0,0,0,0,0.0
6,인천광역시,0,0,0,0,0,0,0,0,0.0
6,인천광역시,0,0,0,0,0,0,0,0,0.0
6,인천광역시,0,0,0,0,0,0,0,0,0.0
6,인천광역시,0,0,0,0,0,0,0,0,0.0
6,인천광역시,0,0,0,0,0,0,0,0,0.0
6,인천광역시,0,0,0,0,0,0,0,0,0.0
6,인천광역시,0,0,0,0,0,0,0,0,0.0
6,충청남도,0,0,0,0,0,0,0,0,0.0
6,충청남도,0,0,0,0,0,0,0,0,0.0
6,충청남도,0,0,0,0,0,0,0,0,0.0
6,충청남도,0,0,0,0,0,0,0,0,0.0
6,충청남도,0,0,0,0,0,0,0,0,0.0
6,충청남도,0,0,0,0,0,0,0,0,0.0
6,충청남도,0,0,0,0,0,0,0,0,0.0
6,충청남도,0,0,0,0,0,0,0,0,0.0
6,충청남도,0,0,0,0,0,0,0,0,0.0
6,충청남도,0,0,0,0,0,0,0,0,0.0
6,대구광역시,25.4,0.5,1.8,54.7,10,10,10,10,100.0
6,대구광역시,25.24,0.83,1.85,55.47,9,9,9,9,90.0
6,대구광역시,25.08,1.16,1.9,56.24,8,8,8,8,80.0
6,대구광역시,24.92,1.49,1.95,57.01,7,7,7,7,70.0
6,대구광역시,24.76,1.82,2.0,57.78,6,6,6,6,60.0
6,대구광역시,24.6,2.15,2.05,58.55,5,5,5,5,50.0
6,대구광역시,24.44,2.48,2.1,59.32,4,4,4,4,40.0
6,대구광역시,24.28,2.81,2.15,60.09,3,3,3,3,30.0
6,대구광역시,24.12,3.14,2.2,60.86,2,2,2,2,20.0
6,대구광역시,23.8,3.8,2.3,62.4,0,0,0,0,0.0
6,서울특별시,0,0,0,0,0,0,0,0,0.0
6,서울특별시,0,0,0,0,0,0,0,0,0.0
6,서울특별시,0,0,0,0,0,0,0,0,0.0
6,서울특별시,0,0,0,0,0,0,0,0,0.0
6,서울특별시,0,0,0,0,0,0,0,0,0.0
6,서울특별시,0,0,0,0,0,0,0,0,0.0
6,서울특별시,0,0,0,0,0,0,0,0,0.0
6,서울특별시,0,0,0,0,0,0,0,0,0.0
6,서울특별시,0,0,0,0,0,0,0,0,0.0
6,서울특별시,0,0,0,0,0,0,0,0,0.0
6,충청북도,0,0,0,0,0,0,0,0,0.0
6,충청북도,0,0,0,0,0,0,0,0,0.0
6,충청북도,0,0,0,0,0,0,0,0,0.0
6,충청북도,0,0,0,0,0,0,0,0,0.0
6,충청북도,0,0,0,0,0,0,0,0,0.0
6,충청북도,0,0,0,0,0,0,0,0,0.0
6,충청북도,0,0,0,0,0,0,0,0,0.0
6,충청북도,0,0,0,0,0,0,0,0,0.0
6,충청북도,0,0,0,0,0,0,0,0,0.0
6,충청북도,0,0,0,0,0,0,0,0,0.0
6,광주광역시,0,0,0,0,0,0,0,0,0.0
6,광주광역시,0,0,0,0,0,0,0,0,0.0
6,광주광역시,0,0,0,0,0,0,0,0,0.0
6,광주광역시,0,0,0,0,0,0,0,0,0.0
6,광주광역시,0,0,0,0,0,0,0,0,0.0
6,광주광역시,0,0,0,0,0,0,0,0,0.0
6,광주광역시,0,0,0,0,0,0,0,0,0.0
6,광주광역시,0,0,0,0,0,0,0,0,0.0
6,광주광역시,0,0,0,0,0,0,0,0,0.0
6,광주광역시,0,0,0,0,0,0,0,0,0.0
6,울산광역시,18.0,0.0,2.6,69.6,10,10,10,10,100.0
6,울산광역시,18.39,0.47,2.54,69.93,9,9,9,9,90.0
6,울산광역시,18.78,0.94,2.48,70.26,8,8,8,8,80.0
6,울산광역시,19.17,1.41,2.42,70.59,7,7,7,7,70.0
6,울산광역시,19.56,1.88,2.36,70.92,6,6,6,6,60.0
6,울산광역시,19.95,2.35,2.3,71.25,5,5,5,5,50.0
6,울산광역시,20.34,2.82,2.24,71.58,4,4,4,4,40.0
6,울산광역시,20.73,3.29,2.18,71.91,3,3,3,3,30.0
6,울산광역시,21.12,3.76,2.12,72.24,2,2,2,2,20.0
6,울산광역시,21.9,4.7,2.0,72.9,0,0,0,0,0.0
6,제주특별자치도,20.3,0.0,2.4,58.3,10,10,10,10,100.0
6,제주특별자치도,20.5,0.39,2.44,60.21,9,9,9,9,90.0
6,제주특별자치도,20.7,0.78,2.48,62.12,8,8,8,8,80.0
6,제주특별자치도,20.9,1.17,2.52,64.03,7,7,7,7,70.0
6,제주특별자치도,21.1,1.56,2.56,65.94,6,6,6,6,60.0
6,제주특별자치도,21.3,1.95,2.6,67.85,5,5,5,5,50.0
6,제주특별자치도,21.5,2.34,2.64,69.76,4,4,4,4,40.0
6,제주특별자치도,21.7,2.73,2.68,71.67,3,3,3,3,30.0
6,제주특별자치도,21.9,3.12,2.72,73.58,2,2,2,2,20.0
6,제주특별자치도,22.3,3.9,2.8,77.4,0,0,0,0,0.0
6,강원도,20.7,0.5,1.5,76.6,10,10,10,10,100.0
6,강원도,20.93,0.89,1.48,75.32,9,9,9,9,90.0
6,강원도,21.16,1.28,1.46,74.04,8,8,8,8,80.0
6,강원도,21.39,1.67,1.44,72.76,7,7,7,7,70.0
6,강원도,21.62,2.06,1.42,71.48,6,6,6,6,60.0
6,강원도,21.85,2.45,1.4,70.2,5,5,5,5,50.0
6,강원도,22.08,2.84,1.38,68.92,4,4,4,4,40.0
6,강원도,22.31,3.23,1.36,67.64,3,3,3,3,30.0
6,강원도,22.54,3.62,1.34,66.36,2,2,2,2,20.0
6,강원도,23.0,4.4,1.3,63.8,0,0,0,0,0.0
6,경상남도,21.2,0.0,2.3,66.8,10,10,0,10,70.0
6,경상남도,21.24,0.65,2.3,67.65,9,9,0,9,63.0
6,경상남도,21.28,1.3,2.3,68.5,8,8,0,8,56.0
6,경상남도,21.32,1.95,2.3,69.35,7,7,0,7,49.0
6,경상남도,21.36,2.6,2.3,70.2,6,6,0,6,42.0
6,경상남도,21.4,3.25,2.3,71.05,5,5,0,5,35.0
6,경상남도,21.44,3.9,2.3,71.9,4,4,0,4,28.0
6,경상남도,21.48,4.55,2.3,72.75,3,3,0,3,21.0
6,경상남도,21.52,5.2,2.3,73.6,2,2,0,2,14.0
6,경상남도,21.6,6.5,2.3,75.3,0,0,0,0,0.0
6,경기도,20.8,0.0,1.3,57.0,10,10,10,10,100.0
6,경기도,20.94,0.31,1.31,58.39,9,9,9,9,90.0
6,경기도,21.08,0.62,1.32,59.78,8,8,8,8,80.0
6,경기도,21.22,0.93,1.33,61.17,7,7,7,7,70.0
6,경기도,21.36,1.24,1.34,62.56,6,6,6,6,60.0
6,경기도,21.5,1.55,1.35,63.95,5,5,5,5,50.0
6,경기도,21.64,1.86,1.36,65.34,4,4,4,4,40.0
6,경기도,21.78,2.17,1.37,66.73,3,3,3,3,30.0
6,경기도,21.92,2.48,1.38,68.12,2,2,2,2,20.0
6,경기도,22.2,3.1,1.4,70.9,0,0,0,0,0.0
6,전라남도,21.9,0.5,1.5,84.2,10,10,10,10,100.0
6,전라남도,21.95,0.91,1.56,83.5,9,9,9,9,90.0
6,전라남도,22.0,1.32,1.62,82.8,8,8,8,8,80.0
6,전라남도,22.05,1.73,1.68,82.1,7,7,7,7,70.0
6,전라남도,22.1,2.14,1.74,81.4,6,6,6,6,60.0
6,전라남도,22.15,2.55,1.8,80.7,5,5,5,5,50.0
6,전라남도,22.2,2.96,1.86,80.0,4,4,4,4,40.0
6,전라남도,22.25,3.37,1.92,79.3,3,3,3,3,30.0
6,전라남도,22.3,3.78,1.98,78.6,2,2,2,2,20.0
6,전라남도,22.4,4.6,2.1,77.2,0,0,0,0,0.0
6,전라북도,19.2,1.2,2.8,75.8,10,10,10,10,100.0
6,전라북도,19.51,1.44,2.71,75.65,9,9,9,9,90.0
6,전라북도,19.82,1.68,2.62,75.5,8,8,8,8,80.0
6,전라북도,20.13,1.92,2.53,75.35,7,7,7,7,70.0
6,전라북도,20.44,2.16,2.44,75.2,6,6,6,6,60.0
6,전라북도,20.75,2.4,2.35,75.05,5,5,5,5,50.0
6,전라북도,21.06,2.64,2.26,74.9,4,4,4,4,40.0
6,전라북도,21.37,2.88,2.17,74.75,3,3,3,3,30.0
6,전라북도,21.68,3.12,2.08,74.6,2,2,2,2,20.0
6,전라북도,22.3,3.6,1.9,74.3,0,0,0,0,0.0
6,경상북도,0,0,0,0,0,0,0,0,0.0
6,경상북도,0,0,0,0,0,0,0,0,0.0
6,경상북도,0,0,0,0,0,0,0,0,0.0
6,경상북도,0,0,0,0,0,0,0,0,0.0
6,경상북도,0,0,0,0,0,0,0,0,0.0
6,경상북도,0,0,0,0,0,0,0,0,0.0
6,경상북도,0,0,0,0,0,0,0,0,0.0
6,경상북도,0,0,0,0,0,0,0,0,0.0
6,경상북도,0,0,0,0,0,0,0,0,0.0
6,경상북도,0,0,0,0,0,0,0,0,0.0
6,부산광역시,19.6,9.2,3.3,67.6,10,10,10,10,100.0
6,부산광역시,19.78,8.89,3.26,68.23,9,9,9,9,90.0
6,부산광역시,19.96,8.58,3.22,68.86,8,8,8,8,80.0
6,부산광역시,20.14,8.27,3.18,69.49,7,7,7,7,70.0
6,부산광역시,20.32,7.96,3.14,70.12,6,6,6,6,60.0
6,부산광역시,20.5,7.65,3.1,70.75,5,5,5,5,50.0
6,부산광역시,20.68,7.34,3.06,71.38,4,4,4,4,40.0
6,부산광역시,20.86,7.03,3.02,72.01,3,3,3,3,30.0
6,부산광역시,21.04,6.72,2.98,72.64,2,2,2,2,20.0
6,부산광역시,21.4,6.1,2.9,73.9,0,0,0,0,0.0
6,세종특별자치시,0,0,0,0,0,0,0,0,0.0
6,세종특별자치시,0,0,0,0,0,0,0,0,0.0
6,세종특별자치시,0,0,0,0,0,0,0,0,0.0
6,세종특별자치시,0,0,0,0,0,0,0,0,0.0
6,세종특별자치시,0,0,0,0,0,0,0,0,0.0
6,세종특별자치시,0,0,0,0,0,0,0,0,0.0
6,세종특별자치시,0,0,0,0,0,0,0,0,0.0
6,세종특별자치시,0,0,0,0,0,0,0,0,0.0
6,세종특별자치시,0,0,0,0,0,0,0,0,0.0
6,세종특별자치시,0,0,0,0,0,0,0,0,0.0
6,대전광역시,0,0,0,0,0,0,0,0,0.0
6,대전광역시,0,0,0,0,0,0,0,0,0.0
6,대전광역시,0,0,0,0,0,0,0,0,0.0
6,대전광역시,0,0,0,0,0,0,0,0,0.0
6,대전광역시,0,0,0,0,0,0,0,0,0.0
6,대전광역시,0,0,0,0,0,0,0,0,0.0
6,대전광역시,0,0,0,0,0,0,0,0,0.0
6,대전광역시,0,0,0,0,0,0,0,0,0.0
6,대전광역시,0,0,0,0,0,0,0,0,0.0
6,대전광역시,0,0,0,0,0,0,0,0,0.0
7,인천광역시,0,0,0,0,0,0,0,0,0.0
7,인천광역시,0,0,0,0,0,0,0,0,0.0
7,인천광역시,0,0,0,0,0,0,0,0,0.0
7,인천광역시,0,0,0,0,0,0,0,0,0.0
7,인천광역시,0,0,0,0,0,0,0,0,0.0
7,인천광역시,0,0,0,0,0,0,0,0,0.0
7,인천광역시,0,0,0,0,0,0,0,0,0.0
7,인천광역시,0,0,0,0,0,0,0,0,0.0
7,인천광역시,0,0,0,0,0,0,0,0,0.0
7,인천광역시,0,0,0,0,0,0,0,0,0.0
7,충청남도,0,0,0,0,0,0,0,0,0.0
7,충청남도,0,0,0,0,0,0,0,0,0.0
7,충청남도,0,0,0,0,0,0,0,0,0.0
7,충청남도,0,0,0,0,0,0,0,0,0.0
7,충청남도,0,0,0,0,0,0,0,0,0.0
7,충청남도,0,0,0,0,0,0,0,0,0.0
7,충청남도,0,0,0,0,0,0,0,0,0.0
7,충청남도,0,0,0,0,0,0,0,0,0.0
7,충청남도,0,0,0,0,0,0,0,0,0.0
7,충청남도,0,0,0,0,0,0,0,0,0.0
7,대구광역시,0,0,0,0,0,0,0,0,0.0
7,대구광역시,0,0,0,0,0,0,0,0,0.0
7,대구광역시,0,0,0,0,0,0,0,0,0.0
7,대구광역시,0,0,0,0,0,0,0,0,0.0
7,대구광역시,0,0,0,0,0,0,0,0,0.0
7,대구광역시,0,0,0,0,0,0,0,0,0.0
7,대구광역시,0,0,0,0,0,0,0,0,0.0
7,대구광역시,0,0,0,0,0,0,0,0,0.0
7,대구광역시,0,0,0,0,0,0,0,0,0.0
7,대구광역시,0,0,0,0,0,0,0,0,0.0
7,서울특별시,0,0,0,0,0,0,0,0,0.0
7,서울특별시,0,0,0,0,0,0,0,0,0.0
7,서울특별시,0,0,0,0,0,0,0,0,0.0
7,서울특별시,0,0,0,0,0,0,0,0,0.0
7,서울특별시,0,0,0,0,0,0,0,0,0.0
7,서울특별시,0,0,0,0,0,0,0,0,0.0
7,서울특별시,0,0,0,0,0,0,0,0,0.0
7,서울특별시,0,0,0,0,0,0,0,0,0.0
7,서울특별시,0,0,0,0,0,0,0,0,0.0
7,서울특별시,0,0,0,0,0,0,0,0,0.0
7,충청북도,0,0,0,0,0,0,0,0,0.0
7,충청북도,0,0,0,0,0,0,0,0,0.0
7,충청북도,0,0,0,0,0,0,0,0,0.0
7,충청북도,0,0,0,0,0,0,0,0,0.0
7,충청북도,0,0,0,0,0,0,0,0,0.0
7,충청북도,0,0,0,0,0,0,0,0,0.0
7,충청북도,0,0,0,0,0,0,0,0,0.0
7,충청북도,0,0,0,0,0,0,0,0,0.0
7,충청북도,0,0,0,0,0,0,0,0,0.0
7,충청북도,0,0,0,0,0,0,0,0,0.0
7,광주광역시,0,0,0,0,0,0,0,0,0.0
7,광주광역시,0,0,0,0,0,0,0,0,0.0
7,광주광역시,0,0,0,0,0,0,0,0,0.0
7,광주광역시,0,0,0,0,0,0,0,0,0.0
7,광주광역시,0,0,0,0,0,0,0,0,0.0
7,광주광역시,0,0,0,0,0,0,0,0,0.0
7,광주광역시,0,0,0,0,0,0,0,0,0.0
7,광주광역시,0,0,0,0,0,0,0,0,0.0
7,광주광역시,0,0,0,0,0,0,0,0,0.0
7,광주광역시,0,0,0,0,0,0,0,0,0.0
7,울산광역시,0,0,0,0,0,0,0,0,0.0
7,울산광역시,0,0,0,0,0,0,0,0,0.0
7,울산광역시,0,0,0,0,0,0,0,0,0.0
7,울산광역시,0,0,0,0,0,0,0,0,0.0
7,울산광역시,0,0,0,0,0,0,0,0,0.0
7,울산광역시,0,0,0,0,0,0,0,0,0.0
7,울산광역시,0,0,0,0,0,0,0,0,0.0
7,울산광역시,0,0,0,0,0,0,0,0,0.0
7,울산광역시,0,0,0,0,0,0,0,0,0.0
7,울산광역시,0,0,0,0,0,0,0,0,0.0
7,제주특별자치도,0,0,0,0,0,0,0,0,0.0
7,제주특별자치도,0,0,0,0,0,0,0,0,0.0
7,제주특별자치도,0,0,0,0,0,0,0,0,0.0
7,제주특별자치도,0,0,0,0,0,0,0,0,0.0
7,제주특별자치도,0,0,0,0,0,0,0,0,0.0
7,제주특별자치도,0,0,0,0,0,0,0,0,0.0
7,제주특별자치도,0,0,0,0,0,0,0,0,0.0
7,제주특별자치도,0,0,0,0,0,0,0,0,0.0
7,제주특별자치도,0,0,0,0,0,0,0,0,0.0
7,제주특별자치도,0,0,0,0,0,0,0,0,0.0
7,강원도,0,0,0,0,0,0,0,0,0.0
7,강원도,0,0,0,0,0,0,0,0,0.0
7,강원도,0,0,0,0,0,0,0,0,0.0
7,강원도,0,0,0,0,0,0,0,0,0.0
7,강원도,0,0,0,0,0,0,0,0,0.0
7,강원도,0,0,0,0,0,0,0,0,0.0
7,강원도,0,0,0,0,0,0,0,0,0.0
7,강원도,0,0,0,0,0,0,0,0,0.0
7,강원도,0,0,0,0,0,0,0,0,0.0
7,강원도,0,0,0,0,0,0,0,0,0.0
7,경상남도,0,0,0,0,0,0,0,0,0.0
7,경상남도,0,0,0,0,0,0,0,0,0.0
7,경상남도,0,0,0,0,0,0,0,0,0.0
7,경상남도,0,0,0,0,0,0,0,0,0.0
7,경상남도,0,0,0,0,0,0,0,0,0.0
7,경상남도,0,0,0,0,0,0,0,0,0.0
7,경상남도,0,0,0,0,0,0,0,0,0.0
7,경상남도,0,0,0,0,0,0,0,0,0.0
7,경상남도,0,0,0,0,0,0,0,0,0.0
7,경상남도,0,0,0,0,0,0,0,0,0.0
7,경기도,0,0,0,0,0,0,0,0,0.0
7,경기도,0,0,0,0,0,0,0,0,0.0
7,경기도,0,0,0,0,0,0,0,0,0.0
7,경기도,0,0,0,0,0,0,0,0,0.0
7,경기도,0,0,0,0,0,0,0,0,0.0
7,경기도,0,0,0,0,0,0,0,0,0.0
7,경기도,0,0,0,0,0,0,0,0,0.0
7,경기도,0,0,0,0,0,0,0,0,0.0
7,경기도,0,0,0,0,0,0,0,0,0.0
7,경기도,0,0,0,0,0,0,0,0,0.0
7,전라남도,27.2,5.1,3.2,77.4,10,10,10,10,100.0
7,전라남도,26.99,5.63,3.08,78.09,9,9,9,9,90.0
7,전라남도,26.78,6.16,2.96,78.78,8,8,8,8,80.0
7,전라남도,26.57,6.69,2.84,79.47,7,7,7,7,70.0
7,전라남도,26.36,7.22,2.72,80.16,6,6,6,6,60.0
7,전라남도,26.15,7.75,2.6,80.85,5,5,5,5,50.0
7,전라남도,25.94,8.28,2.48,81.54,4,4,4,4,40.0
7,전라남도,25.73,8.81,2.36,82.23,3,3,3,3,30.0
7,전라남도,25.52,9.34,2.24,82.92,2,2,2,2,20.0
7,전라남도,25.1,10.4,2.0,84.3,0,0,0,0,0.0
7,전라북도,0,0,0,0,0,0,0,0,0.0
7,전라북도,0,0,0,0,0,0,0,0,0.0
7,전라북도,0,0,0,0,0,0,0,0,0.0
7,전라북도,0,0,0,0,0,0,0,0,0.0
7,전라북도,0,0,0,0,0,0,0,0,0.0
7,전라북도,0,0,0,0,0,0,0,0,0.0
7,전라북도,0,0,0,0,0,0,0,0,0.0
7,전라북도,0,0,0,0,0,0,0,0,0.0
7,전라북도,0,0,0,0,0,0,0,0,0.0
7,전라북도,0,0,0,0,0,0,0,0,0.0
7,경상북도,0,0,0,0,0,0,0,0,0.0
7,경상북도,0,0,0,0,0,0,0,0,0.0
7,경상북도,0,0,0,0,0,0,0,0,0.0
7,경상북도,0,0,0,0,0,0,0,0,0.0
7,경상북도,0,0,0,0,0,0,0,0,0.0
7,경상북도,0,0,0,0,0,0,0,0,0.0
7,경상북도,0,0,0,0,0,0,0,0,0.0
7,경상북도,0,0,0,0,0,0,0,0,0.0
7,경상북도,0,0,0,0,0,0,0,0,0.0
7,경상북도,0,0,0,0,0,0,0,0,0.0
7,부산광역시,0,0,0,0,0,0,0,0,0.0
7,부산광역시,0,0,0,0,0,0,0,0,0.0
7,부산광역시,0,0,0,0,0,0,0,0,0.0
7,부산광역시,0,0,0,0,0,0,0,0,0.0
7,부산광역시,0,0,0,0,0,0,0,0,0.0
7,부산광역시,0,0,0,0,0,0,0,0,0.0
7,부산광역시,0,0,0,0,0,0,0,0,0.0
7,부산광역시,0,0,0,0,0,0,0,0,0.0
7,부산광역시,0,0,0,0,0,0,0,0,0.0
7,부산광역시,0,0,0,0,0,0,0,0,0.0
7,세종특별자치시,0,0,0,0,0,0,0,0,0.0
7,세종특별자치시,0,0,0,0,0,0,0,0,0.0
7,세종특별자치시,0,0,0,0,0,0,0,0,0.0
7,세종특별자치시,0,0,0,0,0,0,0,0,0.0
7,세종특별자치시,0,0,0,0,0,0,0,0,0.0
7,세종특별자치시,0,0,0,0,0,0,0,0,0.0
7,세종특별자치시,0,0,0,0,0,0,0,0,0.0
7,세종특별자치시,0,0,0,0,0,0,0,0,0.0
7,세종특별자치시,0,0,0,0,0,0,0,0,0.0
7,세종특별자치시,0,0,0,0,0,0,0,0,0.0
7,대전광역시,0,0,0,0,0,0,0,0,0.0
7,대전광역시,0,0,0,0,0,0,0,0,0.0
7,대전광역시,0,0,0,0,0,0,0,0,0.0
7,대전광역시,0,0,0,0,0,0,0,0,0.0
7,대전광역시,0,0,0,0,0,0,0,0,0.0
7,대전광역시,0,0,0,0,0,0,0,0,0.0
7,대전광역시,0,0,0,0,0,0,0,0,0.0
7,대전광역시,0,0,0,0,0,0,0,0,0.0
7,대전광역시,0,0,0,0,0,0,0,0,0.0
7,대전광역시,0,0,0,0,0,0,0,0,0.0
8,인천광역시,0,0,0,0,0,0,0,0,0.0
8,인천광역시,0,0,0,0,0,0,0,0,0.0
8,인천광역시,0,0,0,0,0,0,0,0,0.0
8,인천광역시,0,0,0,0,0,0,0,0,0.0
8,인천광역시,0,0,0,0,0,0,0,0,0.0
8,인천광역시,0,0,0,0,0,0,0,0,0.0
8,인천광역시,0,0,0,0,0,0,0,0,0.0
8,인천광역시,0,0,0,0,0,0,0,0,0.0
8,인천광역시,0,0,0,0,0,0,0,0,0.0
8,인천광역시,0,0,0,0,0,0,0,0,0.0
8,충청남도,0,0,0,0,0,0,0,0,0.0
8,충청남도,0,0,0,0,0,0,0,0,0.0
8,충청남도,0,0,0,0,0,0,0,0,0.0
8,충청남도,0,0,0,0,0,0,0,0,0.0
8,충청남도,0,0,0,0,0,0,0,0,0.0
8,충청남도,0,0,0,0,0,0,0,0,0.0
8,충청남도,0,0,0,0,0,0,0,0,0.0
8,충청남도,0,0,0,0,0,0,0,0,0.0
8,충청남도,0,0,0,0,0,0,0,0,0.0
8,충청남도,0,0,0,0,0,0,0,0,0.0
8,대구광역시,0,0,0,0,0,0,0,0,0.0
8,대구광역시,0,0,0,0,0,0,0,0,0.0
8,대구광역시,0,0,0,0,0,0,0,0,0.0
8,대구광역시,0,0,0,0,0,0,0,0,0.0
8,대구광역시,0,0,0,0,0,0,0,0,0.0
8,대구광역시,0,0,0,0,0,0,0,0,0.0
8,대구광역시,0,0,0,0,0,0,0,0,0.0
8,대구광역시,0,0,0,0,0,0,0,0,0.0
8,대구광역시,0,0,0,0,0,0,0,0,0.0
8,대구광역시,0,0,0,0,0,0,0,0,0.0
8,서울특별시,0,0,0,0,0,0,0,0,0.0
8,서울특별시,0,0,0,0,0,0,0,0,0.0
8,서울특별시,0,0,0,0,0,0,0,0,0.0
8,서울특별시,0,0,0,0,0,0,0,0,0.0
8,서울특별시,0,0,0,0,0,0,0,0,0.0
8,서울특별시,0,0,0,0,0,0,0,0,0.0
8,서울특별시,0,0,0,0,0,0,0,0,0.0
8,서울특별시,0,0,0,0,0,0,0,0,0.0
8,서울특별시,0,0,0,0,0,0,0,0,0.0
8,서울특별시,0,0,0,0,0,0,0,0,0.0
8,충청북도,0,0,0,0,0,0,0,0,0.0
8,충청북도,0,0,0,0,0,0,0,0,0.0
8,충청북도,0,0,0,0,0,0,0,0,0.0
8,충청북도,0,0,0,0,0,0,0,0,0.0
8,충청북도,0,0,0,0,0,0,0,0,0.0
8,충청북도,0,0,0,0,0,0,0,0,0.0
8,충청북도,0,0,0,0,0,0,0,0,0.0
8,충청북도,0,0,0,0,0,0,0,0,0.0
8,충청북도,0,0,0,0,0,0,0,0,0.0
8,충청북도,0,0,0,0,0,0,0,0,0.0
8,광주광역시,0,0,0,0,0,0,0,0,0.0
8,광주광역시,0,0,0,0,0,0,0,0,0.0
8,광주광역시,0,0,0,0,0,0,0,0,0.0
8,광주광역시,0,0,0,0,0,0,0,0,0.0
8,광주광역시,0,0,0,0,0,0,0,0,0.0
8,광주광역시,0,0,0,0,0,0,0,0,0.0
8,광주광역시,0,0,0,0,0,0,0,0,0.0
8,광주광역시,0,0,0,0,0,0,0,0,0.0
8,광주광역시,0,0,0,0,0,0,0,0,0.0
8,광주광역시,0,0,0,0,0,0,0,0,0.0
8,울산광역시,0,0,0,0,0,0,0,0,0.0
8,울산광역시,0,0,0,0,0,0,0,0,0.0
8,울산광역시,0,0,0,0,0,0,0,0,0.0
8,울산광역시,0,0,0,0,0,0,0,0,0.0
8,울산광역시,0,0,0,0,0,0,0,0,0.0
8,울산광역시,0,0,0,0,0,0,0,0,0.0
8,울산광역시,0,0,0,0,0,0,0,0,0.0
8,울산광역시,0,0,0,0,0,0,0,0,0.0
8,울산광역시,0,0,0,0,0,0,0,0,0.0
8,울산광역시,0,0,0,0,0,0,0,0,0.0
8,제주특별자치도,0,0,0,0,0,0,0,0,0.0
8,제주특별자치도,0,0,0,0,0,0,0,0,0.0
8,제주특별자치도,0,0,0,0,0,0,0,0,0.0
8,제주특별자치도,0,0,0,0,0,0,0,0,0.0
8,제주특별자치도,0,0,0,0,0,0,0,0,0.0
8,제주특별자치도,0,0,0,0,0,0,0,0,0.0
8,제주특별자치도,0,0,0,0,0,0,0,0,0.0
8,제주특별자치도,0,0,0,0,0,0,0,0,0.0
8,제주특별자치도,0,0,0,0,0,0,0,0,0.0
8,제주특별자치도,0,0,0,0,0,0,0,0,0.0
8,강원도,0,0,0,0,0,0,0,0,0.0
8,강원도,0,0,0,0,0,0,0,0,0.0
8,강원도,0,0,0,0,0,0,0,0,0.0
8,강원도,0,0,0,0,0,0,0,0,0.0
8,강원도,0,0,0,0,0,0,0,0,0.0
8,강원도,0,0,0,0,0,0,0,0,0.0
8,강원도,0,0,0,0,0,0,0,0,0.0
8,강원도,0,0,0,0,0,0,0,0,0.0
8,강원도,0,0,0,0,0,0,0,0,0.0
8,강원도,0,0,0,0,0,0,0,0,0.0
8,경상남도,0,0,0,0,0,0,0,0,0.0
8,경상남도,0,0,0,0,0,0,0,0,0.0
8,경상남도,0,0,0,0,0,0,0,0,0.0
8,경상남도,0,0,0,0,0,0,0,0,0.0
8,경상남도,0,0,0,0,0,0,0,0,0.0
8,경상남도,0,0,0,0,0,0,0,0,0.0
8,경상남도,0,0,0,0,0,0,0,0,0.0
8,경상남도,0,0,0,0,0,0,0,0,0.0
8,경상남도,0,0,0,0,0,0,0,0,0.0
8,경상남도,0,0,0,0,0,0,0,0,0.0
8,경기도,0,0,0,0,0,0,0,0,0.0
8,경기도,0,0,0,0,0,0,0,0,0.0
8,경기도,0,0,0,0,0,0,0,0,0.0
8,경기도,0,0,0,0,0,0,0,0,0.0
8,경기도,0,0,0,0,0,0,0,0,0.0
8,경기도,0,0,0,0,0,0,0,0,0.0
8,경기도,0,0,0,0,0,0,0,0,0.0
8,경기도,0,0,0,0,0,0,0,0,0.0
8,경기도,0,0,0,0,0,0,0,0,0.0
8,경기도,0,0,0,0,0,0,0,0,0.0
8,전라남도,0,0,0,0,0,0,0,0,0.0
8,전라남도,0,0,0,0,0,0,0,0,0.0
8,전라남도,0,0,0,0,0,0,0,0,0.0
8,전라남도,0,0,0,0,0,0,0,0,0.0
8,전라남도,0,0,0,0,0,0,0,0,0.0
8,전라남도,0,0,0,0,0,0,0,0,0.0
8,전라남도,0,0,0,0,0,0,0,0,0.0
8,전라남도,0,0,0,0,0,0,0,0,0.0
8,전라남도,0,0,0,0,0,0,0,0,0.0
8,전라남도,0,0,0,0,0,0,0,0,0.0
8,전라북도,0,0,0,0,0,0,0,0,0.0
8,전라북도,0,0,0,0,0,0,0,0,0.0
8,전라북도,0,0,0,0,0,0,0,0,0.0
8,전라북도,0,0,0,0,0,0,0,0,0.0
8,전라북도,0,0,0,0,0,0,0,0,0.0
8,전라북도,0,0,0,0,0,0,0,0,0.0
8,전라북도,0,0,0,0,0,0,0,0,0.0
8,전라북도,0,0,0,0,0,0,0,0,0.0
8,전라북도,0,0,0,0,0,0,0,0,0.0
8,전라북도,0,0,0,0,0,0,0,0,0.0
8,경상북도,0,0,0,0,0,0,0,0,0.0
8,경상북도,0,0,0,0,0,0,0,0,0.0
8,경상북도,0,0,0,0,0,0,0,0,0.0
8,경상북도,0,0,0,0,0,0,0,0,0.0
8,경상북도,0,0,0,0,0,0,0,0,0.0
8,경상북도,0,0,0,0,0,0,0,0,0.0
8,경상북도,0,0,0,0,0,0,0,0,0.0
8,경상북도,0,0,0,0,0,0,0,0,0.0
8,경상북도,0,0,0,0,0,0,0,0,0.0
8,경상북도,0,0,0,0,0,0,0,0,0.0
8,부산광역시,0,0,0,0,0,0,0,0,0.0
8,부산광역시,0,0,0,0,0,0,0,0,0.0
8,부산광역시,0,0,0,0,0,0,0,0,0.0
8,부산광역시,0,0,0,0,0,0,0,0,0.0
8,부산광역시,0,0,0,0,0,0,0,0,0.0
8,부산광역시,0,0,0,0,0,0,0,0,0.0
8,부산광역시,0,0,0,0,0,0,0,0,0.0
8,부산광역시,0,0,0,0,0,0,0,0,0.0
8,부산광역시,0,0,0,0,0,0,0,0,0.0
8,부산광역시,0,0,0,0,0,0,0,0,0.0
8,세종특별자치시,0,0,0,0,0,0,0,0,0.0
8,세종특별자치시,0,0,0,0,0,0,0,0,0.0
8,세종특별자치시,0,0,0,0,0,0,0,0,0.0
8,세종특별자치시,0,0,0,0,0,0,0,0,0.0
8,세종특별자치시,0,0,0,0,0,0,0,0,0.0
8,세종특별자치시,0,0,0,0,0,0,0,0,0.0
8,세종특별자치시,0,0,0,0,0,0,0,0,0.0
8,세종특별자치시,0,0,0,0,0,0,0,0,0.0
8,세종특별자치시,0,0,0,0,0,0,0,0,0.0
8,세종특별자치시,0,0,0,0,0,0,0,0,0.0
8,대전광역시,0,0,0,0,0,0,0,0,0.0
8,대전광역시,0,0,0,0,0,0,0,0,0.0
8,대전광역시,0,0,0,0,0,0,0,0,0.0
8,대전광역시,0,0,0,0,0,0,0,0,0.0
8,대전광역시,0,0,0,0,0,0,0,0,0.0
8,대전광역시,0,0,0,0,0,0,0,0,0.0
8,대전광역시,0,0,0,0,0,0,0,0,0.0
8,대전광역시,0,0,0,0,0,0,0,0,0.0
8,대전광역시,0,0,0,0,0,0,0,0,0.0
8,대전광역시,0,0,0,0,0,0,0,0,0.0
9,인천광역시,0,0,0,0,0,0,0,0,0.0
9,인천광역시,0,0,0,0,0,0,0,0,0.0
9,인천광역시,0,0,0,0,0,0,0,0,0.0
9,인천광역시,0,0,0,0,0,0,0,0,0.0
9,인천광역시,0,0,0,0,0,0,0,0,0.0
9,인천광역시,0,0,0,0,0,0,0,0,0.0
9,인천광역시,0,0,0,0,0,0,0,0,0.0
9,인천광역시,0,0,0,0,0,0,0,0,0.0
9,인천광역시,0,0,0,0,0,0,0,0,0.0
9,인천광역시,0,0,0,0,0,0,0,0,0.0
9,충청남도,0,0,0,0,0,0,0,0,0.0
9,충청남도,0,0,0,0,0,0,0,0,0.0
9,충청남도,0,0,0,0,0,0,0,0,0.0
9,충청남도,0,0,0,0,0,0,0,0,0.0
9,충청남도,0,0,0,0,0,0,0,0,0.0
9,충청남도,0,0,0,0,0,0,0,0,0.0
9,충청남도,0,0,0,0,0,0,0,0,0.0
9,충청남도,0,0,0,0,0,0,0,0,0.0
9,충청남도,0,0,0,0,0,0,0,0,0.0
9,충청남도,0,0,0,0,0,0,0,0,0.0
9,대구광역시,0,0,0,0,0,0,0,0,0.0
9,대구광역시,0,0,0,0,0,0,0,0,0.0
9,대구광역시,0,0,0,0,0,0,0,0,0.0
9,대구광역시,0,0,0,0,0,0,0,0,0.0
9,대구광역시,0,0,0,0,0,0,0,0,0.0
9,대구광역시,0,0,0,0,0,0,0,0,0.0
9,대구광역시,0,0,0,0,0,0,0,0,0.0
9,대구광역시,0,0,0,0,0,0,0,0,0.0
9,대구광역시,0,0,0,0,0,0,0,0,0.0
9,대구광역시,0,0,0,0,0,0,0,0,0.0
9,서울특별시,0,0,0,0,0,0,0,0,0.0
9,서울특별시,0,0,0,0,0,0,0,0,0.0
9,서울특별시,0,0,0,0,0,0,0,0,0.0
9,서울특별시,0,0,0,0,0,0,0,0,0.0
9,서울특별시,0,0,0,0,0,0,0,0,0.0
9,서울특별시,0,0,0,0,0,0,0,0,0.0
9,서울특별시,0,0,0,0,0,0,0,0,0.0
9,서울특별시,0,0,0,0,0,0,0,0,0.0
9,서울특별시,0,0,0,0,0,0,0,0,0.0
9,서울특별시,0,0,0,0,0,0,0,0,0.0
9,충청북도,0,0,0,0,0,0,0,0,0.0
9,충청북도,0,0,0,0,0,0,0,0,0.0
9,충청북도,0,0,0,0,0,0,0,0,0.0
9,충청북도,0,0,0,0,0,0,0,0,0.0
9,충청북도,0,0,0,0,0,0,0,0,0.0
9,충청북도,0,0,0,0,0,0,0,0,0.0
9,충청북도,0,0,0,0,0,0,0,0,0.0
9,충청북도,0,0,0,0,0,0,0,0,0.0
9,충청북도,0,0,0,0,0,0,0,0,0.0
9,충청북도,0,0,0,0,0,0,0,0,0.0
9,광주광역시,21.4,0.0,1.7,68.2,10,10,10,10,100.0
9,광주광역시,21.52,0.44,1.71,68.79,9,9,9,9,90.0
9,광주광역시,21.64,0.88,1.72,69.38,8,8,8,8,80.0
9,광주광역시,21.76,1.32,1.73,69.97,7,7,7,7,70.0
9,광주광역시,21.88,1.76,1.74,70.56,6,6,6,6,60.0
9,광주광역시,22.0,2.2,1.75,71.15,5,5,5,5,50.0
9,광주광역시,22.12,2.64,1.76,71.74,4,4,4,4,40.0
9,광주광역시,22.24,3.08,1.77,72.33,3,3,3,3,30.0
9,광주광역시,22.36,3.52,1.78,72.92,2,2,2,2,20.0
9,광주광역시,22.6,4.4,1.8,74.1,0,0,0,0,0.0
9,울산광역시,0,0,0,0,0,0,0,0,0.0
9,울산광역시,0,0,0,0,0,0,0,0,0.0
9,울산광역시,0,0,0,0,0,0,0,0,0.0
9,울산광역시,0,0,0,0,0,0,0,0,0.0
9,울산광역시,0,0,0,0,0,0,0,0,0.0
9,울산광역시,0,0,0,0,0,0,0,0,0.0
9,울산광역시,0,0,0,0,0,0,0,0,0.0
9,울산광역시,0,0,0,0,0,0,0,0,0.0
9,울산광역시,0,0,0,0,0,0,0,0,0.0
9,울산광역시,0,0,0,0,0,0,0,0,0.0
9,제주특별자치도,0,0,0,0,0,0,0,0,0.0
9,제주특별자치도,0,0,0,0,0,0,0,0,0.0
9,제주특별자치도,0,0,0,0,0,0,0,0,0.0
9,제주특별자치도,0,0,0,0,0,0,0,0,0.0
9,제주특별자치도,0,0,0,0,0,0,0,0,0.0
9,제주특별자치도,0,0,0,0,0,0,0,0,0.0
9,제주특별자치도,0,0,0,0,0,0,0,0,0.0
9,제주특별자치도,0,0,0,0,0,0,0,0,0.0
9,제주특별자치도,0,0,0,0,0,0,0,0,0.0
9,제주특별자치도,0,0,0,0,0,0,0,0,0.0
9,강원도,0,0,0,0,0,0,0,0,0.0
9,강원도,0,0,0,0,0,0,0,0,0.0
9,강원도,0,0,0,0,0,0,0,0,0.0
9,강원도,0,0,0,0,0,0,0,0,0.0
9,강원도,0,0,0,0,0,0,0,0,0.0
9,강원도,0,0,0,0,0,0,0,0,0.0
9,강원도,0,0,0,0,0,0,0,0,0.0
9,강원도,0,0,0,0,0,0,0,0,0.0
9,강원도,0,0,0,0,0,0,0,0,0.0
9,강원도,0,0,0,0,0,0,0,0,0.0
9,경상남도,0,0,0,0,0,0,0,0,0.0
9,경상남도,0,0,0,0,0,0,0,0,0.0
9,경상남도,0,0,0,0,0,0,0,0,0.0
9,경상남도,0,0,0,0,0,0,0,0,0.0
9,경상남도,0,0,0,0,0,0,0,0,0.0
9,경상남도,0,0,0,0,0,0,0,0,0.0
9,경상남도,0,0,0,0,0,0,0,0,0.0
9,경상남도,0,0,0,0,0,0,0,0,0.0
9,경상남도,0,0,0,0,0,0,0,0,0.0
9,경상남도,0,0,0,0,0,0,0,0,0.0
9,경기도,0,0,0,0,0,0,0,0,0.0
9,경기도,0,0,0,0,0,0,0,0,0.0
9,경기도,0,0,0,0,0,0,0,0,0.0
9,경기도,0,0,0,0,0,0,0,0,0.0
9,경기도,0,0,0,0,0,0,0,0,0.0
9,경기도,0,0,0,0,0,0,0,0,0.0
9,경기도,0,0,0,0,0,0,0,0,0.0
9,경기도,0,0,0,0,0,0,0,0,0.0
9,경기도,0,0,0,0,0,0,0,0,0.0
9,경기도,0,0,0,0,0,0,0,0,0.0
9,전라남도,20.7,12.2,1.5,79.1,10,10,10,10,100.0
9,전라남도,20.84,11.53,1.54,78.95,9,9,9,9,90.0
9,전라남도,20.98,10.86,1.58,78.8,8,8,8,8,80.0
9,전라남도,21.12,10.19,1.62,78.65,7,7,7,7,70.0
9,전라남도,21.26,9.52,1.66,78.5,6,6,6,6,60.0
9,전라남도,21.4,8.85,1.7,78.35,5,5,5,5,50.0
9,전라남도,21.54,8.18,1.74,78.2,4,4,4,4,40.0
9,전라남도,21.68,7.51,1.78,78.05,3,3,3,3,30.0
9,전라남도,21.82,6.84,1.82,77.9,2,2,2,2,20.0
9,전라남도,22.1,5.5,1.9,77.6,0,0,0,0,0.0
9,전라북도,0,0,0,0,0,0,0,0,0.0
9,전라북도,0,0,0,0,0,0,0,0,0.0
9,전라북도,0,0,0,0,0,0,0,0,0.0
9,전라북도,0,0,0,0,0,0,0,0,0.0
9,전라북도,0,0,0,0,0,0,0,0,0.0
9,전라북도,0,0,0,0,0,0,0,0,0.0
9,전라북도,0,0,0,0,0,0,0,0,0.0
9,전라북도,0,0,0,0,0,0,0,0,0.0
9,전라북도,0,0,0,0,0,0,0,0,0.0
9,전라북도,0,0,0,0,0,0,0,0,0.0
9,경상북도,0,0,0,0,0,0,0,0,0.0
9,경상북도,0,0,0,0,0,0,0,0,0.0
9,경상북도,0,0,0,0,0,0,0,0,0.0
9,경상북도,0,0,0,0,0,0,0,0,0.0
9,경상북도,0,0,0,0,0,0,0,0,0.0
9,경상북도,0,0,0,0,0,0,0,0,0.0
9,경상북도,0,0,0,0,0,0,0,0,0.0
9,경상북도,0,0,0,0,0,0,0,0,0.0
9,경상북도,0,0,0,0,0,0,0,0,0.0
9,경상북도,0,0,0,0,0,0,0,0,0.0
9,부산광역시,0,0,0,0,0,0,0,0,0.0
9,부산광역시,0,0,0,0,0,0,0,0,0.0
9,부산광역시,0,0,0,0,0,0,0,0,0.0
9,부산광역시,0,0,0,0,0,0,0,0,0.0
9,부산광역시,0,0,0,0,0,0,0,0,0.0
9,부산광역시,0,0,0,0,0,0,0,0,0.0
9,부산광역시,0,0,0,0,0,0,0,0,0.0
9,부산광역시,0,0,0,0,0,0,0,0,0.0
9,부산광역시,0,0,0,0,0,0,0,0,0.0
9,부산광역시,0,0,0,0,0,0,0,0,0.0
9,세종특별자치시,0,0,0,0,0,0,0,0,0.0
9,세종특별자치시,0,0,0,0,0,0,0,0,0.0
9,세종특별자치시,0,0,0,0,0,0,0,0,0.0
9,세종특별자치시,0,0,0,0,0,0,0,0,0.0
9,세종특별자치시,0,0,0,0,0,0,0,0,0.0
9,세종특별자치시,0,0,0,0,0,0,0,0,0.0
9,세종특별자치시,0,0,0,0,0,0,0,0,0.0
9,세종특별자치시,0,0,0,0,0,0,0,0,0.0
9,세종특별자치시,0,0,0,0,0,0,0,0,0.0
9,세종특별자치시,0,0,0,0,0,0,0,0,0.0
9,대전광역시,0,0,0,0,0,0,0,0,0.0
9,대전광역시,0,0,0,0,0,0,0,0,0.0
9,대전광역시,0,0,0,0,0,0,0,0,0.0
9,대전광역시,0,0,0,0,0,0,0,0,0.0
9,대전광역시,0,0,0,0,0,0,0,0,0.0
9,대전광역시,0,0,0,0,0,0,0,0,0.0
9,대전광역시,0,0,0,0,0,0,0,0,0.0
9,대전광역시,0,0,0,0,0,0,0,0,0.0
9,대전광역시,0,0,0,0,0,0,0,0,0.0
9,대전광역시,0,0,0,0,0,0,0,0,0.0
10,인천광역시,0,0,0,0,0,0,0,0,0.0
10,인천광역시,0,0,0,0,0,0,0,0,0.0
10,인천광역시,0,0,0,0,0,0,0,0,0.0
10,인천광역시,0,0,0,0,0,0,0,0,0.0
10,인천광역시,0,0,0,0,0,0,0,0,0.0
10,인천광역시,0,0,0,0,0,0,0,0,0.0
10,인천광역시,0,0,0,0,0,0,0,0,0.0
10,인천광역시,0,0,0,0,0,0,0,0,0.0
10,인천광역시,0,0,0,0,0,0,0,0,0.0
10,인천광역시,0,0,0,0,0,0,0,0,0.0
10,충청남도,0,0,0,0,0,0,0,0,0.0
10,충청남도,0,0,0,0,0,0,0,0,0.0
10,충청남도,0,0,0,0,0,0,0,0,0.0
10,충청남도,0,0,0,0,0,0,0,0,0.0
10,충청남도,0,0,0,0,0,0,0,0,0.0
10,충청남도,0,0,0,0,0,0,0,0,0.0
10,충청남도,0,0,0,0,0,0,0,0,0.0
10,충청남도,0,0,0,0,0,0,0,0,0.0
10,충청남도,0,0,0,0,0,0,0,0,0.0
10,충청남도,0,0,0,0,0,0,0,0,0.0
10,대구광역시,0,0,0,0,0,0,0,0,0.0
10,대구광역시,0,0,0,0,0,0,0,0,0.0
10,대구광역시,0,0,0,0,0,0,0,0,0.0
10,대구광역시,0,0,0,0,0,0,0,0,0.0
10,대구광역시,0,0,0,0,0,0,0,0,0.0
10,대구광역시,0,0,0,0,0,0,0,0,0.0
10,대구광역시,0,0,0,0,0,0,0,0,0.0
10,대구광역시,0,0,0,0,0,0,0,0,0.0
10,대구광역시,0,0,0,0,0,0,0,0,0.0
10,대구광역시,0,0,0,0,0,0,0,0,0.0
10,서울특별시,0,0,0,0,0,0,0,0,0.0
10,서울특별시,0,0,0,0,0,0,0,0,0.0
10,서울특별시,0,0,0,0,0,0,0,0,0.0
10,서울특별시,0,0,0,0,0,0,0,0,0.0
10,서울특별시,0,0,0,0,0,0,0,0,0.0
10,서울특별시,0,0,0,0,0,0,0,0,0.0
10,서울특별시,0,0,0,0,0,0,0,0,0.0
10,서울특별시,0,0,0,0,0,0,0,0,0.0
10,서울특별시,0,0,0,0,0,0,0,0,0.0
10,서울특별시,0,0,0,0,0,0,0,0,0.0
10,충청북도,0,0,0,0,0,0,0,0,0.0
10,충청북도,0,0,0,0,0,0,0,0,0.0
10,충청북도,0,0,0,0,0,0,0,0,0.0
10,충청북도,0,0,0,0,0,0,0,0,0.0
10,충청북도,0,0,0,0,0,0,0,0,0.0
10,충청북도,0,0,0,0,0,0,0,0,0.0
10,충청북도,0,0,0,0,0,0,0,0,0.0
10,충청북도,0,0,0,0,0,0,0,0,0.0
10,충청북도,0,0,0,0,0,0,0,0,0.0
10,충청북도,0,0,0,0,0,0,0,0,0.0
10,광주광역시,0,0,0,0,0,0,0,0,0.0
10,광주광역시,0,0,0,0,0,0,0,0,0.0
10,광주광역시,0,0,0,0,0,0,0,0,0.0
10,광주광역시,0,0,0,0,0,0,0,0,0.0
10,광주광역시,0,0,0,0,0,0,0,0,0.0
10,광주광역시,0,0,0,0,0,0,0,0,0.0
10,광주광역시,0,0,0,0,0,0,0,0,0.0
10,광주광역시,0,0,0,0,0,0,0,0,0.0
10,광주광역시,0,0,0,0,0,0,0,0,0.0
10,광주광역시,0,0,0,0,0,0,0,0,0.0
10,울산광역시,0,0,0,0,0,0,0,0,0.0
10,울산광역시,0,0,0,0,0,0,0,0,0.0
10,울산광역시,0,0,0,0,0,0,0,0,0.0
10,울산광역시,0,0,0,0,0,0,0,0,0.0
10,울산광역시,0,0,0,0,0,0,0,0,0.0
10,울산광역시,0,0,0,0,0,0,0,0,0.0
10,울산광역시,0,0,0,0,0,0,0,0,0.0
10,울산광역시,0,0,0,0,0,0,0,0,0.0
10,울산광역시,0,0,0,0,0,0,0,0,0.0
10,울산광역시,0,0,0,0,0,0,0,0,0.0
10,제주특별자치도,0,0,0,0,0,0,0,0,0.0
10,제주특별자치도,0,0,0,0,0,0,0,0,0.0
10,제주특별자치도,0,0,0,0,0,0,0,0,0.0
10,제주특별자치도,0,0,0,0,0,0,0,0,0.0
10,제주특별자치도,0,0,0,0,0,0,0,0,0.0
10,제주특별자치도,0,0,0,0,0,0,0,0,0.0
10,제주특별자치도,0,0,0,0,0,0,0,0,0.0
10,제주특별자치도,0,0,0,0,0,0,0,0,0.0
10,제주특별자치도,0,0,0,0,0,0,0,0,0.0
10,제주특별자치도,0,0,0,0,0,0,0,0,0.0
10,강원도,0,0,0,0,0,0,0,0,0.0
10,강원도,0,0,0,0,0,0,0,0,0.0
10,강원도,0,0,0,0,0,0,0,0,0.0
10,강원도,0,0,0,0,0,0,0,0,0.0
10,강원도,0,0,0,0,0,0,0,0,0.0
10,강원도,0,0,0,0,0,0,0,0,0.0
10,강원도,0,0,0,0,0,0,0,0,0.0
10,강원도,0,0,0,0,0,0,0,0,0.0
10,강원도,0,0,0,0,0,0,0,0,0.0
10,강원도,0,0,0,0,0,0,0,0,0.0
10,경상남도,0,0,0,0,0,0,0,0,0.0
10,경상남도,0,0,0,0,0,0,0,0,0.0
10,경상남도,0,0,0,0,0,0,0,0,0.0
10,경상남도,0,0,0,0,0,0,0,0,0.0
10,경상남도,0,0,0,0,0,0,0,0,0.0
10,경상남도,0,0,0,0,0,0,0,0,0.0
10,경상남도,0,0,0,0,0,0,0,0,0.0
10,경상남도,0,0,0,0,0,0,0,0,0.0
10,경상남도,0,0,0,0,0,0,0,0,0.0
10,경상남도,0,0,0,0,0,0,0,0,0.0
10,경기도,0,0,0,0,0,0,0,0,0.0
10,경기도,0,0,0,0,0,0,0,0,0.0
10,경기도,0,0,0,0,0,0,0,0,0.0
10,경기도,0,0,0,0,0,0,0,0,0.0
10,경기도,0,0,0,0,0,0,0,0,0.0
10,경기도,0,0,0,0,0,0,0,0,0.0
10,경기도,0,0,0,0,0,0,0,0,0.0
10,경기도,0,0,0,0,0,0,0,0,0.0
10,경기도,0,0,0,0,0,0,0,0,0.0
10,경기도,0,0,0,0,0,0,0,0,0.0
10,전라남도,15.8,0.3,1.6,69.8,10,10,10,10,100.0
10,전라남도,15.84,0.5,1.64,69.89,9,9,9,9,90.0
10,전라남도,15.88,0.7,1.68,69.98,8,8,8,8,80.0
10,전라남도,15.92,0.9,1.72,70.07,7,7,7,7,70.0
10,전라남도,15.96,1.1,1.76,70.16,6,6,6,6,60.0
10,전라남도,16.0,1.3,1.8,70.25,5,5,5,5,50.0
10,전라남도,16.04,1.5,1.84,70.34,4,4,4,4,40.0
10,전라남도,16.08,1.7,1.88,70.43,3,3,3,3,30.0
10,전라남도,16.12,1.9,1.92,70.52,2,2,2,2,20.0
10,전라남도,16.2,2.3,2.0,70.7,0,0,0,0,0.0
10,전라북도,0,0,0,0,0,0,0,0,0.0
10,전라북도,0,0,0,0,0,0,0,0,0.0
10,전라북도,0,0,0,0,0,0,0,0,0.0
10,전라북도,0,0,0,0,0,0,0,0,0.0
10,전라북도,0,0,0,0,0,0,0,0,0.0
10,전라북도,0,0,0,0,0,0,0,0,0.0
10,전라북도,0,0,0,0,0,0,0,0,0.0
10,전라북도,0,0,0,0,0,0,0,0,0.0
10,전라북도,0,0,0,0,0,0,0,0,0.0
10,전라북도,0,0,0,0,0,0,0,0,0.0
10,경상북도,0,0,0,0,0,0,0,0,0.0
10,경상북도,0,0,0,0,0,0,0,0,0.0
10,경상북도,0,0,0,0,0,0,0,0,0.0
10,경상북도,0,0,0,0,0,0,0,0,0.0
10,경상북도,0,0,0,0,0,0,0,0,0.0
10,경상북도,0,0,0,0,0,0,0,0,0.0
10,경상북도,0,0,0,0,0,0,0,0,0.0
10,경상북도,0,0,0,0,0,0,0,0,0.0
10,경상북도,0,0,0,0,0,0,0,0,0.0
10,경상북도,0,0,0,0,0,0,0,0,0.0
10,부산광역시,0,0,0,0,0,0,0,0,0.0
10,부산광역시,0,0,0,0,0,0,0,0,0.0
10,부산광역시,0,0,0,0,0,0,0,0,0.0
10,부산광역시,0,0,0,0,0,0,0,0,0.0
10,부산광역시,0,0,0,0,0,0,0,0,0.0
10,부산광역시,0,0,0,0,0,0,0,0,0.0
10,부산광역시,0,0,0,0,0,0,0,0,0.0
10,부산광역시,0,0,0,0,0,0,0,0,0.0
10,부산광역시,0,0,0,0,0,0,0,0,0.0
10,부산광역시,0,0,0,0,0,0,0,0,0.0
10,세종특별자치시,0,0,0,0,0,0,0,0,0.0
10,세종특별자치시,0,0,0,0,0,0,0,0,0.0
10,세종특별자치시,0,0,0,0,0,0,0,0,0.0
10,세종특별자치시,0,0,0,0,0,0,0,0,0.0
10,세종특별자치시,0,0,0,0,0,0,0,0,0.0
10,세종특별자치시,0,0,0,0,0,0,0,0,0.0
10,세종특별자치시,0,0,0,0,0,0,0,0,0.0
10,세종특별자치시,0,0,0,0,0,0,0,0,0.0
10,세종특별자치시,0,0,0,0,0,0,0,0,0.0
10,세종특별자치시,0,0,0,0,0,0,0,0,0.0
10,대전광역시,0,0,0,0,0,0,0,0,0.0
10,대전광역시,0,0,0,0,0,0,0,0,0.0
10,대전광역시,0,0,0,0,0,0,0,0,0.0
10,대전광역시,0,0,0,0,0,0,0,0,0.0
10,대전광역시,0,0,0,0,0,0,0,0,0.0
10,대전광역시,0,0,0,0,0,0,0,0,0.0
10,대전광역시,0,0,0,0,0,0,0,0,0.0
10,대전광역시,0,0,0,0,0,0,0,0,0.0
10,대전광역시,0,0,0,0,0,0,0,0,0.0
10,대전광역시,0,0,0,0,0,0,0,0,0.0
11,인천광역시,0,0,0,0,0,0,0,0,0.0
11,인천광역시,0,0,0,0,0,0,0,0,0.0
11,인천광역시,0,0,0,0,0,0,0,0,0.0
11,인천광역시,0,0,0,0,0,0,0,0,0.0
11,인천광역시,0,0,0,0,0,0,0,0,0.0
11,인천광역시,0,0,0,0,0,0,0,0,0.0
11,인천광역시,0,0,0,0,0,0,0,0,0.0
11,인천광역시,0,0,0,0,0,0,0,0,0.0
11,인천광역시,0,0,0,0,0,0,0,0,0.0
11,인천광역시,0,0,0,0,0,0,0,0,0.0
11,충청남도,0.4,0.2,1.5,49.3,10,10,10,10,100.0
11,충청남도,1.0,0.38,1.53,51.28,9,9,9,9,90.0
11,충청남도,1.6,0.56,1.56,53.26,8,8,8,8,80.0
11,충청남도,2.2,0.74,1.59,55.24,7,7,7,7,70.0
11,충청남도,2.8,0.92,1.62,57.22,6,6,6,6,60.0
11,충청남도,3.4,1.1,1.65,59.2,5,5,5,5,50.0
11,충청남도,4.0,1.28,1.68,61.18,4,4,4,4,40.0
11,충청남도,4.6,1.46,1.71,63.16,3,3,3,3,30.0
11,충청남도,5.2,1.64,1.74,65.14,2,2,2,2,20.0
11,충청남도,6.4,2.0,1.8,69.1,0,0,0,0,0.0
11,대구광역시,0,0,0,0,0,0,0,0,0.0
11,대구광역시,0,0,0,0,0,0,0,0,0.0
11,대구광역시,0,0,0,0,0,0,0,0,0.0
11,대구광역시,0,0,0,0,0,0,0,0,0.0
11,대구광역시,0,0,0,0,0,0,0,0,0.0
11,대구광역시,0,0,0,0,0,0,0,0,0.0
11,대구광역시,0,0,0,0,0,0,0,0,0.0
11,대구광역시,0,0,0,0,0,0,0,0,0.0
11,대구광역시,0,0,0,0,0,0,0,0,0.0
11,대구광역시,0,0,0,0,0,0,0,0,0.0
11,서울특별시,0,0,0,0,0,0,0,0,0.0
11,서울특별시,0,0,0,0,0,0,0,0,0.0
11,서울특별시,0,0,0,0,0,0,0,0,0.0
11,서울특별시,0,0,0,0,0,0,0,0,0.0
11,서울특별시,0,0,0,0,0,0,0,0,0.0
11,서울특별시,0,0,0,0,0,0,0,0,0.0
11,서울특별시,0,0,0,0,0,0,0,0,0.0
11,서울특별시,0,0,0,0,0,0,0,0,0.0
11,서울특별시,0,0,0,0,0,0,0,0,0.0
11,서울특별시,0,0,0,0,0,0,0,0,0.0
11,충청북도,5.1,0.4,1.1,60.7,10,10,10,10,100.0
11,충청북도,5.26,0.54,1.12,61.23,9,9,9,9,90.0
11,충청북도,5.42,0.68,1.14,61.76,8,8,8,8,80.0
11,충청북도,5.58,0.82,1.16,62.29,7,7,7,7,70.0
11,충청북도,5.74,0.96,1.18,62.82,6,6,6,6,60.0
11,충청북도,5.9,1.1,1.2,63.35,5,5,5,5,50.0
11,충청북도,6.06,1.24,1.22,63.88,4,4,4,4,40.0
11,충청북도,6.22,1.38,1.24,64.41,3,3,3,3,30.0
11,충청북도,6.38,1.52,1.26,64.94,2,2,2,2,20.0
11,충청북도,6.7,1.8,1.3,66.0,0,0,0,0,0.0
11,광주광역시,0,0,0,0,0,0,0,0,0.0
11,광주광역시,0,0,0,0,0,0,0,0,0.0
11,광주광역시,0,0,0,0,0,0,0,0,0.0
11,광주광역시,0,0,0,0,0,0,0,0,0.0
11,광주광역시,0,0,0,0,0,0,0,0,0.0
11,광주광역시,0,0,0,0,0,0,0,0,0.0
11,광주광역시,0,0,0,0,0,0,0,0,0.0
11,광주광역시,0,0,0,0,0,0,0,0,0.0
11,광주광역시,0,0,0,0,0,0,0,0,0.0
11,광주광역시,0,0,0,0,0,0,0,0,0.0
11,울산광역시,0,0,0,0,0,0,0,0,0.0
11,울산광역시,0,0,0,0,0,0,0,0,0.0
11,울산광역시,0,0,0,0,0,0,0,0,0.0
11,울산광역시,0,0,0,0,0,0,0,0,0.0
11,울산광역시,0,0,0,0,0,0,0,0,0.0
11,울산광역시,0,0,0,0,0,0,0,0,0.0
11,울산광역시,0,0,0,0,0,0,0,0,0.0
11,울산광역시,0,0,0,0,0,0,0,0,0.0
11,울산광역시,0,0,0,0,0,0,0,0,0.0
11,울산광역시,0,0,0,0,0,0,0,0,0.0
11,제주특별자치도,0,0,0,0,0,0,0,0,0.0
11,제주특별자치도,0,0,0,0,0,0,0,0,0.0
11,제주특별자치도,0,0,0,0,0,0,0,0,0.0
11,제주특별자치도,0,0,0,0,0,0,0,0,0.0
11,제주특별자치도,0,0,0,0,0,0,0,0,0.0
11,제주특별자치도,0,0,0,0,0,0,0,0,0.0
11,제주특별자치도,0,0,0,0,0,0,0,0,0.0
11,제주특별자치도,0,0,0,0,0,0,0,0,0.0
11,제주특별자치도,0,0,0,0,0,0,0,0,0.0
11,제주특별자치도,0,0,0,0,0,0,0,0,0.0
11,강원도,3.2,1.2,0.9,72.1,10,10,10,10,100.0
11,강원도,3.27,1.27,0.96,72.12,9,9,9,9,90.0
11,강원도,3.34,1.34,1.02,72.14,8,8,8,8,80.0
11,강원도,3.41,1.41,1.08,72.16,7,7,7,7,70.0
11,강원도,3.48,1.48,1.14,72.18,6,6,6,6,60.0
11,강원도,3.55,1.55,1.2,72.2,5,5,5,5,50.0
11,강원도,3.62,1.62,1.26,72.22,4,4,4,4,40.0
11,강원도,3.69,1.69,1.32,72.24,3,3,3,3,30.0
11,강원도,3.76,1.76,1.38,72.26,2,2,2,2,20.0
11,강원도,3.9,1.9,1.5,72.3,0,0,0,0,0.0
11,경상남도,0,0,0,0,0,0,0,0,0.0
11,경상남도,0,0,0,0,0,0,0,0,0.0
11,경상남도,0,0,0,0,0,0,0,0,0.0
11,경상남도,0,0,0,0,0,0,0,0,0.0
11,경상남도,0,0,0,0,0,0,0,0,0.0
11,경상남도,0,0,0,0,0,0,0,0,0.0
11,경상남도,0,0,0,0,0,0,0,0,0.0
11,경상남도,0,0,0,0,0,0,0,0,0.0
11,경상남도,0,0,0,0,0,0,0,0,0.0
11,경상남도,0,0,0,0,0,0,0,0,0.0
11,경기도,1.6,0.1,1.4,58.0,10,10,10,10,100.0
11,경기도,2.02,0.3,1.41,58.98,9,9,9,9,90.0
11,경기도,2.44,0.5,1.42,59.96,8,8,8,8,80.0
11,경기도,2.86,0.7,1.43,60.94,7,7,7,7,70.0
11,경기도,3.28,0.9,1.44,61.92,6,6,6,6,60.0
11,경기도,3.7,1.1,1.45,62.9,5,5,5,5,50.0
11,경기도,4.12,1.3,1.46,63.88,4,4,4,4,40.0
11,경기도,4.54,1.5,1.47,64.86,3,3,3,3,30.0
11,경기도,4.96,1.7,1.48,65.84,2,2,2,2,20.0
11,경기도,5.8,2.1,1.5,67.8,0,0,0,0,0.0
11,전라남도,10.7,1.3,1.8,65.9,10,10,10,10,100.0
11,전라남도,10.55,1.33,1.87,66.24,9,9,9,9,90.0
11,전라남도,10.4,1.36,1.94,66.58,8,8,8,8,80.0
11,전라남도,10.25,1.39,2.01,66.92,7,7,7,7,70.0
11,전라남도,10.1,1.42,2.08,67.26,6,6,6,6,60.0
11,전라남도,9.95,1.45,2.15,67.6,5,5,5,5,50.0
11,전라남도,9.8,1.48,2.22,67.94,4,4,4,4,40.0
11,전라남도,9.65,1.51,2.29,68.28,3,3,3,3,30.0
11,전라남도,9.5,1.54,2.36,68.62,2,2,2,2,20.0
11,전라남도,9.2,1.6,2.5,69.3,0,0,0,0,0.0
11,전라북도,8.2,0.2,1.2,69.6,10,10,10,10,100.0
11,전라북도,8.23,0.35,1.26,69.35,9,9,9,9,90.0
11,전라북도,8.26,0.5,1.32,69.1,8,8,8,8,80.0
11,전라북도,8.29,0.65,1.38,68.85,7,7,7,7,70.0
11,전라북도,8.32,0.8,1.44,68.6,6,6,6,6,60.0
11,전라북도,8.35,0.95,1.5,68.35,5,5,5,5,50.0
11,전라북도,8.38,1.1,1.56,68.1,4,4,4,4,40.0
11,전라북도,8.41,1.25,1.62,67.85,3,3,3,3,30.0
11,전라북도,8.44,1.4,1.68,67.6,2,2,2,2,20.0
11,전라북도,8.5,1.7,1.8,67.1,0,0,0,0,0.0
11,경상북도,9.2,24.0,1.9,91.8,10,10,10,10,100.0
11,경상북도,9.07,21.72,1.96,88.91,9,9,9,9,90.0
11,경상북도,8.94,19.44,2.02,86.02,8,8,8,8,80.0
11,경상북도,8.81,17.16,2.08,83.13,7,7,7,7,70.0
11,경상북도,8.68,14.88,2.14,80.24,6,6,6,6,60.0
11,경상북도,8.55,12.6,2.2,77.35,5,5,5,5,50.0
11,경상북도,8.42,10.32,2.26,74.46,4,4,4,4,40.0
11,경상북도,8.29,8.04,2.32,71.57,3,3,3,3,30.0
11,경상북도,8.16,5.76,2.38,68.68,2,2,2,2,20.0
11,경상북도,7.9,1.2,2.5,62.9,0,0,0,0,0.0
11,부산광역시,0,0,0,0,0,0,0,0,0.0
11,부산광역시,0,0,0,0,0,0,0,0,0.0
11,부산광역시,0,0,0,0,0,0,0,0,0.0
11,부산광역시,0,0,0,0,0,0,0,0,0.0
11,부산광역시,0,0,0,0,0,0,0,0,0.0
11,부산광역시,0,0,0,0,0,0,0,0,0.0
11,부산광역시,0,0,0,0,0,0,0,0,0.0
11,부산광역시,0,0,0,0,0,0,0,0,0.0
11,부산광역시,0,0,0,0,0,0,0,0,0.0
11,부산광역시,0,0,0,0,0,0,0,0,0.0
11,세종특별자치시,0.2,3.0,0.7,87.5,10,10,10,10,100.0
11,세종특별자치시,0.92,2.89,0.78,85.66,9,9,9,9,90.0
11,세종특별자치시,1.64,2.78,0.86,83.82,8,8,8,8,80.0
11,세종특별자치시,2.36,2.67,0.94,81.98,7,7,7,7,70.0
11,세종특별자치시,3.08,2.56,1.02,80.14,6,6,6,6,60.0
11,세종특별자치시,3.8,2.45,1.1,78.3,5,5,5,5,50.0
11,세종특별자치시,4.52,2.34,1.18,76.46,4,4,4,4,40.0
11,세종특별자치시,5.24,2.23,1.26,74.62,3,3,3,3,30.0
11,세종특별자치시,5.96,2.12,1.34,72.78,2,2,2,2,20.0
11,세종특별자치시,7.4,1.9,1.5,69.1,0,0,0,0,0.0
11,대전광역시,0.4,0.2,1.5,49.3,10,10,10,10,100.0
11,대전광역시,1.0,0.38,1.53,51.28,9,9,9,9,90.0
11,대전광역시,1.6,0.56,1.56,53.26,8,8,8,8,80.0
11,대전광역시,2.2,0.74,1.59,55.24,7,7,7,7,70.0
11,대전광역시,2.8,0.92,1.62,57.22,6,6,6,6,60.0
11,대전광역시,3.4,1.1,1.65,59.2,5,5,5,5,50.0
11,대전광역시,4.0,1.28,1.68,61.18,4,4,4,4,40.0
11,대전광역시,4.6,1.46,1.71,63.16,3,3,3,3,30.0
11,대전광역시,5.2,1.64,1.74,65.14,2,2,2,2,20.0
11,대전광역시,6.4,2.0,1.8,69.1,0,0,0,0,0.0
12,인천광역시,2.5,0.0,2.7,73.1,10,10,10,10,100.0
12,인천광역시,2.15,0.08,2.77,72.24,9,9,9,9,90.0
12,인천광역시,1.8,0.16,2.84,71.38,8,8,8,8,80.0
12,인천광역시,1.45,0.24,2.91,70.52,7,7,7,7,70.0
12,인천광역시,1.1,0.32,2.98,69.66,6,6,6,6,60.0
12,인천광역시,0.75,0.4,3.05,68.8,5,5,5,5,50.0
12,인천광역시,0.4,0.48,3.12,67.94,4,4,4,4,40.0
12,인천광역시,0.05,0.56,3.19,67.08,3,3,3,3,30.0
12,인천광역시,-0.3,0.64,3.26,66.22,2,2,2,2,20.0
12,인천광역시,-1.0,0.8,3.4,64.5,0,0,0,0,0.0
12,충청남도,-0.5,0.9,1.4,73.4,10,10,10,10,100.0
12,충청남도,-0.6,0.92,1.42,73.32,9,9,9,9,90.0
12,충청남도,-0.7,0.94,1.44,73.24,8,8,8,8,80.0
12,충청남도,-0.8,0.96,1.46,73.16,7,7,7,7,70.0
12,충청남도,-0.9,0.98,1.48,73.08,6,6,6,6,60.0
12,충청남도,-1.0,1.0,1.5,73.0,5,5,5,5,50.0
12,충청남도,-1.1,1.02,1.52,72.92,4,4,4,4,40.0
12,충청남도,-1.2,1.04,1.54,72.84,3,3,3,3,30.0
12,충청남도,-1.3,1.06,1.56,72.76,2,2,2,2,20.0
12,충청남도,-1.5,1.1,1.6,72.6,0,0,0,0,0.0
12,대구광역시,0,0,0,0,0,0,0,0,0.0
12,대구광역시,0,0,0,0,0,0,0,0,0.0
12,대구광역시,0,0,0,0,0,0,0,0,0.0
12,대구광역시,0,0,0,0,0,0,0,0,0.0
12,대구광역시,0,0,0,0,0,0,0,0,0.0
12,대구광역시,0,0,0,0,0,0,0,0,0.0
12,대구광역시,0,0,0,0,0,0,0,0,0.0
12,대구광역시,0,0,0,0,0,0,0,0,0.0
12,대구광역시,0,0,0,0,0,0,0,0,0.0
12,대구광역시,0,0,0,0,0,0,0,0,0.0
12,서울특별시,0,0,0,0,0,0,0,0,0.0
12,서울특별시,0,0,0,0,0,0,0,0,0.0
12,서울특별시,0,0,0,0,0,0,0,0,0.0
12,서울특별시,0,0,0,0,0,0,0,0,0.0
12,서울특별시,0,0,0,0,0,0,0,0,0.0
12,서울특별시,0,0,0,0,0,0,0,0,0.0
12,서울특별시,0,0,0,0,0,0,0,0,0.0
12,서울특별시,0,0,0,0,0,0,0,0,0.0
12,서울특별시,0,0,0,0,0,0,0,0,0.0
12,서울특별시,0,0,0,0,0,0,0,0,0.0
12,충청북도,2.0,2.5,1.4,67.4,10,10,10,10,100.0
12,충청북도,1.63,2.35,1.39,67.44,9,9,9,9,90.0
12,충청북도,1.26,2.2,1.38,67.48,8,8,8,8,80.0
12,충청북도,0.89,2.05,1.37,67.52,7,7,7,7,70.0
12,충청북도,0.52,1.9,1.36,67.56,6,6,6,6,60.0
12,충청북도,0.15,1.75,1.35,67.6,5,5,5,5,50.0
12,충청북도,-0.22,1.6,1.34,67.64,4,4,4,4,40.0
12,충청북도,-0.59,1.45,1.33,67.68,3,3,3,3,30.0
12,충청북도,-0.96,1.3,1.32,67.72,2,2,2,2,20.0
12,충청북도,-1.7,1.0,1.3,67.8,0,0,0,0,0.0
12,광주광역시,0,0,0,0,0,0,0,0,0.0
12,광주광역시,0,0,0,0,0,0,0,0,0.0
12,광주광역시,0,0,0,0,0,0,0,0,0.0
12,광주광역시,0,0,0,0,0,0,0,0,0.0
12,광주광역시,0,0,0,0,0,0,0,0,0.0
12,광주광역시,0,0,0,0,0,0,0,0,0.0
12,광주광역시,0,0,0,0,0,0,0,0,0.0
12,광주광역시,0,0,0,0,0,0,0,0,0.0
12,광주광역시,0,0,0,0,0,0,0,0,0.0
12,광주광역시,0,0,0,0,0,0,0,0,0.0
12,울산광역시,0.3,0.0,3.2,29.4,10,10,10,10,100.0
12,울산광역시,0.59,0.08,3.11,31.35,9,9,9,9,90.0
12,울산광역시,0.88,0.16,3.02,33.3,8,8,8,8,80.0
12,울산광역시,1.17,0.24,2.93,35.25,7,7,7,7,70.0
12,울산광역시,1.46,0.32,2.84,37.2,6,6,6,6,60.0
12,울산광역시,1.75,0.4,2.75,39.15,5,5,5,5,50.0
12,울산광역시,2.04,0.48,2.66,41.1,4,4,4,4,40.0
12,울산광역시,2.33,0.56,2.57,43.05,3,3,3,3,30.0
12,울산광역시,2.62,0.64,2.48,45.0,2,2,2,2,20.0
12,울산광역시,3.2,0.8,2.3,48.9,0,0,0,0,0.0
12,제주특별자치도,0,0,0,0,0,0,0,0,0.0
12,제주특별자치도,0,0,0,0,0,0,0,0,0.0
12,제주특별자치도,0,0,0,0,0,0,0,0,0.0
12,제주특별자치도,0,0,0,0,0,0,0,0,0.0
12,제주특별자치도,0,0,0,0,0,0,0,0,0.0
12,제주특별자치도,0,0,0,0,0,0,0,0,0.0
12,제주특별자치도,0,0,0,0,0,0,0,0,0.0
12,제주특별자치도,0,0,0,0,0,0,0,0,0.0
12,제주특별자치도,0,0,0,0,0,0,0,0,0.0
12,제주특별자치도,0,0,0,0,0,0,0,0,0.0
12,강원도,-0.1,1.7,1.6,68.9,10,10,10,10,100.0
12,강원도,-0.57,1.61,1.57,69.11,9,9,9,9,90.0
12,강원도,-1.04,1.52,1.54,69.32,8,8,8,8,80.0
12,강원도,-1.51,1.43,1.51,69.53,7,7,7,7,70.0
12,강원도,-1.98,1.34,1.48,69.74,6,6,6,6,60.0
12,강원도,-2.45,1.25,1.45,69.95,5,5,5,5,50.0
12,강원도,-2.92,1.16,1.42,70.16,4,4,4,4,40.0
12,강원도,-3.39,1.07,1.39,70.37,3,3,3,3,30.0
12,강원도,-3.86,0.98,1.36,70.58,2,2,2,2,20.0
12,강원도,-4.8,0.8,1.3,71.0,0,0,0,0,0.0
12,경상남도,6.9,3.6,2.1,69.5,10,10,10,10,100.0
12,경상남도,6.61,3.36,2.14,67.96,9,9,9,9,90.0
12,경상남도,6.32,3.12,2.18,66.42,8,8,8,8,80.0
12,경상남도,6.03,2.88,2.22,64.88,7,7,7,7,70.0
12,경상남도,5.74,2.64,2.26,63.34,6,6,6,6,60.0
12,경상남도,5.45,2.4,2.3,61.8,5,5,5,5,50.0
12,경상남도,5.16,2.16,2.34,60.26,4,4,4,4,40.0
12,경상남도,4.87,1.92,2.38,58.72,3,3,3,3,30.0
12,경상남도,4.58,1.68,2.42,57.18,2,2,2,2,20.0
12,경상남도,4.0,1.2,2.5,54.1,0,0,0,0,0.0
12,경기도,0.2,0.3,1.3,66.4,10,10,10,10,100.0
12,경기도,-0.06,0.35,1.33,66.6,9,9,9,9,90.0
12,경기도,-0.32,0.4,1.36,66.8,8,8,8,8,80.0
12,경기도,-0.58,0.45,1.39,67.0,7,7,7,7,70.0
12,경기도,-0.84,0.5,1.42,67.2,6,6,6,6,60.0
12,경기도,-1.1,0.55,1.45,67.4,5,5,5,5,50.0
12,경기도,-1.36,0.6,1.48,67.6,4,4,4,4,40.0
12,경기도,-1.62,0.65,1.51,67.8,3,3,3,3,30.0
12,경기도,-1.88,0.7,1.54,68.0,2,2,2,2,20.0
12,경기도,-2.4,0.8,1.6,68.4,0,0,0,0,0.0
12,전라남도,3.0,0.7,2.0,67.8,10,10,10,10,100.0
12,전라남도,2.92,0.77,2.01,67.9,9,9,9,9,90.0
12,전라남도,2.84,0.84,2.02,68.0,8,8,8,8,80.0
12,전라남도,2.76,0.91,2.03,68.1,7,7,7,7,70.0
12,전라남도,2.68,0.98,2.04,68.2,6,6,6,6,60.0
12,전라남도,2.6,1.05,2.05,68.3,5,5,5,5,50.0
12,전라남도,2.52,1.12,2.06,68.4,4,4,4,4,40.0
12,전라남도,2.44,1.19,2.07,68.5,3,3,3,3,30.0
12,전라남도,2.36,1.26,2.08,68.6,2,2,2,2,20.0
12,전라남도,2.2,1.4,2.1,68.8,0,0,0,0,0.0
12,전라북도,1.3,2.6,1.5,76.0,10,10,10,10,100.0
12,전라북도,1.22,2.49,1.51,75.58,9,9,9,9,90.0
12,전라북도,1.14,2.38,1.52,75.16,8,8,8,8,80.0
12,전라북도,1.06,2.27,1.53,74.74,7,7,7,7,70.0
12,전라북도,0.98,2.16,1.54,74.32,6,6,6,6,60.0
12,전라북도,0.9,2.05,1.55,73.9,5,5,5,5,50.0
12,전라북도,0.82,1.94,1.56,73.48,4,4,4,4,40.0
12,전라북도,0.74,1.83,1.57,73.06,3,3,3,3,30.0
12,전라북도,0.66,1.72,1.58,72.64,2,2,2,2,20.0
12,전라북도,0.5,1.5,1.6,71.8,0,0,0,0,0.0
12,경상북도,0.8,0.0,2.5,43.9,10,10,10,10,100.0
12,경상북도,0.81,0.08,2.49,45.16,9,9,9,9,90.0
12,경상북도,0.82,0.16,2.48,46.42,8,8,8,8,80.0
12,경상북도,0.83,0.24,2.47,47.68,7,7,7,7,70.0
12,경상북도,0.84,0.32,2.46,48.94,6,6,6,6,60.0
12,경상북도,0.85,0.4,2.45,50.2,5,5,5,5,50.0
12,경상북도,0.86,0.48,2.44,51.46,4,4,4,4,40.0
12,경상북도,0.87,0.56,2.43,52.72,3,3,3,3,30.0
12,경상북도,0.88,0.64,2.42,53.98,2,2,2,2,20.0
12,경상북도,0.9,0.8,2.4,56.5,0,0,0,0,0.0
12,부산광역시,2.2,0.0,3.8,45.3,10,10,10,10,100.0
12,부산광역시,2.42,0.15,3.73,45.31,9,9,9,9,90.0
12,부산광역시,2.64,0.3,3.66,45.32,8,8,8,8,80.0
12,부산광역시,2.86,0.45,3.59,45.33,7,7,7,7,70.0
12,부산광역시,3.08,0.6,3.52,45.34,6,6,6,6,60.0
12,부산광역시,3.3,0.75,3.45,45.35,5,5,5,5,50.0
12,부산광역시,3.52,0.9,3.38,45.36,4,4,4,4,40.0
12,부산광역시,3.74,1.05,3.31,45.37,3,3,3,3,30.0
12,부산광역시,3.96,1.2,3.24,45.38,2,2,2,2,20.0
12,부산광역시,4.4,1.5,3.1,45.4,0,0,0,0,0.0
12,세종특별자치시,4.1,0.2,1.2,67.0,10,10,10,10,100.0
12,세종특별자치시,3.65,0.3,1.22,67.32,9,9,9,9,90.0
12,세종특별자치시,3.2,0.4,1.24,67.64,8,8,8,8,80.0
12,세종특별자치시,2.75,0.5,1.26,67.96,7,7,7,7,70.0
12,세종특별자치시,2.3,0.6,1.28,68.28,6,6,6,6,60.0
12,세종특별자치시,1.85,0.7,1.3,68.6,5,5,5,5,50.0
12,세종특별자치시,1.4,0.8,1.32,68.92,4,4,4,4,40.0
12,세종특별자치시,0.95,0.9,1.34,69.24,3,3,3,3,30.0
12,세종특별자치시,0.5,1.0,1.36,69.56,2,2,2,2,20.0
12,세종특별자치시,-0.4,1.2,1.4,70.2,0,0,0,0,0.0
12,대전광역시,-0.5,0.9,1.4,73.4,10,10,10,10,100.0
12,대전광역시,-0.6,0.92,1.42,73.32,9,9,9,9,90.0
12,대전광역시,-0.7,0.94,1.44,73.24,8,8,8,8,80.0
12,대전광역시,-0.8,0.96,1.46,73.16,7,7,7,7,70.0
12,대전광역시,-0.9,0.98,1.48,73.08,6,6,6,6,60.0
12,대전광역시,-1.0,1.0,1.5,73.0,5,5,5,5,50.0
12,대전광역시,-1.1,1.02,1.52,72.92,4,4,4,4,40.0
12,대전광역시,-1.2,1.04,1.54,72.84,3,3,3,3,30.0
12,대전광역시,-1.3,1.06,1.56,72.76,2,2,2,2,20.0
12,대전광역시,-1.5,1.1,1.6,72.6,0,0,0,0,0.0
