ZONE ID,시도,시군구,전체-평일,7시-9시,18시-20시,1시,2시,3시,4시,5시,6시,7시,8시,9시,10시,11시,12시,13시,14시,15시,16시,17시,18시,19시,20시,21시,22시,23시,24시,승용차-평일,7시-9시,18시-20시,1시,2시,3시,4시,5시,6시,7시,8시,9시,10시,11시,12시,13시,14시,15시,16시,17시,18시,19시,20시,21시,22시,23시,24시,버스-평일,7시-9시,18시-20시,1시,2시,3시,4시,5시,6시,7시,8시,9시,10시,11시,12시,13시,14시,15시,16시,17시,18시,19시,20시,21시,22시,23시,24시,트럭-평일,7시-9시,18시-20시,1시,2시,3시,4시,5시,6시,7시,8시,9시,10시,11시,12시,13시,14시,15시,16시,17시,18시,19시,20시,21시,22시,23시,24시
1101000,서울특별시, 종로구,15994,2718,2731,227,148,99,79,102,268,657,1008,1053,980,933,902,836,887,905,943,968,984,934,813,687,654,551,387,12769,2171,2180,185,121,81,65,83,216,526,805,840,783,745,721,669,709,722,752,772,785,745,650,551,525,443,313,87,14,14,0,0,0,0,0,1,3,5,6,5,5,5,4,4,5,5,5,5,5,4,3,3,2,1,3138,533,537,42,27,18,14,19,51,128,198,207,192,183,176,163,174,178,186,191,194,184,159,133,126,106,73
1102000,서울특별시, 중구,17375,2990,2902,226,145,97,76,95,250,671,1130,1189,1102,1050,1024,931,994,999,1031,1039,1046,995,861,735,710,587,404,13649,2360,2285,172,109,72,56,71,192,525,894,941,871,830,809,733,784,788,813,820,825,784,676,576,556,458,312,95,16,14,0,0,0,0,0,0,3,6,7,6,6,5,5,5,5,5,5,5,5,4,3,3,2,1,3631,614,603,54,36,25,20,24,58,143,230,241,225,214,210,193,205,206,213,214,216,206,181,156,151,127,91
1103000,서울특별시, 용산구,28739,4860,4845,449,305,213,175,213,517,1214,1806,1840,1711,1642,1592,1469,1567,1604,1659,1702,1740,1656,1449,1243,1204,1035,746,22514,3813,3794,354,241,170,140,170,408,954,1417,1442,1343,1289,1250,1153,1229,1258,1300,1333,1363,1296,1135,974,945,812,587,329,58,55,3,2,1,0,1,4,13,22,23,20,19,18,16,18,18,19,20,20,19,16,13,12,10,6,5896,989,996,92,62,42,35,42,105,247,367,375,348,334,324,300,320,328,340,349,357,341,298,256,247,213,153
1104000,서울특별시, 성동구,27044,4553,4469,442,307,220,184,221,515,1162,1668,1723,1624,1559,1484,1380,1467,1509,1564,1602,1613,1520,1336,1155,1112,973,717,21451,3608,3533,358,251,180,152,181,417,925,1320,1363,1285,1235,1176,1095,1163,1194,1237,1265,1273,1202,1058,917,885,777,576,267,46,45,3,1,1,0,1,3,11,17,18,17,16,15,13,14,15,16,17,17,15,13,11,10,8,5,5326,899,891,81,55,39,32,39,95,226,331,342,322,308,293,272,290,300,311,320,323,303,265,227,217,188,136
1105000,서울특별시, 광진구,23897,3991,4098,361,256,190,162,194,439,1002,1457,1532,1449,1386,1298,1202,1284,1348,1409,1452,1470,1400,1228,1031,954,819,586,18979,3151,3232,302,217,164,140,167,365,803,1146,1202,1140,1093,1027,955,1016,1063,1109,1141,1155,1103,974,825,766,663,481,209,35,35,2,1,0,0,0,2,8,13,14,13,12,11,10,11,12,12,13,13,12,10,8,7,6,4,4709,805,831,57,38,26,22,27,72,191,298,316,296,281,260,237,257,273,288,298,302,285,244,198,181,150,101
1106000,서울특별시, 동대문구,17833,3041,3008,249,165,114,95,122,315,750,1113,1178,1112,1058,995,923,988,1019,1069,1097,1100,1020,888,750,703,597,425,14240,2434,2406,198,132,91,76,98,252,600,891,943,890,847,796,739,790,815,855,877,880,816,710,599,561,477,339,111,18,18,1,0,0,0,0,1,4,7,7,7,6,6,5,6,6,7,7,7,6,5,4,4,3,2,3482,589,584,50,33,23,19,24,62,146,215,228,215,205,193,179,192,198,207,213,213,198,173,147,138,117,84
1107000,서울특별시, 중랑구,18815,3179,3240,252,170,123,111,149,380,847,1137,1195,1144,1094,1022,963,1036,1101,1157,1189,1189,1093,958,800,716,589,412,15056,2537,2580,214,146,107,97,129,316,683,905,949,910,871,817,772,827,876,917,942,942,870,768,646,582,484,343,179,28,29,1,1,0,0,0,2,7,10,11,10,10,9,8,9,10,11,11,11,10,8,7,6,4,3,3580,614,631,37,23,16,14,20,62,157,222,235,224,213,196,183,200,215,229,236,236,213,182,147,128,101,66
1108000,서울특별시, 성북구,20050,3455,3406,272,174,118,100,139,394,897,1253,1305,1224,1167,1111,1040,1110,1152,1207,1242,1248,1152,1006,849,784,656,463,16033,2754,2715,225,146,100,85,117,323,719,997,1038,975,930,888,832,887,918,961,988,992,918,805,683,633,532,379,123,21,21,1,0,0,0,0,2,5,8,8,7,7,6,6,6,7,7,7,8,7,6,5,4,3,2,3894,680,670,46,28,18,15,22,69,173,248,259,242,230,217,202,217,227,239,247,248,227,195,161,147,121,82
1109000,서울특별시, 강북구,14114,2510,2406,163,98,62,52,78,253,638,920,952,886,830,785,737,796,830,875,912,901,815,690,577,535,442,300,11975,2114,2031,148,91,58,49,73,227,547,771,796,744,700,664,626,673,700,735,764,755,688,588,497,463,386,267,44,7,7,0,0,0,0,0,0,1,3,3,3,2,2,2,2,2,3,3,3,2,2,1,1,1,0,2095,389,368,15,7,4,3,5,26,90,146,153,139,128,119,109,121,128,137,145,143,125,100,79,71,55,33
1110000,서울특별시, 도봉구,14073,2556,2432,144,91,63,61,108,307,685,922,949,886,809,750,720,792,843,906,964,936,828,668,539,477,381,255,11812,2125,2030,131,84,59,57,99,271,578,763,784,735,676,630,606,663,702,750,795,774,691,565,462,411,333,227,47,8,7,0,0,0,0,0,0,2,3,3,3,2,2,2,2,3,3,3,3,2,2,1,1,0,0,2214,423,395,13,7,4,4,9,36,105,156,162,148,131,118,112,127,138,153,166,159,135,101,76,65,48,28
1111000,서울특별시, 노원구,20747,3666,3587,226,151,112,112,190,494,1018,1297,1351,1285,1186,1094,1053,1159,1246,1343,1414,1368,1212,1007,813,698,552,375,16098,2837,2775,185,125,93,92,153,391,792,1002,1043,993,919,850,820,899,964,1036,1088,1053,938,784,638,551,440,303,181,30,30,1,1,1,1,2,4,8,11,11,11,10,9,8,9,10,11,12,12,10,8,6,5,4,2,4468,799,782,40,25,18,19,35,99,218,284,297,281,257,235,225,251,272,296,314,303,264,215,169,142,108,70
1112000,서울특별시, 은평구,14060,2439,2510,178,108,72,62,93,269,631,888,920,861,806,758,713,767,799,840,899,922,859,729,596,541,449,309,11575,1999,2054,155,95,64,56,83,231,524,725,750,704,662,624,588,631,656,688,733,751,703,600,495,451,378,263,61,10,10,0,0,0,0,0,0,2,4,4,4,3,3,3,3,3,3,4,4,3,3,2,2,1,1,2424,430,446,23,13,8,6,10,38,105,159,166,153,141,131,122,133,140,149,162,167,153,126,99,88,70,45
1113000,서울특별시, 서대문구,23449,3887,3992,375,249,174,148,194,493,1034,1413,1440,1372,1324,1287,1210,1274,1297,1359,1403,1434,1357,1201,1020,965,830,610,18779,3104,3189,310,207,147,125,163,404,830,1126,1148,1095,1058,1030,969,1019,1037,1085,1119,1143,1084,962,821,778,671,497,157,26,27,1,1,0,0,0,2,6,10,10,9,9,8,8,8,8,9,9,10,9,8,6,6,5,3,4513,757,776,64,41,27,23,31,87,198,277,282,268,257,249,233,247,252,265,275,281,264,231,193,181,154,110
1114000,서울특별시, 마포구,26907,4509,4475,459,315,226,196,256,612,1209,1641,1659,1568,1505,1455,1365,1439,1466,1515,1577,1609,1520,1346,1169,1114,970,728,21248,3555,3533,369,256,184,161,208,490,956,1292,1307,1236,1188,1150,1079,1136,1157,1195,1242,1268,1200,1065,927,885,772,582,272,45,43,3,1,1,0,1,4,11,17,17,16,15,14,13,14,14,15,16,16,15,12,10,9,8,5,5387,909,899,87,58,41,35,47,118,242,332,335,316,302,291,273,289,295,305,319,325,305,269,232,220,190,141
1115000,서울특별시, 양천구,23178,3963,3914,361,239,163,141,202,599,1115,1445,1403,1344,1319,1250,1185,1254,1293,1336,1381,1418,1328,1168,1003,915,759,569,18252,3115,3083,289,192,132,114,163,476,878,1135,1102,1057,1037,984,934,988,1017,1052,1086,1115,1046,922,792,724,602,452,174,30,29,1,1,0,0,0,3,8,11,11,10,10,9,8,9,10,10,11,11,10,8,7,6,4,3,4752,818,802,71,46,31,27,39,120,229,299,290,277,272,257,243,257,266,274,284,292,272,238,204,185,153,114
1116000,서울특별시, 강서구,23949,4333,4186,294,190,135,130,212,582,1176,1592,1565,1452,1366,1280,1210,1294,1351,1407,1503,1543,1438,1205,983,868,698,486,18724,3376,3265,239,155,111,106,174,468,924,1236,1216,1132,1067,1003,950,1014,1056,1098,1169,1199,1121,945,777,689,557,390,304,54,50,4,3,2,4,3,6,14,20,20,18,17,15,14,15,16,17,18,19,17,14,11,10,8,7,4921,903,871,51,32,22,20,35,108,238,336,329,302,282,262,246,265,279,292,316,325,300,246,195,169,133,89
1117000,서울특별시, 구로구,19705,3407,3343,314,208,142,119,171,487,940,1254,1213,1154,1131,1056,992,1050,1095,1122,1172,1208,1131,1004,856,769,643,486,15274,2640,2592,248,166,114,96,137,382,730,970,940,894,876,819,771,815,849,869,907,935,877,780,666,600,504,382,136,23,22,1,0,0,0,0,2,6,9,8,8,8,7,6,7,7,8,8,8,8,6,5,4,3,2,4295,744,729,65,42,28,23,34,103,204,275,265,252,247,230,215,228,239,245,257,265,246,218,185,165,136,102
1118000,서울특별시, 금천구,20583,3646,3476,287,185,127,113,180,543,1017,1330,1299,1238,1223,1134,1061,1116,1170,1202,1252,1279,1172,1025,857,741,598,447,15505,2755,2622,217,140,96,85,135,409,768,1005,982,936,924,857,802,843,882,906,944,964,885,773,647,560,452,338,195,33,31,2,1,1,1,2,5,9,12,12,11,11,10,9,10,11,11,11,12,10,9,7,6,5,4,4883,858,823,68,44,30,27,43,129,240,313,305,291,288,267,250,263,277,285,297,303,277,243,203,175,141,105
1119000,서울특별시, 영등포구,25140,4176,4291,427,290,200,165,213,543,1103,1536,1537,1451,1407,1356,1263,1348,1380,1425,1477,1530,1467,1294,1109,1051,902,677,19486,3248,3338,327,221,153,126,162,418,855,1196,1197,1129,1094,1055,981,1048,1073,1108,1149,1190,1142,1006,859,814,697,521,193,32,32,2,1,0,0,1,3,8,12,12,11,11,10,9,10,10,11,11,12,11,9,8,7,6,4,5461,896,921,98,68,47,39,50,122,240,328,328,311,302,291,273,290,297,306,317,328,314,279,242,230,199,152
1120000,서울특별시, 동작구,27462,4672,4671,434,289,194,156,198,527,1214,1739,1719,1621,1576,1506,1395,1480,1518,1574,1622,1676,1592,1403,1196,1144,986,717,21717,3709,3699,339,225,151,121,153,413,961,1382,1366,1288,1252,1195,1106,1172,1203,1248,1285,1328,1261,1110,944,902,776,562,256,43,45,2,1,0,0,1,3,10,17,16,15,14,14,12,14,14,15,16,17,15,13,10,10,8,5,5489,920,927,93,63,43,35,44,111,243,340,337,318,310,297,277,294,301,311,321,331,316,280,242,232,202,150
1121000,서울특별시, 관악구,17514,3094,3009,260,169,111,86,114,333,792,1161,1141,1065,1031,960,877,939,979,1011,1054,1089,1025,895,744,684,584,422,14060,2492,2424,206,134,87,67,90,266,636,936,920,857,831,774,706,756,788,814,849,878,826,720,598,550,468,337,105,18,17,1,0,0,0,0,1,4,7,7,6,6,5,5,5,6,6,6,6,6,5,4,3,3,2,3349,584,568,53,35,24,19,24,66,152,218,214,202,194,181,166,178,185,191,199,205,193,170,142,131,113,83
1122000,서울특별시, 서초구,32527,5545,5439,492,330,233,201,267,685,1481,2032,2032,1937,1893,1790,1683,1792,1836,1904,1951,1973,1845,1621,1393,1297,1088,783,25620,4375,4283,388,260,182,156,208,539,1169,1603,1603,1528,1494,1413,1328,1412,1446,1499,1535,1552,1453,1278,1099,1024,860,619,523,88,86,7,4,3,3,4,11,24,32,32,31,30,29,27,29,30,31,32,32,29,25,21,20,16,11,6384,1082,1070,97,66,48,42,55,135,288,397,397,378,369,348,328,351,360,374,384,389,363,318,273,253,212,153
1123000,서울특별시, 강남구,27481,4683,4732,359,234,160,132,169,463,1178,1733,1772,1690,1634,1530,1413,1529,1595,1668,1720,1733,1606,1393,1170,1088,906,619,22018,3750,3786,294,192,133,110,140,379,950,1385,1415,1351,1308,1226,1134,1225,1276,1332,1373,1384,1285,1117,941,877,732,504,210,35,35,1,1,0,0,0,2,8,13,14,13,12,11,10,11,12,13,13,13,12,10,8,7,6,3,5253,898,911,64,41,27,22,29,82,220,335,343,326,314,293,269,293,307,323,334,336,309,266,221,204,168,112
1124000,서울특별시, 송파구,21957,3814,3890,241,154,107,95,129,375,964,1410,1440,1396,1345,1198,1114,1211,1306,1380,1420,1434,1312,1144,933,805,634,419,17572,3045,3100,202,129,87,76,107,312,778,1122,1145,1110,1072,959,894,969,1041,1096,1128,1138,1046,916,753,654,520,348,166,26,27,3,4,8,8,5,3,6,10,10,10,9,8,7,8,9,10,10,10,9,8,6,5,4,3,4219,743,763,36,21,12,11,17,60,180,278,285,276,264,231,213,234,256,274,282,286,257,220,174,146,110,68
1125000,서울특별시, 강동구,23275,4001,4145,228,148,113,112,168,474,1083,1438,1480,1484,1429,1266,1195,1305,1426,1513,1547,1542,1383,1220,979,791,583,378,18035,3097,3198,183,119,91,90,134,376,844,1111,1142,1144,1104,981,928,1010,1100,1164,1190,1186,1067,945,764,621,462,303,262,43,44,4,3,3,3,4,6,12,15,16,16,15,14,13,14,15,16,16,16,15,13,10,9,7,5,4978,861,903,41,26,19,19,30,92,227,312,322,324,310,271,254,281,311,333,341,340,301,262,205,161,114,70
2101000,부산광역시, 중구,18119,3148,3384,173,119,80,69,96,230,645,1161,1342,1176,1126,1064,943,1066,1095,1144,1198,1300,1213,871,712,595,436,275,15759,2727,2925,161,111,76,65,91,213,573,1003,1151,1016,975,924,824,926,949,990,1033,1116,1045,764,631,530,394,252,114,19,22,0,0,0,0,0,0,3,7,9,7,7,6,5,6,7,7,8,9,8,5,3,3,1,1,2246,402,437,12,8,4,4,5,17,69,151,182,153,144,134,114,134,139,147,157,175,160,102,78,62,41,22
2102000,부산광역시, 서구,14672,2620,2705,132,86,63,56,82,206,582,987,1051,938,933,873,780,862,902,923,970,1046,965,694,555,455,333,212,12326,2179,2267,123,81,59,53,77,189,502,812,865,776,771,726,658,720,749,765,800,862,807,598,486,404,300,195,113,20,20,0,0,0,0,0,0,3,8,9,7,7,7,5,6,7,7,8,9,7,4,3,2,1,0,2233,421,418,9,5,4,3,5,17,77,167,177,155,155,140,117,136,146,151,162,175,151,92,66,49,32,17
2103000,부산광역시, 동구,25599,4409,4674,245,160,106,95,137,347,953,1618,1838,1684,1621,1517,1354,1503,1531,1606,1682,1801,1651,1222,1026,871,639,402,22261,3819,4033,231,153,102,92,131,324,852,1397,1570,1450,1400,1317,1185,1305,1327,1386,1444,1538,1420,1075,913,782,583,373,171,30,31,0,0,0,0,0,1,5,11,14,12,11,10,8,10,10,11,12,13,11,7,5,4,2,1,3167,560,610,14,7,4,3,6,22,96,210,254,222,210,190,161,188,194,209,226,250,220,140,108,85,54,28
2104000,부산광역시, 영도구,8667,1571,1721,63,40,27,23,33,89,298,600,673,557,542,501,446,508,541,561,601,673,619,429,312,255,181,108,7613,1379,1506,59,38,26,22,31,82,267,525,587,489,476,441,395,447,475,492,525,586,540,380,279,229,165,99,56,9,10,0,0,0,0,0,0,1,4,4,3,3,3,2,3,3,3,4,4,4,2,1,1,0,0,998,183,205,4,2,1,1,2,7,30,71,82,65,63,57,49,58,63,66,72,83,75,47,32,25,16,9
2105000,부산광역시, 부산진구,22890,3859,4041,230,148,106,96,129,331,885,1437,1537,1506,1505,1396,1256,1369,1406,1463,1501,1567,1403,1071,879,751,567,360,19323,3224,3378,221,144,104,94,126,313,779,1185,1260,1243,1241,1165,1064,1146,1169,1210,1232,1280,1170,928,780,676,523,340,196,33,34,0,0,0,0,0,1,5,13,15,14,14,12,10,12,12,13,14,15,12,7,5,4,2,1,3371,602,629,9,4,2,2,3,17,101,239,262,249,250,219,182,211,225,240,255,272,221,136,94,71,42,19
2106000,부산광역시, 동래구,19314,3508,3397,191,121,86,79,115,318,836,1313,1359,1264,1251,1144,1033,1100,1163,1213,1275,1371,1155,871,683,613,465,307,16197,2889,2821,185,119,85,78,113,303,729,1064,1096,1034,1025,953,876,920,966,997,1041,1104,960,757,612,555,432,292,168,32,30,0,0,0,0,0,0,5,13,14,12,12,10,8,9,10,11,12,14,10,6,3,3,1,0,2949,587,546,6,2,1,1,2,15,102,236,249,218,214,181,149,171,187,205,222,253,185,108,68,55,32,15
2107000,부산광역시, 남구,20551,3575,3782,180,110,73,66,96,268,771,1346,1458,1334,1311,1214,1117,1200,1242,1300,1366,1463,1307,1012,816,693,503,315,17860,3090,3258,170,105,70,64,92,250,686,1157,1247,1146,1128,1051,973,1039,1072,1118,1170,1247,1124,887,725,622,458,292,141,25,26,0,0,0,0,0,0,4,10,11,10,9,8,7,8,9,9,10,11,9,6,4,3,2,1,2550,460,498,10,5,3,2,4,18,81,179,200,178,174,155,137,153,161,173,186,205,174,119,87,68,43,22
2108000,부산광역시, 북구,16389,3048,2984,131,87,65,65,96,264,698,1164,1186,1071,1068,979,875,939,1010,1058,1113,1199,1052,733,558,453,326,210,13266,2416,2379,125,84,63,62,91,243,592,905,919,847,844,787,718,761,807,839,873,924,834,621,490,407,300,198,160,31,30,0,0,0,0,0,1,5,13,13,11,11,9,8,9,10,11,12,14,11,5,3,2,1,0,2963,601,575,6,3,2,3,5,20,101,246,254,213,213,183,149,169,193,208,228,261,207,107,65,44,25,12
2109000,부산광역시, 해운대구,19604,3435,3795,167,100,67,61,88,246,709,1328,1398,1232,1223,1134,1056,1130,1206,1255,1334,1467,1317,1011,722,621,458,284,16551,2872,3156,158,96,65,59,85,229,619,1099,1154,1029,1023,957,899,955,1012,1048,1106,1201,1091,864,636,554,416,263,195,34,39,0,0,0,0,0,1,5,14,15,13,12,11,10,11,12,13,14,16,14,9,5,4,2,1,2858,529,600,9,4,2,2,3,16,85,215,229,190,188,166,147,164,182,194,214,250,212,138,81,63,40,20
2110000,부산광역시, 사하구,16269,2997,3027,126,80,62,60,85,220,663,1139,1195,1049,1053,953,865,940,1016,1031,1096,1171,1087,769,600,475,335,211,13434,2439,2474,121,78,61,59,83,207,572,913,954,853,854,783,722,777,830,839,886,937,882,655,525,425,307,199,119,22,21,0,0,0,0,0,0,3,9,10,8,8,7,6,6,7,8,8,9,8,4,3,2,1,0,2716,536,532,5,2,1,1,2,13,88,217,231,188,191,163,137,157,179,184,202,225,197,110,72,48,27,12
2111000,부산광역시, 금정구,15226,2710,2927,135,87,64,63,95,236,626,1025,1059,957,951,886,802,856,914,954,1020,1146,1035,746,569,455,335,219,12088,2127,2262,124,81,60,58,86,210,518,793,816,750,746,704,648,684,721,744,788,863,793,606,477,394,298,199,239,42,45,2,1,1,1,2,3,9,16,17,15,15,13,12,13,14,15,16,18,16,11,8,6,4,3,2899,541,620,9,5,3,4,7,23,99,216,226,192,190,169,142,159,179,195,216,265,226,129,84,55,33,17
2112000,부산광역시, 강서구,14286,2636,2531,101,65,53,56,89,232,619,1009,1008,948,961,882,790,846,910,933,977,1010,892,629,488,372,261,167,10581,1927,1873,87,57,47,49,76,193,479,724,724,688,695,649,592,627,666,680,705,725,658,490,391,307,220,143,191,35,32,1,0,0,0,1,2,7,14,14,13,13,11,10,11,12,12,13,14,11,7,5,3,2,1,3514,674,626,13,8,6,7,12,37,133,271,270,247,253,222,188,208,232,241,259,271,223,132,92,62,39,23
2113000,부산광역시, 연제구,20257,3450,3629,228,148,102,89,116,292,798,1286,1366,1314,1290,1197,1088,1173,1213,1262,1302,1406,1249,974,776,700,546,354,17878,3030,3183,215,141,98,86,111,274,716,1124,1190,1147,1128,1052,962,1032,1064,1105,1138,1222,1094,867,699,633,499,329,126,21,23,0,0,0,0,0,0,4,8,9,9,8,7,6,7,8,8,8,10,8,5,3,3,2,1,2253,399,423,13,7,4,3,5,18,78,154,167,158,154,138,120,134,141,149,156,174,147,102,74,64,45,24
2114000,부산광역시, 수영구,22235,3902,4060,209,129,86,78,113,309,861,1462,1579,1445,1412,1311,1196,1291,1321,1383,1453,1563,1406,1091,881,756,556,355,19102,3336,3442,197,123,83,75,108,286,759,1243,1334,1229,1204,1125,1032,1108,1128,1174,1225,1306,1190,946,776,674,505,328,158,28,30,0,0,0,0,0,1,5,11,12,11,10,9,8,9,9,10,11,13,10,7,5,4,2,1,2975,538,588,12,6,3,3,5,22,97,208,233,205,198,177,156,174,184,199,217,244,206,138,100,78,49,26
2115000,부산광역시, 사상구,22329,3954,3967,185,120,96,98,141,359,918,1492,1544,1453,1485,1357,1219,1324,1410,1454,1510,1559,1395,1013,801,644,463,299,17443,3041,3074,176,115,93,94,135,330,758,1123,1160,1107,1129,1053,966,1033,1083,1109,1139,1166,1075,833,684,567,420,278,234,42,41,0,0,0,0,0,1,7,17,18,16,17,14,12,14,15,16,17,18,15,8,5,3,2,1,4652,871,852,9,5,3,4,6,28,153,352,366,330,339,290,241,277,312,329,354,375,305,172,112,74,41,20
2131000,부산광역시, 기장군,10823,1943,2210,82,48,31,32,50,146,427,757,759,634,656,628,589,625,688,712,762,885,796,529,368,292,207,133,8744,1564,1770,70,41,27,28,43,125,352,605,607,512,529,508,479,507,554,573,610,701,636,433,306,246,176,114,101,17,19,1,1,1,1,1,1,3,7,7,5,6,5,5,5,6,6,7,8,7,4,3,2,1,1,1978,362,421,11,6,3,3,6,20,72,145,145,117,121,115,105,113,128,133,145,176,153,92,59,44,30,18
2201000,대구광역시, 중구,19570,3247,3847,169,103,72,60,77,166,459,1212,1576,1325,1219,1145,1073,1161,1185,1247,1301,1416,1348,1083,763,678,471,270,17134,2848,3362,142,84,57,48,62,140,400,1064,1384,1163,1069,1005,945,1020,1040,1093,1139,1234,1177,951,671,597,412,233,773,127,147,9,6,5,4,5,9,19,47,61,51,47,44,41,45,45,48,49,54,51,42,30,27,20,12,1663,272,338,18,13,10,8,10,17,40,101,131,111,103,96,87,96,100,106,113,128,120,90,62,54,39,25
2202000,대구광역시, 동구,16792,2874,3218,144,100,80,88,127,255,574,1084,1216,1098,1072,988,895,964,1022,1061,1138,1242,1128,848,601,498,357,224,13022,2226,2490,116,80,63,68,97,198,449,838,939,850,827,767,700,750,791,820,875,949,873,668,480,402,290,181,324,53,61,3,2,2,2,3,5,10,20,23,20,20,18,16,18,19,20,21,24,21,16,11,9,6,4,3446,595,667,25,18,15,18,27,52,115,226,254,228,225,203,179,196,212,221,242,269,234,164,110,87,61,39
2203000,대구광역시, 서구,18406,3120,3617,158,103,76,77,105,215,541,1195,1384,1224,1174,1081,981,1056,1108,1155,1229,1368,1277,972,693,584,413,249,14375,2444,2804,135,87,64,63,86,177,440,930,1074,956,915,848,781,834,867,902,949,1040,986,778,571,490,351,212,426,71,83,3,2,1,2,2,4,11,27,33,28,26,24,22,24,25,26,28,32,29,22,14,12,8,5,3605,605,730,20,14,11,12,17,34,90,238,277,240,233,209,178,198,216,227,252,296,262,172,108,82,54,32
2204000,대구광역시, 남구,20278,3394,3976,185,118,82,71,96,199,537,1240,1617,1380,1262,1164,1110,1181,1198,1265,1305,1439,1423,1114,798,714,499,293,17753,2995,3509,161,102,70,60,82,173,472,1095,1428,1219,1114,1028,980,1043,1057,1117,1152,1270,1256,983,704,629,438,255,994,167,196,9,6,4,4,5,10,26,61,80,68,62,57,55,58,59,62,64,71,70,55,39,35,25,15,1531,232,271,15,10,8,7,9,16,39,84,109,93,86,79,75,80,82,86,89,98,97,76,55,50,36,23
2205000,대구광역시, 북구,17934,2992,3424,174,120,95,104,148,286,615,1124,1253,1146,1126,1051,951,1027,1080,1113,1190,1306,1211,907,674,566,413,267,13506,2247,2552,142,98,76,82,116,223,475,841,931,857,839,789,721,772,808,831,882,956,901,695,528,450,332,217,320,53,59,3,2,2,2,3,5,10,20,23,20,20,18,16,18,19,19,20,23,21,15,11,9,7,4,4108,692,813,29,20,17,20,29,58,130,263,299,269,267,244,214,237,253,263,288,327,289,197,135,107,74,46
2206000,대구광역시, 수성구,15560,2675,2990,134,89,66,66,96,192,467,995,1213,1057,979,903,831,896,932,989,1021,1105,1066,819,580,507,355,212,13472,2305,2594,119,79,59,58,84,168,407,856,1042,911,844,784,724,778,807,855,880,951,925,718,513,450,315,188,561,95,108,4,3,2,2,3,6,14,36,45,38,35,32,29,32,33,35,36,40,39,29,19,17,12,7,1527,275,288,11,7,5,6,9,18,46,103,126,108,100,87,78,86,92,99,105,114,102,72,48,40,28,17
2207000,대구광역시, 달서구,14808,2589,2909,136,85,61,60,93,181,456,987,1146,978,907,828,784,842,858,896,957,1086,1037,786,594,503,347,210,12458,2179,2441,116,71,50,49,78,154,391,829,959,822,762,698,665,712,723,753,802,903,869,669,510,435,301,181,461,79,88,5,4,3,3,4,6,13,30,36,30,27,24,23,25,25,27,28,33,31,24,18,15,11,7,1889,331,380,15,10,8,8,11,21,52,128,151,126,118,106,96,105,110,116,127,150,137,93,66,53,35,22
2231000,대구광역시, 달성군,9307,1599,1774,82,55,42,46,72,139,319,624,656,575,582,554,504,542,567,586,619,680,632,462,366,284,199,129,6878,1191,1308,63,42,32,35,54,105,240,463,488,426,428,408,373,401,418,431,454,496,465,347,276,217,152,98,183,29,31,2,1,1,1,2,3,6,11,12,11,11,10,9,10,10,11,11,12,11,8,7,5,4,3,2246,379,435,17,12,9,10,16,31,73,150,156,138,143,136,122,131,139,144,154,172,156,107,83,62,43,28
2301000,인천광역시, 중구,7091,1310,1249,62,40,35,57,124,256,381,477,452,410,389,374,367,389,410,438,477,506,423,320,259,207,154,96,5660,1052,1002,36,23,19,33,98,207,306,383,363,329,312,300,295,312,329,351,382,404,340,258,209,166,121,66,177,24,25,20,14,14,20,10,7,8,8,8,8,8,8,8,8,8,8,8,9,8,8,8,9,11,19,1254,234,222,6,3,2,4,16,42,67,86,81,73,69,66,64,69,73,79,87,93,75,54,42,32,22,11
2302000,인천광역시, 동구,8664,1597,1620,84,55,41,45,76,192,389,596,612,525,505,479,443,476,509,519,552,613,561,446,347,281,199,134,7156,1313,1333,74,49,36,40,66,163,325,488,500,432,417,396,367,394,420,427,453,501,461,371,291,239,170,117,64,11,12,0,0,0,0,0,1,2,4,5,4,3,3,3,3,3,4,4,5,4,3,2,1,1,0,1444,273,275,10,6,5,5,10,28,62,104,107,89,85,80,73,79,86,88,95,107,96,72,54,41,28,17
2303000,인천광역시, 남구,17678,3188,3263,195,126,94,96,154,397,804,1181,1203,1050,1008,955,894,954,1026,1042,1110,1205,1122,936,750,629,452,306,14724,2638,2701,171,112,83,84,133,339,674,973,991,871,838,795,747,794,852,864,917,991,928,782,633,535,390,266,165,29,30,1,0,0,0,1,3,7,11,11,10,9,9,8,9,9,10,10,12,10,8,6,5,3,2,2789,521,532,23,14,11,12,20,55,123,197,201,169,161,151,139,151,165,168,183,202,184,146,111,89,59,38
2304000,인천광역시, 연수구,13082,2405,2381,144,94,71,80,138,336,617,882,906,769,736,701,659,704,751,766,810,873,825,683,551,452,327,218,10561,1933,1917,124,82,61,68,114,276,500,707,726,620,593,565,533,567,604,614,649,698,664,555,452,375,274,185,150,27,26,1,0,0,0,1,3,7,10,10,8,8,8,7,8,8,9,9,10,9,7,5,4,3,2,2371,445,438,19,12,10,12,23,57,110,165,170,141,135,128,119,129,139,143,152,165,152,121,94,73,50,31
2305000,인천광역시, 남동구,20182,3654,3609,231,151,115,116,188,514,953,1328,1373,1201,1154,1096,1023,1089,1149,1160,1213,1310,1234,1065,888,736,536,367,16538,2974,2947,199,131,99,99,159,427,784,1077,1113,978,941,896,839,891,938,946,988,1063,1007,877,738,616,453,314,234,40,41,3,2,2,2,3,6,10,15,15,13,13,12,11,12,13,13,13,15,14,12,9,8,6,4,3410,640,621,29,18,14,15,26,81,159,236,245,210,200,188,173,186,198,201,212,232,213,176,141,112,77,49
2306000,인천광역시, 부평구,19761,3434,3474,282,180,131,123,196,560,926,1257,1251,1131,1069,1034,982,1056,1078,1106,1161,1236,1178,1060,912,802,623,441,16690,2890,2926,245,156,114,107,169,479,786,1054,1050,953,904,874,833,892,911,932,978,1038,992,896,775,684,535,380,182,30,30,2,2,1,1,2,5,8,11,11,10,9,9,8,9,9,10,10,11,10,9,8,7,5,4,2889,514,518,35,22,16,15,25,76,132,192,190,168,156,151,141,155,158,164,173,187,176,155,129,111,83,57
2307000,인천광역시, 계양구,21166,3867,3691,267,173,139,165,297,668,1091,1401,1375,1221,1136,1076,1047,1120,1163,1190,1285,1359,1278,1054,882,769,602,421,16951,3092,2955,200,130,100,120,237,536,873,1119,1100,978,910,863,839,897,931,952,1028,1086,1023,846,708,617,479,322,345,53,53,26,17,20,23,11,12,16,18,19,17,17,16,16,17,17,17,17,18,18,17,17,17,20,32,3870,722,683,41,26,19,22,49,120,202,264,256,226,209,197,192,206,215,221,240,255,237,191,157,135,103,67
2308000,인천광역시, 서구,12770,2368,2366,146,95,72,79,132,320,611,883,874,744,702,669,632,682,716,740,789,875,827,664,527,444,329,229,10397,1921,1920,121,80,60,64,111,266,499,714,708,605,571,546,516,556,582,601,640,708,670,542,433,367,274,190,152,25,25,6,4,4,6,3,4,7,9,9,8,8,7,7,7,8,8,8,9,9,7,6,6,5,7,2221,422,421,19,11,8,9,18,50,105,160,157,131,123,116,109,119,126,131,141,158,148,115,88,71,50,32
2331000,인천광역시, 강화군,3574,668,654,28,17,13,13,25,70,158,252,258,226,217,206,192,209,219,222,233,249,229,176,140,111,76,46,2855,539,525,23,15,11,11,21,58,128,203,208,182,174,165,154,168,176,178,187,200,184,141,113,90,62,38,40,5,6,0,0,0,0,0,0,1,2,2,2,2,2,2,2,2,2,2,2,2,2,1,1,0,0,679,124,123,5,2,2,2,4,12,29,47,48,42,41,39,36,39,41,42,44,47,43,33,26,20,14,8
2332000,인천광역시, 옹진군,7367,1281,1257,74,46,35,41,66,177,340,458,483,449,442,441,421,436,460,469,471,467,434,356,290,232,175,119,6264,1086,1066,68,43,33,39,61,159,293,387,406,379,373,371,355,368,387,394,396,394,367,305,252,204,156,108,49,8,8,0,0,0,0,0,0,2,3,3,3,3,3,3,3,3,3,3,3,3,2,1,1,0,0,1054,187,183,6,3,2,2,5,18,45,68,74,67,66,67,63,65,70,72,72,70,64,49,37,27,19,11
2401000,광주광역시, 동구,12031,2017,2456,61,36,27,27,41,96,322,777,918,815,836,736,620,747,808,831,903,994,898,564,369,294,213,110,8723,1474,1796,42,25,19,19,29,67,228,569,677,596,610,534,448,543,589,606,661,730,658,408,263,207,149,76,179,28,37,0,0,0,0,0,0,3,11,14,12,13,11,8,11,12,13,14,16,14,7,4,3,1,0,3129,515,623,19,11,8,8,12,29,91,197,227,207,213,191,164,193,207,212,228,248,226,149,102,84,63,34
2402000,광주광역시, 서구,15636,2669,3194,72,39,28,26,39,103,385,1034,1250,1087,1109,943,780,962,1056,1087,1186,1303,1161,730,474,373,283,137,11414,1967,2359,45,24,17,16,24,66,270,765,932,803,820,691,567,706,778,801,877,968,861,530,336,260,194,89,240,39,52,0,0,0,0,0,0,2,15,22,18,18,14,9,14,17,18,21,25,19,8,3,2,1,0,3982,663,783,27,15,11,10,15,37,113,254,296,266,271,238,204,242,261,268,288,310,281,192,135,111,88,48
2403000,광주광역시, 남구,10890,1791,2209,50,29,21,21,33,85,280,689,822,750,778,678,570,685,745,769,829,907,804,498,327,256,185,92,7941,1313,1629,33,19,14,14,22,57,197,507,609,553,573,497,415,503,548,567,613,673,595,361,232,179,127,61,155,24,32,0,0,0,0,0,0,2,9,13,11,12,9,7,9,11,11,13,15,12,5,3,2,1,0,2794,454,548,17,10,7,7,11,28,81,173,200,186,193,172,148,173,186,191,203,219,197,132,92,75,57,31
2404000,광주광역시, 북구,10902,1833,2204,63,37,28,28,40,91,290,700,843,735,745,654,559,665,720,743,798,872,804,528,354,288,216,114,7744,1315,1581,41,24,19,19,26,60,201,504,610,528,533,465,396,474,515,532,572,627,578,376,247,199,148,76,172,27,35,0,0,0,0,0,1,3,10,14,11,12,10,7,10,11,12,14,16,13,6,4,3,2,1,2986,491,588,22,13,9,9,14,30,86,186,219,196,200,179,156,181,194,199,212,229,213,146,103,86,66,37
2405000,광주광역시, 광산구,9346,1563,1884,57,35,27,26,36,81,243,599,721,632,646,566,479,577,625,641,693,771,683,430,292,231,173,97,6947,1172,1404,43,27,21,20,28,62,183,449,540,472,481,421,357,430,464,476,515,572,509,323,219,174,130,74,154,23,32,0,0,0,0,0,0,2,9,12,10,11,9,7,9,11,11,12,15,12,5,3,2,1,0,2245,368,448,14,8,6,6,8,19,58,141,169,150,154,136,115,138,150,154,166,184,162,102,70,55,42,23
2501000,대전광역시, 동구,9878,1435,1808,87,61,51,55,77,144,285,528,622,624,672,642,581,625,644,684,711,727,642,439,353,287,211,137,7517,1106,1371,70,49,40,43,61,115,226,407,473,474,508,487,443,474,488,516,534,546,486,339,276,226,168,109,194,25,34,1,1,1,1,1,2,4,9,12,12,13,12,11,12,12,13,14,14,12,8,6,5,3,2,2167,304,403,16,11,10,11,15,27,55,112,137,138,151,143,127,139,144,155,163,167,144,92,71,56,40,26
2502000,대전광역시, 중구,9701,1419,1784,65,42,33,36,53,114,267,535,617,628,688,653,578,633,657,705,718,717,651,416,340,266,185,113,7792,1158,1425,60,39,31,33,49,102,230,435,493,500,543,519,465,504,520,554,563,562,517,346,287,229,163,101,127,16,22,0,0,0,0,0,1,2,6,8,8,9,8,7,8,9,10,10,10,8,4,3,2,1,1,1782,245,337,5,3,2,3,4,11,35,94,116,120,136,126,106,121,128,141,145,145,126,66,50,35,21,11
2503000,대전광역시, 서구,12057,1788,2303,75,47,37,40,58,131,319,666,803,785,843,800,710,778,812,874,915,943,834,526,408,315,217,132,9678,1457,1825,70,44,35,38,54,120,279,541,637,624,663,634,571,619,642,684,711,729,657,439,349,275,194,121,161,21,32,0,0,0,0,0,0,2,8,11,10,12,11,9,10,11,13,14,15,12,5,3,2,1,0,2218,310,446,5,3,2,2,4,11,38,117,155,151,168,155,130,149,159,177,190,199,165,82,56,38,22,11
2504000,대전광역시, 유성구,15021,2333,2881,114,77,62,66,92,191,423,851,1059,978,1016,954,857,931,962,1028,1102,1166,1038,677,509,404,290,185,11570,1803,2192,96,65,53,56,77,160,345,658,800,748,774,732,664,715,737,782,831,871,786,535,411,331,241,155,246,36,49,1,1,0,0,1,2,5,13,18,16,17,15,13,15,16,17,20,22,18,9,6,4,3,2,3205,494,640,17,11,9,10,14,29,73,180,241,214,225,207,180,201,209,229,251,273,234,133,92,69,46,28
2505000,대전광역시, 대덕구,15947,2333,2917,141,97,81,87,119,233,470,861,1002,1020,1085,1036,938,1008,1040,1111,1168,1188,1024,705,551,444,331,218,11867,1755,2163,111,76,63,68,92,182,363,647,745,758,802,767,699,748,770,819,857,869,759,535,423,344,258,171,334,46,61,2,1,1,1,2,4,8,17,21,21,23,22,19,21,22,24,26,27,21,13,9,7,5,3,3746,532,693,28,20,17,18,25,47,99,197,236,241,260,247,220,239,248,268,285,292,244,157,119,93,68,44
2601000,울산광역시, 중구,15436,2336,3007,196,112,78,63,83,208,480,814,1042,847,884,872,873,928,995,991,1071,1114,1097,796,618,541,444,303,13206,1997,2523,187,109,76,62,81,197,435,696,866,730,754,746,743,785,832,831,883,922,912,689,550,490,407,284,266,39,54,1,0,0,0,0,2,6,14,19,14,15,15,15,16,18,18,20,21,20,13,9,7,6,3,1964,300,430,8,3,2,1,2,9,39,104,157,103,115,111,115,127,145,142,168,171,165,94,59,44,31,16
2602000,울산광역시, 남구,13254,2030,2513,181,109,80,79,104,206,471,709,850,777,780,765,724,757,831,841,838,960,907,646,510,474,391,274,11323,1730,2117,167,102,76,75,96,188,412,604,714,660,661,650,619,645,700,708,705,797,760,560,451,422,352,251,230,34,45,2,1,0,0,1,2,7,12,15,13,13,13,12,13,15,15,15,18,16,11,8,7,5,3,1701,266,351,12,6,4,4,7,16,52,93,121,104,106,102,93,99,116,118,118,145,131,75,51,45,34,20
2603000,울산광역시, 동구,9178,1482,1756,157,68,48,46,63,162,360,530,592,533,527,511,484,524,584,580,595,676,635,445,328,315,248,178,7339,1188,1405,127,56,40,38,52,131,290,425,473,427,422,409,388,420,468,464,476,541,508,356,263,254,200,144,129,20,25,1,0,0,0,0,1,4,7,9,7,7,7,6,7,8,8,9,10,9,6,4,3,2,1,1710,274,326,29,12,8,8,11,30,66,98,110,99,98,95,90,97,108,108,110,125,118,83,61,58,46,33
2604000,울산광역시, 북구,11768,1753,2196,255,97,70,51,67,190,428,620,705,648,695,653,643,708,767,753,796,842,777,577,439,427,334,237,9434,1407,1753,209,82,60,44,58,158,348,497,562,520,555,525,517,566,611,601,633,668,620,465,357,348,275,197,210,29,40,3,1,0,0,0,2,6,10,13,11,13,11,11,13,14,14,15,16,14,10,7,6,4,3,2124,317,403,43,14,10,7,9,30,74,113,130,117,127,117,115,129,142,138,148,158,143,102,75,73,55,37
2631000,울산광역시, 울주군,9458,1526,1800,92,59,45,47,72,159,362,568,596,554,584,567,534,559,610,623,649,715,634,451,343,280,216,151,7178,1169,1362,75,48,36,37,56,125,282,434,453,419,439,427,405,424,459,468,487,536,480,346,267,221,174,122,174,25,31,2,2,2,2,2,3,6,9,10,9,10,9,9,9,10,10,11,12,11,8,6,5,4,3,2106,332,407,15,9,7,8,14,31,74,125,133,126,135,131,120,126,141,145,151,167,143,97,70,54,38,26
2901000,세종특별자치시, 세종시,7160,1129,1373,59,39,32,34,49,108,231,409,489,441,453,440,413,444,460,484,514,544,491,338,254,203,146,94,5466,865,1035,50,34,28,29,42,89,185,313,367,335,343,335,316,337,348,365,385,404,368,263,202,163,120,79,110,16,21,0,0,0,0,0,1,2,6,8,6,7,6,6,7,7,7,8,9,8,4,3,2,1,0,1584,248,317,9,5,4,5,7,18,44,90,114,100,103,99,91,100,105,112,121,131,115,71,49,38,25,15
3101100,경기도, 수원시 장안구,19317,3497,3303,210,138,102,104,168,536,999,1247,1251,1204,1183,1071,1006,1072,1124,1155,1190,1226,1115,962,785,658,492,328,15067,2717,2574,171,112,81,83,136,427,781,966,970,932,917,834,786,835,873,898,925,950,869,755,621,524,395,266,308,51,48,6,6,7,7,7,10,15,18,18,18,17,16,15,16,17,17,17,18,16,14,12,11,9,7,3942,729,681,33,20,14,14,25,99,203,263,263,254,249,221,205,221,234,240,248,258,230,193,152,123,88,55
3101200,경기도, 수원시 권선구,16871,3206,2997,136,81,57,57,117,429,886,1149,1171,1063,1020,929,884,954,993,1042,1107,1147,1017,833,664,533,377,236,13609,2567,2412,118,72,51,50,100,357,717,916,934,852,820,750,716,770,799,837,886,917,818,677,546,443,317,202,189,37,32,1,0,0,0,1,3,9,14,14,12,11,10,9,10,11,12,13,13,11,8,6,4,3,1,3073,602,553,17,9,6,7,16,69,160,219,223,199,189,169,159,174,183,193,208,217,188,148,112,86,57,33
3101300,경기도, 수원시 팔달구,14719,2830,2594,109,64,45,45,81,341,768,1022,1040,956,932,835,772,830,877,924,969,1001,875,718,566,454,315,190,12409,2360,2178,102,61,43,43,76,303,650,848,862,797,778,702,653,698,736,772,807,832,735,611,489,397,281,174,125,25,21,0,0,0,0,0,1,6,9,10,8,8,7,6,7,7,8,9,9,7,5,3,2,1,0,2185,445,395,7,3,2,2,5,37,112,165,168,151,146,126,113,125,134,144,153,160,133,102,74,55,33,16
3101400,경기도, 수원시 영통구,16872,3147,2792,156,103,76,82,143,456,895,1128,1124,1085,1076,985,905,958,1002,1048,1080,1084,934,774,632,522,384,252,13449,2480,2237,132,88,65,70,120,370,710,886,884,854,845,779,723,764,797,834,859,862,749,626,515,429,319,211,253,47,40,3,2,1,2,3,7,13,17,17,16,16,14,13,14,15,15,16,16,13,11,9,7,5,4,3170,620,515,21,13,10,10,20,79,172,225,223,215,215,192,169,180,190,199,205,206,172,137,108,86,60,37
3102100,경기도, 성남시 수정구,30300,5307,5148,363,237,178,167,250,703,1504,1933,1870,1874,1829,1604,1546,1679,1783,1876,1925,1915,1716,1517,1277,1109,864,592,23631,4132,4010,289,187,138,128,197,556,1175,1502,1455,1457,1422,1253,1209,1309,1388,1458,1495,1487,1337,1186,1003,873,684,471,490,77,77,11,11,12,13,11,14,23,27,27,27,27,25,24,25,26,27,28,28,26,23,20,19,16,13,6179,1098,1061,63,39,28,26,42,133,306,404,388,390,380,326,313,345,369,391,402,400,353,308,254,217,164,108
3102200,경기도, 성남시 중원구,17388,3081,3049,182,114,83,78,120,372,842,1132,1107,1093,1064,933,887,968,1038,1089,1128,1143,1026,880,725,618,469,310,13692,2421,2395,150,95,69,64,100,301,666,887,868,857,836,735,700,762,815,854,884,895,806,694,576,493,377,252,141,24,24,1,1,2,2,1,2,6,9,9,9,8,7,7,7,8,9,9,9,8,7,5,4,3,2,3555,636,630,31,18,12,12,19,69,170,236,230,227,220,191,180,199,215,226,235,239,212,179,144,121,89,56
3102300,경기도, 성남시 분당구,23487,4156,4045,263,165,119,113,170,514,1155,1507,1494,1456,1410,1278,1220,1317,1382,1449,1501,1514,1358,1173,988,855,657,438,19030,3371,3281,213,132,95,89,136,418,939,1221,1211,1180,1144,1038,991,1069,1120,1173,1214,1225,1102,954,805,697,537,357,358,60,58,5,4,3,4,4,9,17,22,21,21,20,19,18,19,20,21,22,22,19,17,14,13,10,7,4099,725,706,45,29,21,20,30,87,199,264,262,255,246,221,211,229,242,255,265,267,237,202,169,145,110,74
3103000,경기도, 의정부시,18746,3468,3343,147,95,75,91,192,517,994,1217,1257,1183,1065,957,942,1058,1155,1253,1351,1305,1142,896,681,545,394,248,14280,2638,2544,113,73,57,70,149,399,759,925,954,899,813,732,721,807,879,950,1022,989,869,686,525,422,307,193,219,38,36,6,5,5,5,4,6,11,13,14,13,11,10,10,11,12,14,15,14,12,10,8,6,5,5,4247,792,763,28,17,13,16,39,112,224,279,289,271,241,215,211,240,264,289,314,302,261,200,148,117,82,50
3104100,경기도, 안양시 만안구,23606,4270,4055,289,178,124,116,194,617,1203,1554,1513,1431,1406,1284,1204,1283,1358,1393,1457,1497,1363,1195,1003,847,650,460,18748,3383,3220,233,142,98,90,154,496,960,1227,1196,1135,1116,1023,962,1022,1080,1104,1154,1183,1083,954,805,684,526,373,250,42,40,4,3,2,3,3,7,12,15,15,14,14,13,12,13,13,14,14,15,13,12,10,8,7,5,4608,845,795,52,33,24,23,37,114,231,312,302,282,276,248,230,248,265,275,289,299,267,229,188,155,117,82
3104200,경기도, 안양시 동안구,21939,4072,3812,235,139,96,88,143,484,1078,1502,1492,1378,1336,1193,1104,1206,1277,1325,1373,1407,1297,1108,924,780,591,396,18975,3500,3290,214,127,88,80,129,434,940,1284,1276,1184,1150,1034,962,1045,1102,1140,1178,1206,1119,965,813,692,530,359,178,32,29,1,1,0,0,1,3,8,12,12,11,11,9,8,9,10,11,11,11,10,8,6,5,4,2,2786,540,493,20,11,8,8,13,47,130,206,204,183,175,150,134,152,165,174,184,190,168,135,105,83,57,35
3105000,경기도, 부천시,19496,3397,3328,280,185,130,120,185,553,961,1229,1207,1129,1089,1030,987,1062,1096,1120,1160,1195,1132,1001,862,757,603,437,16325,2821,2771,246,164,116,107,164,475,806,1016,999,940,909,862,828,887,914,932,964,991,941,839,728,642,516,377,156,27,25,1,1,1,1,1,4,7,10,10,9,8,8,7,8,8,9,9,9,9,7,6,5,4,3,3015,549,532,33,20,13,12,20,74,148,203,198,180,172,160,152,167,174,179,187,195,182,155,128,110,83,57
3106000,경기도, 광명시,19201,3552,3351,207,124,85,76,136,469,969,1303,1280,1184,1154,1059,988,1055,1124,1157,1211,1243,1134,974,789,651,496,345,14009,2616,2465,142,84,57,51,92,332,708,963,945,871,849,777,722,774,827,851,893,918,834,713,573,469,353,242,180,32,29,2,1,1,1,2,4,8,12,12,11,10,9,9,9,10,11,11,11,10,8,6,5,4,3,5012,904,857,63,39,27,24,42,133,253,328,323,302,295,273,257,272,287,295,307,314,290,253,210,177,139,100
3107000,경기도, 평택시,13400,2206,2238,134,92,79,93,156,345,595,788,823,812,837,825,784,813,853,896,897,870,767,601,493,383,281,194,9686,1605,1627,95,65,55,65,111,249,432,574,599,588,606,596,567,589,617,649,650,632,558,437,358,278,204,139,262,40,41,4,3,3,3,4,7,11,14,15,15,15,15,14,15,16,16,17,16,14,11,10,8,6,5,3452,561,570,35,24,21,25,41,89,152,200,209,209,216,214,203,209,220,231,230,222,195,153,125,97,71,50
3108000,경기도, 동두천시,6403,1165,1195,48,30,23,24,48,145,311,417,437,398,369,337,330,371,405,430,459,462,418,315,238,186,133,83,4920,896,919,39,25,19,20,39,114,241,320,335,306,284,259,255,286,311,330,351,354,321,244,185,146,105,66,39,5,6,0,0,0,0,0,0,1,2,2,2,2,2,1,2,2,2,3,3,2,1,1,0,0,0,1444,264,270,9,5,4,4,9,31,69,95,100,90,83,76,74,83,92,98,105,105,95,70,52,40,28,17
3109100,경기도, 안산시 상록구,22381,3931,3867,248,162,119,120,202,633,1147,1384,1400,1353,1338,1268,1204,1246,1313,1364,1406,1437,1305,1125,929,750,555,384,16820,2946,2898,193,127,92,93,156,484,863,1036,1047,1013,1002,951,904,935,985,1022,1052,1074,978,846,703,571,425,297,295,51,48,3,2,2,2,3,8,15,18,18,17,17,16,15,16,16,17,18,18,16,14,11,9,7,4,5266,934,921,52,33,25,25,43,141,269,330,335,323,319,301,285,295,312,325,336,345,311,265,215,170,123,83
3109200,경기도, 안산시 단원구,13108,2351,2243,119,78,63,78,132,373,671,829,851,819,804,762,721,751,791,805,828,848,759,636,515,407,289,190,10495,1876,1795,102,68,54,64,108,306,540,660,676,651,639,607,576,599,628,640,658,674,607,514,420,336,242,162,116,19,18,1,0,0,1,1,3,5,7,7,7,7,6,6,6,7,7,7,7,6,5,4,3,2,1,2497,456,430,16,10,9,13,23,64,126,162,168,161,158,149,139,146,156,158,163,167,146,117,91,68,45,27
3110100,경기도, 고양시 덕양구,23324,4223,4063,246,158,120,133,256,657,1190,1511,1522,1432,1312,1218,1180,1291,1356,1427,1548,1529,1398,1136,913,785,611,409,17750,3214,3091,185,116,86,96,193,501,908,1149,1157,1090,999,928,900,984,1033,1086,1177,1162,1063,866,697,600,468,313,281,47,46,9,10,10,9,5,8,13,17,17,16,15,14,13,14,15,16,17,17,16,13,11,10,8,8,5293,962,926,52,32,24,28,58,148,269,345,348,326,298,276,267,293,308,325,354,350,319,257,205,175,135,88
3110300,경기도, 고양시 일산동구,16695,3100,2911,154,95,70,77,155,458,865,1117,1118,1049,948,870,835,943,996,1031,1132,1102,1001,808,656,551,412,265,12461,2314,2176,116,71,52,58,116,343,646,834,834,783,708,651,625,705,744,769,845,823,748,605,492,414,310,200,143,27,23,2,2,2,1,1,3,7,10,10,9,8,7,6,8,8,9,10,9,8,6,5,4,3,2,4091,759,712,36,22,16,18,38,112,212,273,274,257,232,212,204,230,244,253,277,270,245,197,159,133,99,63
3110400,경기도, 고양시 일산서구,16168,2949,2817,169,105,77,79,146,433,811,1070,1068,1000,918,847,805,911,956,973,1062,1050,971,796,661,562,427,284,12582,2286,2188,138,87,65,66,121,345,633,827,826,775,714,661,629,709,742,755,821,813,753,622,520,444,340,229,153,27,26,1,0,0,0,0,3,7,10,10,9,8,7,7,8,9,9,10,10,9,7,5,4,3,2,3433,636,603,30,18,12,13,25,85,171,233,232,216,196,179,169,194,205,209,231,227,209,167,136,114,84,53
3111000,경기도, 과천시,26723,4924,4551,367,233,160,134,189,527,1245,1817,1862,1647,1566,1446,1337,1443,1489,1540,1602,1653,1577,1321,1130,1014,840,597,22145,3998,3742,341,221,154,129,180,478,1048,1458,1492,1341,1283,1197,1117,1194,1227,1263,1307,1343,1293,1106,961,877,740,541,229,43,38,1,0,0,0,0,2,9,17,17,14,13,12,10,12,12,13,14,15,13,10,8,6,4,2,4349,883,771,25,12,6,5,9,47,188,342,353,292,270,237,210,237,250,264,281,295,271,205,161,131,96,54
3112000,경기도, 구리시,25685,4404,4598,288,191,148,153,247,654,1273,1527,1604,1546,1467,1341,1288,1412,1545,1648,1701,1704,1552,1342,1069,873,669,454,19338,3323,3466,219,143,110,114,186,496,962,1152,1209,1165,1106,1012,973,1065,1165,1240,1280,1282,1170,1014,811,663,510,346,353,55,57,7,8,8,7,6,10,16,19,20,20,19,18,17,18,19,21,21,21,19,17,14,12,10,8,5994,1026,1075,62,40,30,32,55,148,295,356,375,361,342,311,298,329,361,387,400,401,363,311,244,198,149,100
3113000,경기도, 남양주시,13153,2235,2381,114,74,57,62,110,304,612,784,839,820,801,738,703,757,824,874,911,911,809,661,512,404,293,190,10083,1714,1825,87,56,42,47,84,234,471,601,642,630,616,569,541,581,632,669,697,697,620,508,396,313,228,147,184,29,30,6,5,5,4,5,6,8,10,11,10,10,9,9,10,10,11,11,11,10,9,7,6,5,5,2886,492,526,21,13,10,11,21,64,133,173,186,180,175,160,153,166,182,194,203,203,179,144,109,85,60,38
3114000,경기도, 오산시,14205,2568,2384,146,97,76,79,148,394,706,920,942,869,826,788,775,831,860,894,932,915,810,659,544,450,332,226,11320,2043,1903,120,80,62,64,119,316,564,730,749,692,659,629,619,662,684,711,740,727,647,529,438,365,270,184,309,54,50,2,1,1,1,3,8,14,20,20,19,18,17,17,18,19,19,20,20,17,13,11,8,6,4,2576,471,431,24,16,13,14,26,70,128,170,173,158,149,142,139,151,157,164,172,168,146,117,95,77,56,38
3115000,경기도, 시흥시,20347,3615,3501,240,154,116,123,206,572,1029,1301,1285,1225,1200,1119,1054,1115,1173,1196,1243,1289,1184,1028,862,721,547,379,15800,2803,2721,190,122,92,97,161,448,801,1007,995,949,930,869,818,866,910,928,963,999,920,802,675,566,431,300,254,43,41,4,3,2,2,3,7,12,16,15,15,14,13,13,13,14,14,15,15,14,12,10,9,7,5,4293,769,739,46,29,22,24,42,117,216,278,275,261,256,237,223,236,249,254,265,275,250,214,177,146,109,74
3116000,경기도, 군포시,20473,3621,3424,227,148,112,119,212,617,1059,1291,1271,1255,1239,1147,1089,1153,1212,1246,1274,1274,1151,999,834,688,514,354,16151,2859,2701,183,119,89,94,169,491,840,1017,1002,988,977,906,861,910,954,980,1001,1000,908,793,665,552,415,286,308,51,48,4,3,3,3,4,10,15,18,18,18,17,16,15,16,17,17,18,18,16,14,12,10,8,6,4014,711,675,40,26,20,22,39,116,204,256,251,249,245,225,213,227,241,249,255,256,227,192,157,126,91,62
3117000,경기도, 의왕시,30636,5537,5276,338,211,152,147,243,776,1559,2006,1972,1901,1850,1653,1565,1689,1786,1852,1912,1955,1776,1545,1287,1088,825,557,24205,4351,4150,282,174,124,119,201,632,1236,1570,1545,1490,1452,1308,1241,1333,1404,1452,1496,1528,1397,1225,1032,880,675,461,395,68,65,7,9,9,9,8,10,19,25,24,23,23,20,19,20,22,23,24,24,22,19,15,13,10,8,6036,1118,1061,49,28,19,19,34,134,304,411,403,388,375,325,305,336,360,377,392,403,357,301,240,195,140,88
3118000,경기도, 하남시,25241,4294,4344,274,181,140,145,226,609,1217,1501,1576,1587,1558,1399,1338,1419,1543,1615,1631,1614,1450,1280,1045,849,629,425,19058,3252,3286,201,130,98,102,164,458,922,1137,1193,1201,1179,1060,1013,1073,1166,1221,1233,1220,1097,969,791,642,475,319,389,59,59,14,13,13,13,13,14,18,20,21,21,21,19,19,20,21,21,21,21,20,18,16,15,14,13,5794,983,999,59,38,29,30,49,137,277,344,362,365,358,320,306,326,356,373,377,373,333,293,238,192,140,93
3119100,경기도, 용인시 처인구,11976,2050,2092,126,88,72,75,110,279,529,741,780,742,763,714,658,690,734,754,758,785,725,582,454,374,270,184,8715,1506,1524,91,64,52,54,79,203,390,544,572,544,559,523,481,504,535,549,553,572,528,424,332,273,198,134,206,32,35,2,1,1,1,2,5,8,12,12,12,12,11,11,11,12,13,12,13,12,10,7,6,4,3,3055,512,533,33,23,19,20,29,71,131,185,196,186,192,180,166,175,187,192,193,200,185,148,115,95,68,47
3119200,경기도, 용인시 기흥구,22178,3823,3727,267,178,133,131,194,537,1074,1367,1382,1348,1331,1250,1196,1268,1315,1376,1411,1403,1248,1076,905,785,601,412,17548,3037,2949,212,140,104,102,152,430,858,1084,1095,1068,1054,992,950,1004,1039,1086,1113,1106,988,855,721,626,480,329,496,81,82,6,4,3,3,5,12,23,29,29,29,29,27,26,28,29,30,31,31,27,24,20,18,14,10,4134,705,696,49,34,26,26,37,95,193,254,258,251,248,231,220,236,247,260,267,266,233,197,164,141,107,73
3119300,경기도, 용인시 수지구,14917,2575,2577,164,106,78,76,119,331,686,937,952,919,900,826,794,859,906,954,979,968,856,753,610,518,387,249,11816,2049,2042,131,85,62,61,95,268,550,744,755,729,715,658,631,680,717,753,773,766,679,597,486,414,311,202,214,35,34,2,1,1,1,2,4,9,13,13,13,12,11,11,12,12,13,13,13,11,10,8,7,5,3,2887,491,501,31,20,15,14,22,59,127,180,184,177,173,157,152,167,177,188,193,189,166,146,116,97,71,44
3120000,경기도, 파주시,8073,1447,1463,79,50,37,38,65,196,378,525,544,494,462,432,409,463,493,499,536,548,514,401,322,268,199,132,6354,1139,1150,65,42,31,32,54,158,300,412,427,388,364,341,323,365,387,392,420,430,403,317,256,215,160,108,65,10,11,0,0,0,0,0,1,2,4,4,4,3,3,3,3,4,4,4,4,4,3,2,1,1,0,1654,298,302,14,8,6,6,11,37,76,109,113,102,95,88,83,95,102,103,112,114,107,81,64,52,38,24
3121000,경기도, 이천시,10002,1570,1728,120,85,72,74,105,234,411,549,610,612,643,599,560,579,624,648,636,643,597,488,392,325,238,168,7063,1120,1222,84,59,50,51,73,165,293,392,435,436,458,426,398,410,443,459,450,455,422,345,277,230,167,118,231,34,38,3,2,2,2,3,6,9,12,13,13,14,13,12,13,13,14,14,14,13,11,9,7,6,4,2708,416,468,33,24,20,21,29,63,109,145,162,163,171,160,150,156,168,175,172,174,162,132,106,88,65,46
3122000,경기도, 안성시,11652,1898,1937,130,93,79,87,129,266,474,682,742,725,744,725,688,712,737,754,753,746,672,519,420,344,258,185,8171,1339,1362,91,65,55,60,90,186,334,481,524,511,524,511,485,501,518,530,529,525,473,364,295,241,180,129,299,47,47,3,2,2,2,3,7,12,17,18,18,18,18,17,18,18,19,19,18,16,13,10,9,7,5,3182,512,528,36,26,22,25,36,73,128,184,200,196,202,196,186,193,201,205,205,203,183,142,115,94,71,51
3123000,경기도, 김포시,14923,2753,2689,139,85,62,64,117,345,703,1021,1029,933,870,810,757,846,888,898,963,996,943,750,609,505,366,233,12025,2209,2159,118,73,53,55,99,287,571,816,822,748,700,653,613,681,713,721,770,796,756,607,496,414,304,196,153,26,26,2,1,2,2,2,3,6,10,10,9,8,8,7,8,9,9,10,10,9,7,6,5,3,2,2745,518,504,19,11,7,7,16,55,126,195,197,176,162,149,137,157,166,168,183,190,178,136,107,86,59,35
3124000,경기도, 화성시,13393,2358,2190,116,79,69,90,160,377,676,833,849,838,842,806,767,805,840,867,873,842,740,608,500,382,266,178,9969,1762,1640,86,58,49,64,116,281,506,623,633,624,626,599,570,599,624,646,652,629,554,457,377,289,201,133,215,35,33,4,3,3,3,4,6,10,12,13,13,13,12,12,12,13,13,13,13,11,9,7,6,5,5,3209,561,517,26,18,17,23,40,90,160,198,203,201,203,195,185,194,203,208,208,200,175,142,116,87,60,40
3125000,경기도, 광주시,15300,2564,2746,152,100,78,81,122,316,651,929,984,971,961,881,834,880,953,992,1021,1037,945,764,596,483,350,233,11297,1905,2040,108,69,54,56,86,230,480,693,732,721,713,652,618,652,706,736,759,772,702,566,439,355,256,169,252,38,40,5,5,4,4,5,7,11,13,14,14,14,13,12,13,14,14,14,14,14,12,10,9,7,6,3751,621,666,39,26,20,21,31,79,160,223,238,236,234,216,204,215,233,242,248,251,229,186,147,119,87,58
3126000,경기도, 양주시,10839,2016,1962,73,45,35,43,96,281,571,711,734,693,622,556,545,619,683,742,803,774,669,519,390,305,213,128,8202,1528,1486,55,33,25,31,73,215,434,538,556,525,471,423,414,469,517,561,607,585,507,394,298,233,164,98,96,14,15,3,3,4,3,2,2,4,5,5,5,5,4,4,5,5,6,6,6,5,4,3,3,2,2,2541,474,461,15,9,6,9,21,64,133,168,173,163,146,129,127,145,161,175,190,183,157,121,89,69,47,28
3127000,경기도, 포천시,5377,916,986,42,27,20,22,41,112,229,334,353,332,330,318,309,337,351,362,371,379,350,257,187,150,107,68,3982,680,733,32,21,16,17,31,84,170,248,262,247,245,237,231,250,261,269,276,282,260,191,140,112,80,52,51,8,8,0,0,0,0,0,1,2,3,3,3,3,2,2,3,3,3,3,3,3,2,1,1,1,0,1344,228,245,10,6,4,5,10,27,57,83,88,82,82,79,76,84,87,90,92,94,87,64,46,37,26,16
3128000,경기도, 여주시,7676,1181,1330,85,61,51,53,77,173,310,409,462,475,501,472,443,458,487,502,499,497,461,372,296,243,179,124,5549,862,965,60,43,36,37,54,125,226,299,337,346,365,343,322,332,354,365,363,361,334,270,215,176,129,89,201,29,31,4,3,3,3,4,6,8,10,11,11,11,11,10,11,11,11,11,11,11,9,8,7,6,5,1926,290,334,21,15,12,13,19,42,76,100,114,118,125,118,111,115,122,126,125,125,116,93,73,60,44,30
3135000,경기도, 연천군,2617,452,508,19,12,9,9,15,44,103,166,183,159,157,152,146,164,173,175,182,195,186,127,92,73,52,33,2015,351,394,15,10,8,8,12,35,81,128,142,123,121,118,113,127,134,135,141,151,144,99,72,58,41,27,19,2,2,0,0,0,0,0,0,0,1,1,1,1,1,1,1,1,1,1,1,1,0,0,0,0,0,583,99,112,4,2,1,1,3,9,22,37,40,35,35,33,32,36,38,39,40,43,41,28,20,15,11,6
3137000,경기도, 가평군,4331,634,781,34,22,18,18,28,78,154,221,259,267,293,294,271,277,294,300,307,308,268,205,161,123,87,57,3412,501,620,26,16,13,13,21,62,122,175,204,211,232,233,215,219,233,238,244,244,212,164,128,99,69,45,99,13,14,3,3,3,3,3,3,4,4,5,5,5,5,5,5,5,5,5,5,5,4,4,3,3,3,820,120,147,5,3,2,2,4,13,28,42,50,51,56,56,51,53,56,57,58,59,51,37,29,21,15,9
3138000,경기도, 양평군,4307,659,770,35,22,17,18,28,75,164,234,261,268,286,282,268,277,291,298,302,303,265,202,156,122,87,57,3412,527,611,28,18,14,15,22,61,132,187,208,213,227,224,213,220,231,236,240,240,210,161,125,98,71,46,88,11,14,2,1,1,1,2,2,3,4,4,5,5,5,5,5,5,5,5,5,5,4,3,3,2,2,807,121,145,5,3,2,2,4,12,29,43,49,50,54,53,50,52,55,57,57,58,50,37,28,21,14,9
3201000,강원도, 춘천시,6185,915,1158,41,26,20,20,32,96,210,317,388,404,435,411,374,389,416,428,449,458,396,304,231,170,113,70,4696,693,892,26,15,12,12,21,66,155,240,298,312,337,317,287,299,322,331,349,356,305,231,172,123,79,46,124,17,21,3,3,2,2,2,3,4,6,7,7,8,7,7,7,7,8,8,8,7,6,5,4,3,3,1365,205,245,12,8,6,6,9,27,51,71,83,85,90,87,80,83,87,89,92,94,84,67,54,43,31,21
3202000,강원도, 원주시,7703,1146,1406,63,44,37,40,61,140,275,401,470,492,524,488,454,488,518,535,535,536,493,377,284,217,147,97,5699,856,1041,48,33,28,30,47,106,207,300,349,365,388,362,336,361,383,396,396,396,365,280,212,163,111,74,195,26,32,2,2,2,2,2,4,6,9,11,11,12,11,11,11,12,12,12,12,11,9,7,6,4,3,1809,264,333,13,9,7,8,12,30,62,92,110,116,124,115,107,116,123,127,127,128,117,88,65,48,32,20
3203000,강원도, 강릉시,3257,434,592,24,17,14,15,22,44,93,144,197,216,226,222,211,229,243,246,253,246,208,138,98,75,53,35,2527,345,461,22,16,13,14,20,37,76,115,154,167,174,171,164,177,186,188,193,189,162,110,81,62,45,31,105,12,18,0,0,0,0,0,1,2,4,6,7,7,7,6,7,8,8,8,8,6,4,2,2,1,0,625,77,113,2,1,1,1,2,6,15,25,37,42,45,44,41,45,49,50,52,49,40,24,15,11,7,4
3204000,강원도, 동해시,3502,480,645,24,17,15,15,22,46,98,161,221,228,244,234,227,245,261,269,277,271,230,144,99,74,54,34,2615,364,484,20,14,13,13,18,36,76,122,166,170,182,175,170,183,194,200,206,202,173,109,77,58,43,28,106,12,18,0,0,0,0,0,1,2,4,6,7,7,7,6,7,8,8,8,8,6,4,2,1,1,0,781,104,143,4,3,2,2,4,9,20,35,49,51,55,52,51,55,59,61,63,61,51,31,20,15,10,6
3205000,강원도, 태백시,1954,272,360,21,15,13,14,19,34,65,88,119,119,123,124,120,129,139,141,140,149,129,82,63,51,40,30,1505,213,278,18,13,11,12,16,28,52,69,92,92,96,96,93,100,106,108,107,114,100,64,51,41,33,25,26,2,4,0,0,0,0,0,0,0,1,1,1,1,1,1,1,2,2,2,2,1,1,0,0,0,0,423,57,78,3,2,2,2,3,6,13,18,26,26,26,27,26,28,31,31,31,33,28,17,12,10,7,5
3206000,강원도, 속초시,4850,642,903,34,21,16,15,23,59,136,214,292,305,338,345,325,332,350,356,366,369,313,221,168,125,86,53,3804,507,714,27,16,13,12,18,46,107,169,231,241,267,272,256,262,276,281,290,292,247,175,133,98,68,42,142,16,25,0,0,0,0,0,1,3,5,8,9,10,11,10,10,11,11,11,11,9,5,3,2,1,0,904,119,164,7,5,3,3,5,12,26,40,53,55,61,62,59,60,63,64,65,66,57,41,32,25,17,11
3207000,강원도, 삼척시,2573,364,477,22,16,13,14,20,41,81,123,160,156,169,169,166,177,187,190,194,198,172,107,77,60,44,30,1998,288,372,19,14,11,12,17,34,66,97,125,122,132,132,130,137,145,147,150,153,134,85,63,49,36,25,42,3,6,0,0,0,0,0,0,0,1,2,2,2,2,2,3,3,3,3,3,2,1,0,0,0,0,533,73,99,3,2,2,2,3,7,15,25,33,32,35,35,34,37,39,40,41,42,36,21,14,11,8,5
3231000,강원도, 홍천군,2849,407,526,21,14,11,11,18,47,96,140,171,181,198,194,180,184,193,198,205,209,181,136,105,78,55,35,2196,317,409,16,11,8,9,14,36,75,109,133,140,154,151,140,143,150,154,160,163,140,106,81,60,43,27,101,12,16,1,1,1,1,1,2,3,4,5,6,6,6,6,6,6,6,6,6,6,4,4,3,2,2,552,78,101,4,2,2,1,3,9,18,27,33,35,38,37,34,35,37,38,39,40,35,26,20,15,10,6
3232000,강원도, 횡성군,3871,535,720,32,23,18,20,31,63,122,181,232,248,262,259,242,257,269,267,275,277,255,188,134,101,75,48,2810,393,525,25,18,14,16,24,48,91,133,169,181,190,189,176,187,195,194,200,201,186,138,98,75,56,36,139,18,23,1,1,1,1,1,2,4,6,8,8,9,8,8,8,9,9,9,9,8,6,5,4,3,2,922,124,172,6,4,3,3,6,13,27,42,55,59,63,62,58,62,65,64,66,67,61,44,31,22,16,10
3233000,강원도, 영월군,2594,365,463,30,23,19,20,26,47,94,119,152,158,166,165,155,167,179,181,178,185,164,114,90,74,57,42,1979,283,353,25,20,17,17,22,39,74,93,116,121,127,126,119,127,135,136,134,139,125,89,71,59,47,35,42,4,6,0,0,0,0,0,0,1,1,2,2,2,2,2,2,3,3,3,3,2,1,1,1,0,0,573,78,104,5,3,2,3,4,8,19,25,34,35,37,37,34,38,41,42,41,43,37,24,18,14,10,7
3234000,강원도, 평창군,3184,434,555,26,19,16,18,26,50,100,143,191,210,221,217,204,224,233,234,238,228,192,135,100,80,56,37,2303,319,404,20,15,13,14,21,38,74,105,140,153,160,158,148,162,168,169,171,165,140,99,74,60,43,29,121,15,19,1,1,1,1,1,2,4,5,6,7,7,7,7,8,8,8,8,8,6,5,4,3,2,1,760,100,132,5,3,2,3,4,10,22,33,45,50,54,52,49,54,57,57,59,55,46,31,22,17,11,7
3235000,강원도, 정선군,1916,260,352,21,16,13,14,19,33,64,82,114,119,122,123,117,129,135,136,135,143,126,83,63,51,40,30,1455,203,267,18,14,12,13,17,28,51,64,88,90,92,93,89,97,101,102,102,107,95,65,51,41,33,25,32,2,5,0,0,0,0,0,0,0,1,1,2,2,2,2,2,2,2,2,2,2,1,0,0,0,0,429,55,80,3,2,1,1,2,5,13,17,25,27,28,28,26,30,32,32,31,34,29,17,12,10,7,5
3236000,강원도, 철원군,1197,193,225,8,5,4,4,7,17,39,71,83,75,77,78,75,83,84,85,84,88,82,55,38,31,21,13,861,141,165,6,4,3,3,6,13,28,52,61,55,57,57,55,61,62,63,62,65,60,40,28,23,15,10,8,0,0,0,0,0,0,0,0,0,0,0,0,0,0,0,0,0,0,0,0,0,0,0,0,0,0,328,52,60,2,1,1,1,1,4,11,19,22,20,20,21,20,22,22,22,22,23,22,15,10,8,6,3
3237000,강원도, 화천군,893,140,173,6,4,3,3,5,11,26,49,65,59,60,59,56,61,62,63,64,69,62,42,30,22,15,9,642,103,129,5,3,3,3,4,8,19,36,48,44,45,44,41,45,46,47,48,52,46,31,22,16,11,7,8,0,0,0,0,0,0,0,0,0,0,0,0,0,0,0,0,0,0,0,0,0,0,0,0,0,0,243,37,44,1,1,0,0,1,3,7,13,17,15,15,15,15,16,16,16,16,17,16,11,8,6,4,2
3238000,강원도, 양구군,1140,173,225,8,5,4,4,6,15,34,60,79,72,75,74,70,77,80,79,82,89,81,55,40,30,21,13,835,129,169,6,4,3,3,5,11,25,45,59,54,56,55,52,58,60,59,62,67,61,41,30,22,15,10,16,1,2,0,0,0,0,0,0,0,0,1,1,1,1,1,1,1,1,1,1,1,0,0,0,0,0,289,43,54,2,1,1,1,1,4,9,15,19,17,18,18,17,18,19,19,19,21,19,14,10,8,6,3
3239000,강원도, 인제군,2596,353,468,20,13,10,10,16,43,85,120,148,163,183,183,170,171,180,184,189,188,158,122,96,72,50,32,2028,276,370,16,11,8,8,13,34,66,94,116,129,145,145,134,135,142,146,150,149,125,96,76,57,40,25,92,12,15,0,0,0,0,0,1,3,4,5,5,6,6,6,6,6,6,6,6,5,4,3,2,1,1,476,65,83,4,2,2,2,3,8,16,22,27,29,32,32,30,30,32,32,33,33,28,22,17,13,9,6
3240000,강원도, 고성군,3482,546,668,23,14,9,8,16,37,102,183,261,223,232,235,221,233,243,243,251,271,245,152,112,86,60,35,2725,432,527,18,11,7,6,13,29,80,145,207,176,183,186,175,184,192,192,198,214,193,120,88,68,47,28,92,13,18,0,0,0,0,0,0,2,4,7,6,6,6,5,6,6,6,7,8,7,3,2,1,1,0,665,101,123,5,3,2,2,3,8,20,34,47,41,43,43,41,43,45,45,46,49,45,29,22,17,12,7
3241000,강원도, 양양군,3536,453,647,26,17,14,13,20,45,99,149,205,225,246,255,241,250,259,264,271,268,225,154,114,86,60,40,2789,366,512,23,15,13,12,18,38,82,121,163,178,194,200,190,197,203,207,213,210,178,124,93,71,50,34,123,12,21,0,0,0,0,0,1,2,4,6,7,8,9,8,8,9,9,9,9,7,5,3,2,1,1,624,75,114,3,2,1,1,2,6,15,24,36,40,44,46,43,45,47,48,49,49,40,25,18,13,9,5
3302000,충청북도, 충주시,4943,710,884,63,47,40,41,54,97,170,255,285,286,311,306,289,302,315,321,325,332,314,238,194,159,122,88,3402,495,614,44,32,27,28,37,67,118,178,199,198,216,212,200,210,218,223,226,230,218,166,135,110,84,60,124,16,20,1,1,1,1,1,2,4,6,6,7,7,7,7,7,7,7,7,8,7,5,4,4,3,2,1417,199,250,18,14,12,12,16,28,48,71,80,81,88,87,82,85,90,91,92,94,89,67,55,45,35,26
3303000,충청북도, 제천시,3849,542,693,40,29,26,28,37,70,130,188,224,234,251,244,229,247,267,272,271,276,241,176,137,108,78,58,2776,396,502,30,23,21,22,28,53,96,137,163,170,182,177,166,179,192,196,195,199,175,128,100,80,58,44,94,12,15,1,0,0,0,1,1,3,4,5,5,5,5,5,5,6,6,6,6,5,4,3,2,2,1,979,134,176,9,6,5,6,8,16,31,47,56,59,64,62,58,63,69,70,70,71,61,44,34,26,18,13
3304100,충청북도, 청주시 상당구,4536,738,857,37,25,22,23,32,65,142,275,321,276,290,284,266,287,298,307,322,343,310,204,153,122,87,56,3459,571,659,29,20,17,18,25,50,111,213,247,212,222,218,204,220,228,235,246,262,238,159,119,95,68,43,86,11,14,0,0,0,0,0,1,2,4,5,5,5,5,5,5,5,5,6,6,5,3,2,2,1,1,991,156,184,8,5,5,5,7,14,29,58,69,59,63,61,57,62,65,67,70,75,67,42,32,25,18,12
3304200,충청북도, 청주시 서원구,18092,2819,3279,181,127,106,116,157,298,583,1054,1182,1143,1185,1127,1030,1107,1146,1210,1272,1313,1154,812,632,517,388,264,13284,2079,2416,133,92,77,84,115,221,436,776,867,839,869,829,761,815,843,887,931,960,850,606,473,387,290,197,423,64,74,4,3,2,2,3,6,12,24,28,27,28,26,23,25,26,28,30,31,26,17,13,11,8,5,4385,676,789,44,32,27,30,39,71,135,254,287,277,288,272,246,267,277,295,311,322,278,189,146,119,90,62
3304300,충청북도, 청주시 흥덕구,13854,2095,2502,142,98,80,86,119,228,452,776,867,863,899,870,805,859,892,941,985,1012,863,627,494,403,301,205,10374,1584,1873,108,74,61,65,90,175,348,586,650,646,671,651,604,643,666,701,731,750,646,477,379,310,232,158,313,44,55,3,2,1,2,2,5,9,16,19,19,20,19,18,19,20,21,22,23,19,13,10,8,6,4,3167,467,574,31,22,18,19,27,48,95,174,198,198,208,200,183,197,206,219,232,239,198,137,105,85,63,43
3304400,충청북도, 청주시 청원구,10166,1689,1951,80,54,45,46,62,141,334,650,705,635,655,618,563,617,650,684,726,778,692,481,361,282,195,125,7843,1309,1497,66,45,38,38,52,115,268,501,540,489,503,477,437,476,500,524,554,590,530,377,287,226,159,103,172,27,33,1,0,0,0,0,2,4,11,12,10,11,10,9,10,11,11,12,14,12,7,5,4,2,1,2151,353,421,13,9,7,8,10,24,62,138,153,136,141,131,117,131,139,149,160,174,150,97,69,52,34,21
3332000,충청북도, 보은군,3647,493,639,48,35,31,34,45,74,117,170,206,206,226,232,222,232,236,241,247,249,225,165,139,117,93,68,2440,337,433,32,23,21,22,29,49,79,116,142,140,153,157,150,158,160,164,167,169,153,111,93,78,62,45,104,12,17,1,1,0,1,1,2,3,4,5,5,6,6,6,6,6,6,7,7,6,4,4,3,2,2,1103,144,189,15,11,10,11,15,23,35,50,59,61,67,69,66,68,70,71,73,73,66,50,42,36,29,21
3333000,충청북도, 옥천군,4050,570,739,51,38,35,36,48,76,125,202,243,234,254,251,234,253,256,264,274,291,263,185,148,126,100,74,2650,381,488,33,24,22,23,31,49,82,136,163,156,169,167,155,169,171,174,181,193,174,121,97,81,65,47,96,12,16,1,1,1,1,1,2,3,4,5,5,5,5,5,5,5,6,6,6,6,4,3,3,2,2,1304,177,235,17,13,12,12,16,25,40,62,75,73,80,79,74,79,80,84,87,92,83,60,48,42,33,25
3334000,충청북도, 영동군,2606,331,471,40,30,28,30,39,56,81,113,137,140,157,160,153,160,161,167,174,182,165,124,104,90,74,55,1640,215,300,26,20,19,20,24,35,52,74,89,90,101,102,98,102,103,106,111,116,105,79,67,57,47,35,68,7,11,1,0,0,0,1,1,2,2,3,3,3,4,3,4,4,4,4,4,4,3,2,2,2,1,898,109,160,13,10,9,10,14,20,27,37,45,47,53,54,52,54,54,57,59,62,56,42,35,31,25,19
3335000,충청북도, 진천군,9368,1530,1694,92,65,56,60,81,164,329,584,617,580,601,575,531,566,591,611,633,653,600,441,348,272,195,133,6778,1115,1224,70,49,43,46,62,123,244,424,447,418,433,415,385,409,426,440,454,469,433,322,256,202,146,100,176,27,30,1,1,1,1,1,2,5,11,11,11,11,10,9,10,11,11,12,12,11,7,6,4,3,2,2414,388,440,21,15,12,13,18,39,80,149,159,151,157,150,137,147,154,160,167,172,156,112,86,66,46,31
3336000,충청북도, 괴산군,2997,428,542,41,31,26,25,32,56,97,152,179,169,183,184,175,182,189,193,195,201,196,145,120,101,81,58,2089,306,381,28,22,19,18,23,40,69,109,128,120,129,129,124,129,133,136,137,141,138,102,85,71,57,40,67,8,11,1,0,0,0,0,1,2,3,3,3,4,4,3,3,4,4,4,4,4,3,2,2,1,1,841,114,150,12,9,7,7,9,15,26,40,48,46,50,51,48,50,52,53,54,56,54,40,33,28,23,17
3337000,충청북도, 음성군,6869,1023,1228,76,56,47,48,64,128,236,373,414,417,446,430,403,422,444,458,464,471,433,324,257,208,153,107,4738,712,853,53,39,32,33,44,89,164,260,288,290,309,298,280,292,308,318,321,327,301,225,178,144,106,74,150,20,25,1,1,1,1,1,2,5,7,8,8,9,9,8,9,9,9,10,10,9,6,5,4,3,2,1981,291,350,22,16,14,14,19,37,67,106,118,119,128,123,115,121,127,131,133,134,123,93,74,60,44,31
3338000,충청북도, 단양군,2035,277,361,20,14,12,13,18,34,64,97,116,123,139,135,128,135,145,149,147,146,125,90,72,56,39,29,1395,193,251,15,11,9,10,13,24,45,67,81,86,97,94,89,94,101,104,103,101,88,62,50,39,27,20,67,8,10,0,0,0,0,0,1,2,3,3,3,4,4,4,4,4,4,4,4,3,3,2,2,1,1,573,76,100,5,3,3,3,5,9,17,27,32,34,38,37,35,37,40,41,40,41,34,25,20,15,11,8
3339000,충청북도, 증평군,4353,747,869,30,19,15,15,22,55,142,289,316,261,273,265,247,270,281,290,309,343,320,206,150,115,79,49,3393,583,673,27,17,14,14,20,47,115,224,244,204,213,207,193,210,219,224,238,263,247,163,121,94,66,42,74,12,14,0,0,0,0,0,0,2,5,5,4,4,4,4,4,4,5,5,6,5,3,2,1,0,0,886,152,182,3,2,1,1,2,8,25,60,67,53,56,54,50,56,58,61,66,74,68,40,27,20,13,7
3401100,충청남도, 천안시 동남구,16464,2583,2796,181,130,108,119,181,345,629,931,1023,1002,1022,1017,995,1026,1047,1085,1112,1109,958,729,600,490,372,265,12125,1912,2065,133,94,78,86,130,254,467,689,756,741,754,751,735,757,772,799,819,816,708,541,447,365,277,196,486,73,78,5,4,3,3,6,10,18,26,29,29,30,30,29,30,30,32,32,32,26,20,16,13,10,7,3853,598,653,43,32,27,30,45,81,144,216,238,232,238,236,231,239,245,254,261,261,224,168,137,112,85,62
3401200,충청남도, 천안시 서북구,15665,2458,2724,176,119,92,96,142,293,575,902,981,955,973,968,923,975,1001,1035,1073,1079,937,708,586,477,357,256,12038,1898,2095,135,91,70,73,109,226,446,696,756,737,750,746,712,751,770,795,824,828,720,547,453,369,276,197,377,54,64,4,3,2,2,3,7,12,20,22,22,23,23,22,23,24,25,26,26,22,16,13,11,8,6,3250,506,565,37,25,20,21,30,60,117,186,203,196,200,199,189,201,207,215,223,225,195,145,120,97,73,53
3402000,충청남도, 공주시,6555,983,1178,68,50,43,46,67,125,225,346,412,395,409,405,393,413,423,438,454,462,413,303,237,195,144,101,4658,705,845,48,35,30,32,47,89,161,248,296,283,292,289,281,295,303,313,325,331,297,217,170,140,102,71,195,26,32,2,1,1,1,2,3,6,9,11,11,12,12,11,12,12,13,13,13,11,8,6,5,4,3,1702,252,301,18,14,12,13,18,33,58,89,105,101,105,104,101,106,108,112,116,118,105,78,61,50,38,27
3403000,충청남도, 보령시,3623,466,638,40,29,25,31,40,60,107,161,198,208,234,245,231,243,251,257,258,252,222,164,131,109,83,57,2590,341,461,29,22,19,23,29,44,78,118,145,150,168,176,166,175,180,184,185,181,161,119,95,79,60,41,76,8,12,1,0,0,0,1,1,2,3,3,4,4,4,4,4,5,5,5,5,4,3,2,2,2,1,957,117,165,10,7,6,8,10,15,27,40,50,54,62,65,61,64,66,68,68,66,57,42,34,28,21,15
3404000,충청남도, 아산시,9014,1524,1577,61,41,35,44,85,191,371,559,594,561,577,561,540,581,610,636,644,642,547,388,294,219,149,96,6924,1172,1213,50,34,29,36,68,150,288,429,455,431,442,430,415,446,467,486,492,491,420,302,231,174,120,78,119,19,19,0,0,0,0,1,2,4,7,8,7,7,7,7,7,8,8,8,8,7,4,3,2,1,1,1971,333,345,11,7,6,8,16,39,79,123,131,123,128,124,118,128,135,142,144,143,120,82,60,43,28,17
3405000,충청남도, 서산시,6427,971,1183,59,41,35,41,58,111,246,345,380,372,401,409,387,404,424,447,447,465,410,308,239,182,135,93,4693,717,861,46,33,28,33,44,86,185,254,278,272,292,296,282,293,307,323,322,334,298,229,180,139,105,73,97,13,17,1,0,0,0,1,1,3,5,5,5,5,6,5,6,6,6,7,7,6,4,3,2,1,1,1637,241,305,12,8,7,8,13,24,58,86,97,95,104,107,100,105,111,118,118,124,106,75,56,41,29,19
3406000,충청남도, 논산시,6492,929,1171,70,53,46,52,68,113,199,332,398,387,409,411,386,407,416,432,453,467,418,286,259,196,145,101,4574,663,835,49,37,32,37,47,79,141,237,285,274,290,291,273,289,295,306,321,333,299,203,182,139,102,70,191,25,31,2,1,1,1,2,3,5,9,11,11,11,11,11,11,12,12,13,12,11,8,7,5,4,3,1727,241,305,19,15,13,14,19,31,53,86,102,102,108,109,102,107,109,114,119,122,108,75,70,52,39,28
3407000,충청남도, 계룡시,5535,861,1095,49,35,28,30,39,73,159,315,387,340,350,335,306,335,348,361,387,430,404,261,209,167,119,79,4365,685,865,39,29,23,25,32,59,128,251,306,269,276,264,242,265,275,284,304,338,319,208,166,134,95,64,93,13,17,1,0,0,0,0,1,2,5,6,5,5,5,5,5,5,6,6,7,6,4,3,2,2,1,1077,163,213,9,6,5,5,7,13,29,59,75,66,69,66,59,65,68,71,77,85,79,49,40,31,22,14
3408000,충청남도, 당진시,5240,755,888,52,35,31,37,54,104,190,269,296,318,344,348,329,338,355,372,367,349,303,236,191,148,109,77,3763,549,642,39,26,23,28,40,76,139,195,215,229,248,251,237,244,256,267,263,252,219,171,139,108,80,57,73,8,11,0,0,0,0,0,1,2,3,3,4,4,4,4,4,4,5,5,4,4,3,2,2,1,1,1404,198,235,13,9,8,9,14,27,49,71,78,85,92,93,88,90,95,100,99,93,80,62,50,38,28,19
3431000,충청남도, 금산군,3703,554,695,31,23,19,21,30,56,109,201,244,229,236,231,217,238,247,251,262,273,250,172,135,109,79,51,2679,406,503,24,18,15,17,23,42,81,148,177,167,171,168,158,172,179,182,189,197,181,125,99,81,59,39,94,12,17,0,0,0,0,0,1,2,4,6,5,6,5,5,6,6,6,6,7,6,4,3,2,1,1,930,136,175,7,5,4,4,7,13,26,49,61,57,59,58,54,60,62,63,67,69,63,43,33,26,19,11
3433000,충청남도, 부여군,2554,381,465,22,16,14,16,22,39,83,130,168,155,165,166,159,173,176,179,182,185,168,112,85,69,48,32,1851,280,341,17,12,11,12,17,30,62,95,123,114,121,121,116,126,129,131,133,135,123,83,62,51,35,24,64,8,10,0,0,0,0,0,0,1,3,4,3,4,4,4,4,4,4,4,4,4,2,2,1,1,0,639,93,114,5,4,3,4,5,9,20,32,41,38,40,41,39,43,43,44,45,46,41,27,21,17,12,8
3434000,충청남도, 서천군,3282,407,576,38,28,24,30,38,56,93,140,174,184,213,220,207,222,230,229,232,231,197,148,121,105,77,55,2281,289,405,27,21,18,22,27,40,66,100,123,129,149,153,145,155,160,160,162,162,139,104,85,74,54,39,81,9,12,1,0,0,0,1,1,2,3,4,4,5,5,4,5,5,5,5,5,4,3,3,2,2,1,920,109,159,10,7,6,8,10,15,25,37,47,51,59,62,58,62,65,64,65,64,54,41,33,29,21,15
3435000,충청남도, 청양군,2470,365,472,21,15,13,13,18,37,78,128,159,151,161,157,146,159,168,171,182,188,168,116,84,68,48,33,1804,272,347,17,12,11,10,14,29,59,95,118,112,118,116,108,118,123,125,133,138,123,86,63,51,37,26,46,5,8,0,0,0,0,0,0,1,2,2,2,3,2,2,2,3,3,3,3,3,2,1,1,0,0,620,88,117,4,3,2,3,4,8,18,31,39,37,40,39,36,39,42,43,46,47,42,28,20,16,11,7
3436000,충청남도, 홍성군,4410,614,790,42,29,24,29,41,72,136,216,262,264,287,294,276,291,301,312,314,311,278,201,158,128,92,62,3214,453,577,33,23,19,23,32,55,102,160,191,193,209,214,201,212,219,227,228,226,203,148,118,96,70,47,69,9,11,0,0,0,0,0,1,2,3,4,4,4,4,4,4,4,4,4,4,4,3,2,2,1,1,1127,152,202,9,6,5,6,9,16,32,53,67,67,74,76,71,75,78,81,82,81,71,50,38,30,21,14
3437000,충청남도, 예산군,4104,610,769,32,21,17,19,28,59,123,220,267,254,269,264,252,268,278,289,296,306,272,191,144,114,79,51,3024,455,569,25,17,14,15,22,45,93,164,198,187,198,195,186,198,205,213,218,226,201,142,108,86,61,39,52,6,8,0,0,0,0,0,0,1,2,3,3,3,3,3,3,3,3,3,3,3,2,1,1,0,0,1028,149,192,7,4,3,4,6,14,29,54,66,64,68,66,63,67,70,73,75,77,68,47,35,27,18,12
3438000,충청남도, 태안군,3119,425,558,27,19,16,18,25,51,101,148,176,186,206,214,201,209,219,229,227,221,194,143,111,86,62,42,2379,330,426,24,17,15,16,22,43,80,115,135,142,156,162,152,158,165,171,170,167,147,112,88,70,52,36,38,4,5,0,0,0,0,0,0,1,1,2,2,2,2,2,2,2,3,3,2,2,1,1,0,0,0,702,91,127,3,2,1,2,3,8,20,32,39,42,48,50,47,49,52,55,54,52,45,30,22,16,10,6
3501100,전라북도, 전주시 완산구,8374,1353,1730,52,35,30,32,46,90,225,510,618,514,536,519,472,523,550,574,629,710,652,368,265,204,142,89,6182,1003,1252,45,31,26,28,40,76,179,377,447,379,393,382,351,385,403,418,453,504,468,280,208,163,117,75,127,18,29,0,0,0,0,0,0,1,7,10,7,8,8,6,8,8,9,11,14,11,4,2,1,0,0,2065,332,449,7,4,4,4,6,14,45,126,161,128,135,129,115,130,139,147,165,192,173,84,55,40,25,14
3501200,전라북도, 전주시 덕진구,9834,1470,1934,76,55,47,50,69,121,257,542,671,603,640,625,567,621,654,686,735,796,706,432,330,258,184,121,6946,1046,1354,58,43,37,39,53,92,190,385,471,426,450,440,402,437,459,480,512,551,493,310,240,190,137,91,190,25,39,1,0,0,0,0,1,3,9,13,11,13,12,10,12,13,14,16,18,14,7,5,3,2,1,2698,399,541,17,12,10,11,16,28,64,148,187,166,177,173,155,172,182,192,207,227,199,115,85,65,45,29
3502000,전라북도, 군산시,4953,740,951,44,31,26,31,41,66,141,268,331,291,316,313,287,318,332,337,356,381,347,223,170,141,102,70,3761,570,715,37,27,22,27,35,56,115,207,248,222,238,236,219,240,250,253,265,282,259,174,136,114,84,59,78,9,14,0,0,0,0,0,0,1,3,5,4,5,5,4,5,5,5,6,6,5,3,2,1,1,0,1114,161,222,7,4,4,4,6,10,25,58,78,65,73,72,64,73,77,79,85,93,83,46,32,26,17,11
3503000,전라북도, 익산시,5468,824,1034,53,38,32,35,47,79,159,301,364,328,347,342,314,340,353,365,388,410,375,249,200,160,118,82,4046,616,760,41,30,25,28,36,62,124,225,267,243,257,253,235,252,261,269,285,298,274,188,152,123,91,64,118,14,22,1,0,0,0,1,1,2,5,7,7,7,7,6,7,7,8,8,9,8,5,4,3,2,1,1304,194,252,11,8,7,7,10,16,33,71,90,78,83,82,73,81,85,88,95,103,93,56,44,34,25,17
3504000,전라북도, 정읍시,3174,440,578,36,28,24,23,31,49,88,159,193,197,211,207,185,196,211,214,223,232,202,144,113,94,73,54,2212,313,406,27,21,19,18,24,36,64,113,136,138,148,145,130,137,148,149,155,162,142,102,80,68,52,39,100,11,17,0,0,0,0,0,1,2,4,5,6,6,6,5,6,6,7,7,7,6,4,3,2,2,1,862,116,155,9,7,5,5,7,12,22,42,52,53,57,56,50,53,57,58,61,63,54,38,30,24,19,14
3505000,전라북도, 남원시,2276,313,423,21,15,14,14,20,34,65,109,139,139,154,154,139,148,154,160,164,168,153,102,80,65,47,31,1591,224,300,16,11,11,11,15,25,47,78,99,98,109,109,98,105,109,112,115,118,109,73,57,47,34,23,58,6,9,0,0,0,0,0,0,1,2,3,3,3,3,3,3,3,4,4,4,3,2,2,1,1,0,627,83,114,5,4,3,3,5,9,17,29,37,38,42,42,38,40,42,44,45,46,41,27,21,17,12,8
3506000,전라북도, 김제시,4588,702,892,43,31,25,27,35,59,130,263,309,273,292,286,258,284,300,306,327,357,325,210,163,131,98,69,3290,508,638,34,25,20,22,28,46,98,190,220,196,209,205,186,204,215,218,232,252,232,154,121,98,75,53,103,14,19,0,0,0,0,0,1,2,5,7,6,6,6,5,6,6,7,7,8,7,4,3,2,1,1,1195,180,235,9,6,5,5,7,12,30,68,82,71,77,75,67,74,79,81,88,97,86,52,39,31,22,15
3531000,전라북도, 완주군,4895,743,946,42,31,27,29,40,67,141,273,329,298,314,309,281,305,321,330,352,380,346,220,171,135,98,66,3467,534,671,32,23,20,22,30,49,104,196,234,212,223,219,200,216,228,234,248,267,245,159,124,99,71,49,113,14,20,0,0,0,0,0,1,2,5,7,6,7,7,6,7,7,7,8,9,7,4,3,2,2,1,1315,195,255,10,8,7,7,10,17,35,72,88,80,84,83,75,82,86,89,96,104,94,57,44,34,25,16
3532000,전라북도, 진안군,1736,275,332,13,9,8,9,13,22,49,98,128,108,115,114,103,114,116,116,125,133,123,76,56,46,32,20,1241,204,242,10,7,6,7,10,16,36,73,95,79,84,83,75,83,85,84,90,97,90,55,40,33,23,15,44,6,7,0,0,0,0,0,0,1,2,3,2,2,2,2,2,2,2,3,3,3,1,1,1,0,0,451,65,83,3,2,2,2,3,6,12,23,30,27,29,29,26,29,29,30,32,33,30,20,15,12,9,5
3533000,전라북도, 무주군,2119,278,386,20,15,13,14,19,31,56,94,128,130,144,143,133,142,147,148,153,156,134,96,77,62,47,30,1529,206,281,16,12,11,11,15,24,42,70,94,94,104,104,97,103,107,107,111,113,97,71,57,47,35,23,65,6,10,0,0,0,0,0,0,1,2,3,4,4,4,4,4,4,4,4,4,4,2,2,1,1,0,525,66,95,4,3,2,3,4,7,13,22,31,32,36,35,32,35,36,37,38,39,33,23,18,14,11,7
3534000,전라북도, 장수군,1805,244,333,16,12,11,12,17,26,48,84,112,112,124,122,110,119,123,126,133,133,118,82,64,52,37,24,1205,168,227,12,9,8,9,12,19,33,58,77,76,84,83,74,81,84,86,91,91,80,56,44,36,25,17,53,6,8,0,0,0,0,0,0,1,2,3,3,3,3,3,3,3,3,3,3,3,2,1,1,1,0,547,70,98,4,3,3,3,5,7,14,24,32,33,37,36,33,35,36,37,39,39,35,24,19,15,11,7
3535000,전라북도, 임실군,2587,385,483,24,17,16,17,24,39,77,137,171,155,165,167,157,168,173,178,184,191,178,114,88,72,53,35,1822,277,345,18,12,12,12,18,28,56,98,123,111,117,119,111,120,123,127,131,136,127,82,63,52,38,26,65,7,10,0,0,0,0,0,1,1,3,3,3,4,4,4,4,4,4,4,4,4,2,2,1,1,0,700,101,128,6,5,4,5,6,10,20,36,45,41,44,44,42,44,46,47,49,51,47,30,23,19,14,9
3536000,전라북도, 순창군,1430,214,270,11,8,6,6,9,17,40,78,96,90,98,99,90,97,100,101,105,110,99,61,44,36,25,16,1039,160,199,9,7,5,5,7,13,31,58,71,66,72,73,66,72,74,74,77,81,73,45,33,28,19,13,25,2,3,0,0,0,0,0,0,0,1,1,1,1,1,1,1,1,1,1,1,1,1,0,0,0,0,366,52,68,2,1,1,1,2,4,9,19,24,23,25,25,23,24,25,26,27,28,25,15,11,8,6,3
3537000,전라북도, 고창군,2480,304,444,28,21,17,18,23,37,65,105,134,146,165,167,153,166,176,177,177,177,155,112,95,75,58,44,1748,223,315,22,17,14,15,18,28,49,77,97,104,116,117,108,117,123,124,124,124,110,81,69,54,43,33,67,6,10,0,0,0,0,0,1,1,2,3,3,4,4,4,4,4,4,4,4,4,2,2,2,1,1,665,75,119,6,4,3,3,5,8,15,26,34,39,45,46,41,45,49,49,49,49,41,29,24,19,14,10
3538000,전라북도, 부안군,2117,276,386,23,17,13,15,19,29,55,96,125,123,138,142,132,140,152,150,154,156,136,94,77,62,48,34,1521,205,279,19,14,11,13,15,23,42,71,92,90,99,102,95,100,109,107,110,112,98,69,57,46,36,27,49,5,8,0,0,0,0,0,0,1,2,2,2,3,3,3,3,3,3,3,3,3,2,1,1,1,0,547,66,99,4,3,2,2,4,6,12,23,31,31,36,37,34,37,40,40,41,41,35,23,19,15,11,7
3601000,전라남도, 목포시,8007,1193,1752,38,23,17,16,24,59,187,443,563,511,559,498,433,539,574,578,638,765,651,336,213,164,119,68,5896,876,1318,23,14,11,10,14,36,128,327,421,380,418,370,318,403,430,432,481,583,492,243,148,111,78,42,100,12,25,0,0,0,0,0,0,1,4,7,6,7,5,4,6,7,8,9,13,10,2,1,0,0,0,2011,305,409,15,9,6,6,10,23,58,112,135,125,134,123,111,130,137,138,148,169,149,91,64,53,41,26
3602000,전라남도, 여수시,5389,763,1053,39,25,20,23,33,58,159,292,312,315,365,364,325,341,377,387,399,437,379,237,183,149,115,67,3892,553,769,27,18,14,16,23,41,114,212,227,229,265,265,236,249,275,283,292,320,277,172,132,107,82,47,43,4,8,0,0,0,0,0,0,0,2,2,2,3,3,2,2,3,3,3,4,3,1,1,0,0,0,1454,206,276,12,7,6,7,10,17,45,78,83,84,97,96,87,90,99,101,104,113,99,64,50,42,33,20
3603000,전라남도, 순천시,4431,610,850,37,25,21,24,35,59,124,223,263,272,307,299,267,284,303,310,321,347,307,196,148,124,90,58,3142,440,604,29,20,17,19,27,44,91,161,188,192,217,212,190,201,215,220,226,244,218,142,108,91,67,44,84,9,14,0,0,0,0,0,1,2,3,4,5,5,5,5,5,5,5,6,6,5,3,2,2,1,1,1205,161,232,8,5,4,5,8,14,31,59,71,75,85,82,72,78,83,85,89,97,84,51,38,31,22,13
3604000,전라남도, 나주시,3954,634,783,25,16,12,12,20,47,119,238,277,262,274,251,223,255,268,273,290,323,286,174,120,94,67,39,3028,490,602,21,13,10,10,16,38,93,184,213,201,210,193,172,196,206,210,222,248,219,135,94,74,53,31,65,8,12,0,0,0,0,0,0,1,3,4,4,4,4,3,4,4,4,5,5,5,2,1,1,0,0,861,136,169,4,3,2,2,4,9,25,51,60,57,60,54,48,55,58,59,63,70,62,37,25,19,14,8
3606000,전라남도, 광양시,4566,688,862,39,24,20,25,39,65,135,255,298,280,316,305,272,286,303,309,321,348,319,195,150,123,90,60,3148,480,594,30,19,16,20,30,47,96,178,206,193,216,209,188,197,208,212,220,237,220,137,107,89,66,44,77,11,14,0,0,0,0,0,1,2,4,5,4,5,5,4,4,5,5,5,6,5,3,2,1,1,1,1341,197,254,9,5,4,5,9,17,37,73,87,83,95,91,80,85,90,92,96,105,94,55,41,33,23,15
3631000,전라남도, 담양군,4072,646,809,29,19,16,17,23,46,113,240,293,257,271,256,232,261,273,276,288,322,300,187,131,108,76,47,2911,466,577,23,15,13,14,18,35,83,173,210,183,193,183,167,187,195,198,206,228,213,136,97,80,57,35,82,11,15,0,0,0,0,0,1,2,4,5,5,5,5,4,5,5,5,5,6,6,3,2,2,1,1,1079,169,217,6,4,3,3,5,10,28,63,78,69,73,68,61,69,73,73,77,88,81,48,32,26,18,11
3632000,전라남도, 곡성군,2924,432,555,23,16,12,16,22,40,84,160,188,190,205,193,173,188,199,200,209,228,200,127,91,79,56,37,2039,306,384,19,14,11,14,19,31,62,113,131,131,141,134,122,131,138,138,144,156,138,90,67,58,43,29,68,9,11,0,0,0,0,0,1,2,3,4,4,4,4,3,4,4,4,4,4,4,3,2,2,1,1,817,117,160,4,2,1,2,3,8,20,44,53,55,60,55,48,53,57,58,61,68,58,34,22,19,12,7
3633000,전라남도, 구례군,2518,313,450,25,19,17,18,24,38,68,106,139,147,168,174,165,172,182,188,181,179,160,111,90,72,53,36,1755,224,318,18,14,12,13,17,28,49,76,99,104,118,123,116,122,129,132,127,126,113,79,64,51,38,26,67,6,10,0,0,0,0,0,0,1,2,3,3,4,4,4,4,4,5,5,4,4,2,2,1,1,0,696,83,122,7,5,5,5,7,10,18,28,37,40,46,47,45,46,49,51,49,49,43,30,24,20,14,10
3635000,전라남도, 고흥군,1444,220,278,9,6,5,6,9,18,40,80,100,94,99,97,91,99,103,105,106,118,103,57,41,34,22,14,1059,164,206,8,5,5,5,8,15,31,60,73,70,73,71,68,73,76,77,78,87,76,43,32,27,18,12,29,3,5,0,0,0,0,0,0,0,1,2,1,2,2,1,2,2,2,2,2,2,1,0,0,0,0,356,53,67,1,1,0,1,1,3,9,19,25,23,24,24,22,24,25,26,26,29,25,13,9,7,4,2
3636000,전라남도, 보성군,2031,302,389,13,9,8,9,14,27,59,110,133,130,142,137,124,139,142,147,150,163,140,86,61,46,33,21,1468,222,283,10,8,7,7,11,21,44,81,97,95,103,100,90,101,103,107,109,118,102,63,45,35,25,16,37,4,6,0,0,0,0,0,0,1,1,2,2,2,2,2,2,2,2,2,3,2,1,1,0,0,0,526,76,100,3,1,1,2,3,6,14,28,34,33,37,35,32,36,37,38,39,42,36,22,15,11,8,5
3637000,전라남도, 화순군,2488,398,492,14,10,7,8,13,27,73,150,175,164,175,166,143,162,172,175,187,207,180,105,71,54,38,23,1862,302,370,12,9,6,7,11,22,57,114,131,123,131,125,108,122,129,131,140,155,135,80,55,42,30,19,31,3,5,0,0,0,0,0,0,0,1,2,2,2,2,1,2,2,2,2,2,2,1,0,0,0,0,595,93,117,2,1,1,1,2,5,16,35,42,39,42,39,34,38,41,42,45,50,43,24,16,12,8,4
3638000,전라남도, 장흥군,1576,245,305,10,6,5,6,10,19,47,87,111,102,109,105,96,111,112,112,114,127,112,66,45,34,24,15,1134,181,222,8,5,4,5,8,14,35,64,82,75,80,77,70,81,82,82,83,92,82,48,34,26,18,12,25,2,4,0,0,0,0,0,0,0,1,1,1,1,1,1,1,1,1,1,2,1,1,0,0,0,0,417,62,79,2,1,1,1,2,5,12,22,28,26,28,27,25,29,29,29,30,33,29,17,11,8,6,3
3639000,전라남도, 강진군,2591,384,486,16,11,8,10,16,34,76,136,172,169,181,174,162,183,190,191,191,204,176,106,75,58,41,25,1885,282,358,12,9,6,8,12,26,56,100,126,124,133,128,119,134,140,141,141,150,129,79,55,44,31,19,50,6,8,0,0,0,0,0,0,1,2,3,3,3,3,3,3,3,3,3,4,3,1,1,0,0,0,656,96,120,4,2,2,2,4,8,19,34,43,42,45,43,40,46,47,47,47,50,44,26,19,14,10,6
3640000,전라남도, 해남군,2073,305,391,12,8,6,6,10,24,54,108,143,141,149,142,132,148,154,151,154,164,143,84,58,45,32,20,1502,224,287,9,6,5,5,7,17,40,79,105,104,110,104,97,109,114,111,114,121,105,61,42,33,23,14,33,3,5,0,0,0,0,0,0,0,1,2,2,2,2,2,2,2,2,2,2,2,1,0,0,0,0,538,78,99,3,2,1,1,3,7,14,28,36,35,37,36,33,37,38,38,38,41,36,22,16,12,9,6
3641000,전라남도, 영암군,3061,453,613,18,12,9,10,16,34,83,163,207,198,214,199,182,210,218,222,230,258,225,130,88,69,49,30,2246,335,456,14,9,7,8,12,25,61,121,153,146,159,147,135,156,162,165,170,192,167,97,65,51,37,22,50,6,8,0,0,0,0,0,0,1,2,3,3,3,3,2,3,3,3,4,4,3,1,1,0,0,0,765,112,149,4,3,2,2,4,9,21,40,51,49,52,49,45,51,53,54,56,62,55,32,22,18,12,8
3642000,전라남도, 무안군,3250,478,633,27,19,14,14,20,41,89,174,215,205,220,206,187,214,223,223,234,258,230,145,107,86,67,44,2331,350,458,21,15,11,11,16,31,66,127,157,148,158,148,135,154,160,160,169,186,167,105,77,63,49,33,74,8,14,0,0,0,0,0,0,1,3,4,4,5,4,4,5,5,5,5,6,5,3,2,1,1,0,845,120,161,6,4,3,3,4,10,22,44,54,53,57,54,48,55,58,58,60,66,58,37,28,22,17,11
3643000,전라남도, 함평군,2873,424,551,25,18,13,14,19,36,79,157,188,179,191,183,166,189,197,198,205,223,198,130,97,78,60,41,2068,313,399,20,15,11,12,15,28,60,116,137,129,138,132,120,136,142,143,147,160,144,95,71,58,45,31,70,8,12,0,0,0,0,0,0,1,3,4,4,4,4,4,4,4,4,5,5,4,3,2,1,1,1,735,103,140,5,3,2,2,4,8,18,38,47,46,49,47,42,49,51,51,53,58,50,32,24,19,14,9
3644000,전라남도, 영광군,1876,293,372,14,10,7,8,11,21,50,110,133,118,123,119,106,124,130,131,136,154,135,83,60,47,35,23,1405,226,282,11,9,6,7,9,17,39,85,102,89,92,89,80,93,98,98,102,117,102,63,45,37,28,18,34,3,5,0,0,0,0,0,0,0,1,2,2,2,2,1,2,2,2,2,2,2,1,1,0,0,0,437,64,85,3,1,1,1,2,4,11,24,29,27,29,28,25,29,30,31,32,35,31,19,14,10,7,5
3645000,전라남도, 장성군,4414,616,799,50,38,31,32,40,64,118,226,272,276,296,288,253,277,298,303,310,320,280,199,157,127,99,71,3065,435,556,36,27,23,24,29,47,84,160,191,193,206,200,177,193,207,211,214,222,195,139,111,90,71,50,137,17,24,1,1,0,0,1,1,3,6,8,8,9,9,7,8,9,9,10,10,8,6,4,3,2,2,1212,164,219,13,10,8,8,10,16,31,60,73,75,81,79,69,76,82,83,86,88,77,54,42,34,26,19
3646000,전라남도, 완도군,1499,218,274,9,6,5,5,8,19,41,77,100,101,106,105,100,108,115,111,109,114,100,60,42,32,23,14,1054,156,197,6,4,4,4,6,13,29,55,72,73,77,76,72,78,82,80,79,82,72,43,30,23,16,10,24,2,3,0,0,0,0,0,0,0,1,1,1,1,1,1,1,2,1,1,2,1,0,0,0,0,0,421,60,74,3,2,1,1,2,6,12,21,27,27,28,28,27,29,31,30,29,30,27,17,12,9,7,4
3647000,전라남도, 진도군,850,130,167,5,3,2,3,4,9,21,46,63,57,59,56,53,60,63,64,64,71,60,36,24,19,13,8,642,102,129,4,3,2,3,4,8,17,36,49,44,46,44,41,46,49,50,50,55,46,28,19,15,11,7,10,0,0,0,0,0,0,0,0,0,0,0,0,0,0,0,0,0,0,0,0,0,0,0,0,0,0,198,28,38,1,0,0,0,0,1,4,10,14,13,13,12,12,14,14,14,14,16,14,8,5,4,2,1
3648000,전라남도, 신안군,1523,232,303,10,7,5,5,7,16,42,85,105,99,107,98,88,103,109,108,115,129,111,63,45,34,26,16,1109,171,225,8,6,4,4,6,12,31,63,77,73,79,72,66,76,81,80,85,96,82,47,34,25,19,12,16,1,2,0,0,0,0,0,0,0,0,1,1,1,1,0,1,1,1,1,1,1,0,0,0,0,0,398,60,76,2,1,1,1,1,4,11,22,27,25,27,25,22,26,27,27,29,32,28,16,11,9,7,4
3701100,경상북도, 포항시 남구,6160,991,1249,40,27,20,21,31,69,183,386,422,375,405,398,359,386,417,433,457,516,457,276,189,143,99,64,4777,772,965,33,23,17,18,26,57,145,300,327,291,314,308,280,299,323,335,352,396,353,216,150,115,80,53,52,7,10,0,0,0,0,0,0,1,3,3,3,3,3,2,3,3,3,4,4,4,2,1,0,0,0,1331,212,274,7,4,3,3,5,12,37,83,92,81,88,87,77,84,91,95,101,116,100,58,38,28,19,11
3701200,경상북도, 포항시 북구,5227,792,1056,30,21,16,17,25,54,142,302,348,323,358,353,316,336,363,379,399,444,380,232,155,116,80,50,3926,598,798,23,17,13,13,19,41,107,228,263,244,270,267,239,254,274,287,301,336,288,174,116,87,60,38,78,10,15,0,0,0,0,0,0,1,4,5,4,5,5,4,4,5,5,6,7,5,3,2,1,1,0,1223,184,243,7,4,3,4,6,13,34,70,80,75,83,81,73,78,84,87,92,101,87,55,37,28,19,12
3702000,경상북도, 경주시,6127,934,1153,58,37,30,33,46,91,204,352,378,372,402,394,358,380,408,419,438,463,399,291,214,166,121,82,4239,654,797,43,27,22,24,34,66,145,246,263,257,277,272,249,263,282,288,301,318,276,203,151,119,88,60,122,17,20,2,2,2,2,1,2,4,6,7,7,7,7,6,7,7,8,8,8,7,5,4,3,2,2,1766,263,336,13,8,6,7,11,23,55,100,108,108,118,115,103,110,119,123,129,137,116,83,59,44,31,20
3703000,경상북도, 김천시,4019,554,742,55,41,34,39,52,81,131,198,225,223,242,244,226,239,246,252,266,282,261,199,162,140,110,81,2600,369,480,36,27,23,25,34,54,88,132,149,146,158,159,147,156,161,163,172,182,169,129,106,91,72,54,82,9,14,1,1,0,1,1,1,2,3,4,4,4,4,4,4,4,5,5,5,5,4,3,3,2,1,1337,176,248,18,13,11,13,17,26,41,63,72,73,80,81,75,79,81,84,89,95,87,66,53,46,36,26
3704000,경상북도, 안동시,3068,462,578,24,17,14,15,22,43,93,161,208,195,206,198,182,200,209,213,219,228,209,141,103,82,58,37,2225,339,421,19,14,12,12,18,32,70,118,151,142,149,144,133,146,152,154,159,165,152,104,76,62,44,29,62,8,10,0,0,0,0,0,1,1,3,4,3,4,3,3,3,4,4,4,4,4,2,2,1,1,0,781,115,147,5,3,2,3,4,10,22,40,53,50,53,51,46,51,53,55,56,59,53,35,25,19,13,8
3705000,경상북도, 구미시,8939,1338,1713,96,69,59,66,88,151,291,494,553,532,563,543,493,528,557,572,618,681,597,435,336,274,209,145,6242,946,1190,70,50,42,48,64,110,210,349,387,372,392,379,346,369,388,399,428,468,414,308,240,197,151,105,143,19,25,1,1,1,1,1,2,4,7,8,8,8,8,7,8,8,8,9,10,9,6,5,4,3,2,2554,373,498,25,18,16,17,23,39,77,138,158,152,163,156,140,151,161,165,181,203,174,121,91,73,55,38
3706000,경상북도, 영주시,2935,424,542,25,18,15,15,22,42,89,148,187,187,199,191,178,192,204,208,209,214,193,135,102,80,55,38,2099,308,390,20,14,12,12,17,31,65,108,135,135,142,138,128,139,146,149,150,153,139,98,75,59,41,29,78,9,12,0,0,0,0,0,1,2,3,4,4,5,4,4,4,5,5,5,5,4,3,2,2,1,1,758,107,140,5,4,3,3,5,10,22,37,48,48,52,49,46,49,53,54,54,56,50,34,25,19,13,8
3707000,경상북도, 영천시,5822,895,1083,51,37,31,36,50,94,199,334,362,361,388,375,338,359,379,388,411,434,374,275,203,158,117,80,3934,611,732,36,27,22,26,35,66,138,227,246,245,262,253,229,244,256,262,276,292,253,187,140,109,81,56,135,18,23,2,1,1,1,2,2,4,7,7,7,8,8,7,7,8,8,9,9,8,6,4,4,3,2,1753,266,328,13,9,8,9,13,26,57,100,109,109,118,114,102,108,115,118,126,133,113,82,59,45,33,22
3708000,경상북도, 상주시,5056,652,908,77,58,50,53,68,105,162,226,264,273,301,309,293,306,312,317,330,338,319,251,213,184,149,109,3296,432,597,50,38,32,35,45,69,107,150,175,180,198,203,193,202,205,209,217,222,210,165,140,121,97,70,128,15,21,2,1,1,1,1,2,4,5,6,6,7,7,7,7,7,7,8,8,7,6,5,4,4,3,1632,205,290,25,19,17,17,22,34,51,71,83,87,96,99,93,97,100,101,105,108,102,80,68,59,48,36
3709000,경상북도, 문경시,3258,427,587,54,41,35,33,41,66,104,148,175,175,192,195,188,194,197,200,203,210,211,166,142,123,102,75,2163,292,395,36,27,23,21,27,45,71,101,120,119,129,131,126,131,133,135,137,141,142,112,95,81,68,49,76,8,11,1,1,1,1,1,1,2,3,3,3,4,4,4,4,4,4,4,4,4,3,3,3,2,2,1019,127,181,17,13,11,11,13,20,31,44,52,53,59,60,58,59,60,61,62,65,65,51,44,39,32,24
3710000,경상북도, 경산시,8439,1433,1553,69,50,42,49,75,145,304,539,590,552,552,509,460,496,528,548,579,612,538,403,291,235,171,111,6268,1070,1158,52,37,31,35,55,107,227,402,441,410,408,378,342,368,392,405,427,453,402,303,220,179,130,83,182,27,31,4,4,3,4,4,4,6,10,11,11,11,10,9,10,10,11,12,12,11,8,7,6,5,5,1989,336,364,13,9,8,10,16,34,71,127,138,131,133,121,109,118,126,132,140,147,125,92,64,50,36,23
3731000,경상북도, 군위군,3763,556,696,35,25,22,24,34,64,127,200,229,233,249,241,223,237,248,256,266,276,244,176,131,105,76,53,2583,388,481,26,19,17,18,25,45,89,139,160,161,171,165,154,164,171,176,183,190,169,122,91,73,54,37,80,10,12,0,0,0,0,0,1,2,4,4,4,5,5,4,4,5,5,5,5,4,3,2,2,1,1,1100,158,203,9,6,5,6,9,18,36,57,65,68,73,71,65,69,72,75,78,81,71,51,38,30,21,15
3732000,경상북도, 의성군,2389,350,442,23,16,14,15,21,39,76,123,151,148,158,152,142,154,159,164,168,174,158,110,84,68,50,34,1685,251,314,18,13,11,12,16,29,55,88,108,106,112,107,101,109,113,116,119,123,112,79,61,49,36,26,49,5,8,0,0,0,0,0,0,1,2,2,2,3,3,2,3,3,3,3,3,3,2,1,1,1,0,655,94,120,5,3,3,3,5,10,20,33,41,40,43,42,39,42,43,45,46,48,43,29,22,18,13,8
3733000,경상북도, 청송군,1426,208,264,10,8,6,6,10,20,42,71,95,91,98,98,91,99,100,100,104,107,94,63,47,37,25,17,1016,153,191,8,7,5,5,8,16,32,52,69,66,70,70,66,71,71,71,74,77,68,46,35,28,19,13,29,2,4,0,0,0,0,0,0,0,1,1,1,2,2,1,2,2,2,2,2,1,1,0,0,0,0,381,53,69,2,1,1,1,2,4,10,18,25,24,26,26,24,26,27,27,28,28,25,16,12,9,6,4
3734000,경상북도, 영양군,533,77,101,3,3,2,2,3,7,14,25,38,33,37,37,35,39,40,38,39,39,38,24,18,14,9,5,407,61,80,3,3,2,2,3,6,11,20,30,26,29,29,28,31,31,30,31,31,30,19,15,12,8,4,5,0,0,0,0,0,0,0,0,0,0,0,0,0,0,0,0,0,0,0,0,0,0,0,0,0,0,121,16,21,0,0,0,0,0,1,3,5,8,7,8,8,7,8,9,8,8,8,8,5,3,2,1,1
3735000,경상북도, 영덕군,2390,323,447,21,14,12,12,17,35,68,112,143,142,161,164,154,161,166,172,174,178,159,110,83,66,47,31,1809,247,340,17,12,10,10,14,28,53,86,108,108,122,125,117,122,126,131,132,135,121,84,65,52,37,25,50,6,8,0,0,0,0,0,0,1,2,3,3,3,3,3,3,3,3,3,3,3,2,1,1,1,0,531,70,99,4,2,2,2,3,7,14,24,32,31,36,36,34,36,37,38,39,40,35,24,17,13,9,6
3736000,경상북도, 청도군,3255,526,544,28,21,19,23,38,71,130,186,210,208,212,199,193,209,219,225,230,220,186,138,107,84,63,44,2291,371,386,22,17,15,18,29,51,92,131,148,146,149,141,137,148,155,158,162,155,132,99,78,61,46,34,56,8,8,0,0,0,0,0,1,2,3,3,3,3,3,3,3,3,3,3,3,3,2,1,1,1,0,908,147,150,6,4,4,5,9,19,36,52,59,59,60,55,53,58,61,64,65,62,51,37,28,22,16,10
3737000,경상북도, 고령군,4335,638,802,48,34,29,31,47,80,145,236,257,252,276,277,250,263,272,279,293,313,281,208,169,136,102,71,2799,423,521,32,22,20,20,31,52,96,157,170,165,179,179,162,170,176,180,190,203,183,135,110,88,66,47,92,12,15,1,1,0,1,1,2,3,4,5,5,5,5,5,5,5,5,5,6,5,4,3,3,2,1,1444,203,266,15,11,9,10,15,26,46,75,82,82,92,93,83,88,91,94,98,104,93,69,56,45,34,23
3738000,경상북도, 성주군,3846,555,699,52,38,32,35,50,74,125,206,224,210,227,228,216,228,235,240,251,259,244,196,167,137,105,76,2488,375,454,33,25,21,23,32,48,83,140,152,139,149,148,141,149,153,156,163,168,159,127,108,89,67,49,69,8,11,1,0,0,0,1,1,2,3,3,3,3,3,3,3,4,4,4,4,4,3,3,2,2,1,1289,172,234,18,13,11,12,17,25,40,63,69,68,75,77,72,76,78,80,84,87,81,66,56,46,36,26
3739000,경상북도, 칠곡군,13213,2193,2487,132,94,79,91,129,236,480,833,880,798,816,773,710,766,807,829,895,969,875,643,498,397,293,201,9097,1518,1709,93,66,55,63,89,165,335,576,607,550,562,532,491,529,555,570,614,662,601,446,348,278,206,141,229,37,39,3,2,2,2,3,4,8,14,15,13,13,13,12,12,13,13,14,15,14,10,8,7,5,4,3887,638,739,36,26,22,26,37,67,137,243,258,235,241,228,207,225,239,246,267,292,260,187,142,112,82,56
3740000,경상북도, 예천군,2044,326,382,15,10,8,8,13,28,65,113,148,131,137,132,123,138,142,140,144,149,141,92,66,52,37,23,1471,238,276,12,8,7,7,11,22,48,83,107,96,99,96,90,100,103,101,104,107,102,67,49,39,28,18,31,4,5,0,0,0,0,0,0,1,1,2,1,2,1,1,2,2,2,2,2,2,1,1,0,0,0,542,84,101,3,2,1,1,2,6,16,29,39,34,36,35,32,36,37,37,38,40,37,24,16,13,9,5
3741000,경상북도, 봉화군,1217,179,224,9,6,6,5,8,17,36,62,81,77,83,80,77,84,88,89,92,90,82,52,39,30,21,14,916,137,170,8,5,6,5,7,14,28,48,61,59,63,60,59,64,66,67,69,68,62,40,31,24,17,12,14,1,2,0,0,0,0,0,0,0,0,1,0,1,1,0,1,1,1,1,1,1,0,0,0,0,0,287,41,52,1,1,0,0,1,3,8,14,19,18,19,19,18,19,21,21,22,21,19,12,8,6,4,2
3742000,경상북도, 울진군,2264,300,430,19,12,11,11,15,33,63,103,134,129,149,153,149,156,163,168,169,171,157,102,78,60,43,27,1720,231,329,15,10,9,9,12,26,49,79,103,99,115,117,115,119,125,128,129,131,120,78,61,46,34,22,45,5,8,0,0,0,0,0,0,1,2,2,2,2,3,2,3,3,3,3,3,3,2,1,1,0,0,499,64,93,4,2,2,2,3,7,13,22,29,28,32,33,32,34,35,37,37,37,34,22,16,13,9,5
3743000,경상북도, 울릉군,773,102,152,4,3,2,2,3,8,19,34,49,48,55,54,53,57,62,63,65,66,56,30,21,15,10,6,558,76,114,3,3,2,2,2,5,14,25,37,36,42,41,40,43,47,48,49,50,42,22,16,11,7,4,62,8,9,1,0,0,0,1,2,2,3,3,3,3,3,3,3,3,3,3,3,3,3,2,2,2,2,153,18,29,0,0,0,0,0,1,3,6,9,9,10,10,10,11,12,12,13,13,11,5,3,2,1,0
3803000,경상남도, 진주시,5460,851,1026,50,32,27,32,50,90,183,320,348,332,359,356,323,336,352,357,379,407,369,250,191,147,111,74,3840,606,720,38,25,21,24,37,67,133,227,246,234,250,248,227,236,246,249,264,282,259,179,138,108,82,56,97,13,17,1,0,0,1,1,1,3,5,5,5,6,6,5,5,6,6,6,7,6,4,3,2,2,1,1523,232,289,11,7,6,7,12,22,47,88,97,93,103,102,91,95,100,102,109,118,104,67,50,37,27,17
3805000,경상남도, 통영시,4423,650,842,39,25,21,24,36,66,144,237,269,271,295,293,271,282,299,302,315,336,306,200,148,116,85,58,3335,497,633,33,22,19,21,30,53,113,181,203,204,220,219,203,212,224,225,234,250,229,154,116,93,69,49,84,11,15,0,0,0,0,0,1,2,4,5,5,5,5,5,5,5,6,6,6,6,3,2,1,1,0,1004,142,194,6,3,2,3,6,12,29,52,61,62,70,69,63,65,70,71,75,80,71,43,30,22,15,9
3806000,경상남도, 사천시,3812,571,698,36,23,19,23,39,66,128,213,230,229,257,253,237,239,250,253,266,279,250,169,133,102,77,52,2715,415,498,28,19,16,19,30,51,95,154,166,162,181,178,168,170,177,179,188,196,178,124,98,77,60,41,87,10,14,1,0,0,0,1,1,2,4,4,5,5,5,5,5,5,5,5,6,5,3,3,2,1,1,1010,146,186,7,4,3,4,8,14,31,55,60,62,71,70,64,64,68,69,73,77,67,42,32,23,16,10
3807000,경상남도, 김해시,13197,2252,2341,114,76,61,71,113,248,547,848,857,843,859,820,737,781,837,870,911,941,806,594,476,361,260,176,8961,1530,1582,84,57,46,53,82,178,381,572,577,568,577,552,501,529,564,583,609,627,544,411,333,257,187,128,204,33,34,2,1,1,1,2,4,8,12,13,12,13,12,11,11,12,13,13,14,12,8,7,5,4,3,4032,689,725,28,18,14,17,29,66,158,264,267,263,269,256,225,241,261,274,289,300,250,175,136,99,69,45
3808000,경상남도, 밀양시,4934,787,848,44,33,28,34,58,107,196,283,308,310,321,300,287,307,326,338,346,340,287,221,172,134,99,68,3580,571,616,36,27,23,28,45,81,144,205,222,224,232,217,209,222,235,242,248,244,209,163,129,102,77,53,76,11,12,0,0,0,0,1,1,3,4,4,4,4,4,4,4,4,5,5,5,4,3,2,2,1,1,1278,205,220,8,6,5,6,12,25,49,74,82,82,85,79,74,81,87,91,93,91,74,55,41,30,21,14
3809000,경상남도, 거제시,8573,1453,1667,54,33,26,28,44,108,325,549,579,550,569,541,494,526,565,580,611,668,613,386,278,217,149,91,6415,1088,1234,47,30,23,25,39,94,259,405,424,406,417,402,372,393,418,426,445,482,451,301,224,178,126,79,108,15,21,0,0,0,0,0,0,2,6,7,7,8,7,6,6,7,8,9,10,8,3,2,1,0,0,2050,350,412,7,3,3,3,5,14,64,138,148,137,144,132,116,127,140,146,157,176,154,82,52,38,23,12
3810000,경상남도, 양산시,12685,2176,2391,97,65,51,55,87,201,492,827,857,814,829,793,713,739,803,830,872,949,844,598,442,336,244,159,9536,1634,1780,80,53,42,45,70,163,387,613,634,608,616,592,540,559,601,617,644,692,626,462,351,271,199,131,215,34,39,3,3,2,2,3,4,8,13,13,12,13,12,11,11,12,13,14,15,14,10,7,6,5,4,2934,508,572,14,9,7,8,14,34,97,201,210,194,200,189,162,169,190,200,214,242,204,126,84,59,40,24
3811100,경상남도, 창원시 의창구,12660,2116,2385,100,64,50,56,88,191,459,835,822,790,831,803,709,745,796,833,894,957,835,593,468,347,243,160,9033,1513,1684,80,53,41,46,70,150,345,587,581,559,583,566,508,531,564,586,623,661,587,436,352,267,191,128,139,21,25,1,0,0,0,1,2,4,9,8,8,9,8,7,8,8,9,10,11,9,5,4,3,2,1,3488,582,676,19,11,9,10,17,39,110,239,233,223,239,229,194,206,224,238,261,285,239,152,112,77,50,31
3811200,경상남도, 창원시 성산구,12046,2057,2283,83,52,40,43,67,164,443,805,809,773,805,766,680,724,775,806,864,920,809,554,422,309,213,134,9061,1542,1683,79,51,39,42,64,150,361,589,592,571,588,565,515,542,572,589,623,655,592,436,347,265,190,124,125,21,24,0,0,0,0,0,0,3,9,9,8,9,8,6,7,8,9,10,11,9,4,2,1,0,0,2860,494,576,4,1,1,1,3,14,79,207,208,194,208,193,159,175,195,208,231,254,208,114,73,43,23,10
3811300,경상남도, 창원시 마산합포구,6797,1135,1330,52,33,26,29,44,93,238,436,461,414,436,428,389,415,445,452,481,528,485,317,229,174,125,81,5485,918,1057,49,32,25,28,42,85,204,348,366,333,348,342,315,334,355,360,379,411,383,263,197,153,113,75,77,11,16,0,0,0,0,0,0,1,5,5,4,5,5,4,4,5,5,6,7,6,3,1,1,0,0,1235,206,257,3,1,1,1,2,8,33,83,90,77,83,81,70,77,85,87,96,110,96,51,31,20,12,6
3811400,경상남도, 창원시 마산회원구,13803,2248,2685,108,69,53,62,97,199,472,891,885,850,910,885,775,806,860,908,991,1076,959,650,511,367,263,169,9835,1614,1869,91,59,46,53,82,165,367,626,621,600,633,617,555,573,605,632,678,725,663,481,392,292,214,140,200,31,39,1,1,0,1,1,2,5,13,13,12,13,13,10,11,12,13,15,17,14,8,6,4,3,2,3768,603,777,16,9,7,8,14,32,100,252,251,238,264,255,210,222,243,263,298,334,282,161,113,71,46,27
3811500,경상남도, 창원시 진해구,9373,1642,1806,75,48,38,40,57,137,376,648,618,563,581,564,524,553,590,607,650,713,646,447,350,259,183,118,7264,1260,1365,70,46,36,38,54,124,308,486,466,432,444,432,407,426,450,460,486,524,485,356,289,221,161,108,118,20,25,0,0,0,0,0,0,3,9,8,7,7,7,6,7,7,8,9,11,9,5,3,2,1,0,1991,362,416,5,2,2,2,3,13,65,153,144,124,130,125,111,120,133,139,155,178,152,86,58,36,21,10
3831000,경상남도, 의령군,1300,217,237,10,6,5,5,9,20,46,79,92,81,85,88,83,88,89,88,92,96,86,55,41,32,22,15,972,164,178,9,6,5,5,8,17,37,59,68,61,64,66,62,66,67,66,69,71,64,43,33,26,18,13,18,2,2,0,0,0,0,0,0,0,1,1,1,1,1,1,1,1,1,1,1,1,0,0,0,0,0,310,51,57,1,0,0,0,1,3,9,19,23,19,20,21,20,21,21,21,22,24,21,12,8,6,4,2
3832000,경상남도, 함안군,9698,1488,1733,101,66,52,64,102,185,349,566,573,591,630,636,577,579,610,631,664,688,603,442,364,278,214,145,6349,989,1138,69,46,36,44,69,124,235,375,379,388,410,413,376,379,398,411,430,447,396,295,244,187,144,98,174,24,28,2,1,1,1,2,4,6,9,9,9,10,10,9,10,10,10,11,11,10,7,6,5,4,3,3175,475,567,30,19,15,19,31,57,108,182,185,194,210,213,192,190,202,210,223,230,197,140,114,86,66,44
3833000,경상남도, 창녕군,5354,762,960,65,46,38,45,68,114,188,280,294,303,328,331,313,321,331,341,356,361,332,267,228,180,138,97,3255,479,587,40,28,24,27,41,69,118,177,184,186,200,201,191,197,202,208,215,219,204,164,140,110,85,59,95,12,15,1,1,0,1,1,2,3,4,5,5,5,5,5,5,5,5,6,6,5,4,4,3,2,2,2004,271,358,24,17,14,17,26,43,67,99,105,112,123,125,117,119,124,128,135,136,123,99,84,67,51,36
3834000,경상남도, 고성군,3070,474,594,25,17,14,15,23,44,105,174,195,187,200,198,186,195,207,207,218,235,218,141,101,79,57,38,2420,379,467,22,15,13,14,21,38,87,139,153,147,157,155,147,153,162,162,170,182,171,114,83,66,49,33,53,6,9,0,0,0,0,0,0,1,2,3,3,3,3,3,3,3,3,3,4,3,2,1,1,0,0,597,89,118,3,2,1,1,2,6,17,33,39,37,40,40,36,39,42,42,45,49,44,25,17,12,8,5
3835000,경상남도, 남해군,1467,206,270,11,7,6,7,11,21,42,74,90,87,99,103,97,103,105,108,109,110,97,63,49,38,26,16,1203,173,223,11,7,6,7,11,20,37,62,74,72,81,84,80,84,86,88,89,89,80,54,43,34,24,15,23,2,2,0,0,0,0,0,0,0,1,1,1,1,1,1,1,1,1,1,1,1,0,0,0,0,0,241,31,45,0,0,0,0,0,1,5,11,15,14,17,18,16,18,18,19,19,20,16,9,6,4,2,1
3836000,경상남도, 하동군,2487,356,440,21,13,10,15,25,41,74,128,154,157,179,177,161,163,171,172,177,181,158,101,81,62,46,32,1775,262,318,17,11,9,12,20,32,56,94,112,113,126,125,115,116,122,122,125,128,114,76,61,47,35,25,47,5,6,0,0,0,0,0,0,1,2,2,2,3,3,2,3,3,3,3,3,2,1,1,1,1,0,665,89,116,4,2,1,3,5,9,17,32,40,42,50,49,44,44,46,47,49,50,42,24,19,14,10,7
3837000,경상남도, 산청군,2973,415,556,30,20,19,21,32,52,88,145,182,177,196,196,176,187,193,198,211,215,199,142,110,87,64,45,2072,295,389,22,15,14,16,23,38,63,103,129,125,137,137,124,132,135,138,147,150,139,100,78,62,46,32,67,8,11,1,0,0,0,1,1,2,3,3,3,4,4,3,3,4,4,4,4,4,3,2,2,1,1,834,112,156,7,5,5,5,8,13,23,39,50,49,55,55,49,52,54,56,60,61,56,39,30,23,17,12
3838000,경상남도, 함양군,3157,393,589,32,23,21,24,34,52,88,136,169,189,212,214,192,200,207,216,226,231,206,152,124,98,73,49,2139,274,402,22,17,16,18,24,37,62,95,117,129,145,146,131,137,141,147,153,157,141,104,85,68,51,34,89,9,15,1,0,0,0,1,1,2,3,4,5,5,5,5,5,5,5,6,6,5,4,3,2,2,1,929,110,172,9,6,5,6,9,14,24,38,48,55,62,63,56,58,61,64,67,68,60,44,36,28,20,14
3839000,경상남도, 거창군,1652,228,313,15,11,9,9,14,25,50,81,97,101,112,114,101,107,111,114,118,126,112,75,58,47,35,23,1122,159,216,11,9,7,7,11,19,35,57,67,70,77,78,69,74,76,78,81,86,77,53,40,33,26,17,38,4,5,0,0,0,0,0,0,1,1,2,2,2,2,2,2,2,2,2,2,2,1,1,1,0,0,492,65,92,4,2,2,2,3,6,14,23,28,29,33,34,30,31,33,34,35,38,33,21,17,13,9,6
3840000,경상남도, 합천군,1480,232,275,12,8,7,7,12,23,48,84,100,92,100,100,91,99,100,100,104,111,100,64,47,38,26,17,1054,169,199,10,7,6,6,10,18,36,61,72,66,72,72,66,71,72,72,75,80,72,47,35,29,20,14,26,2,3,0,0,0,0,0,0,0,1,1,1,1,1,1,1,1,1,1,1,1,1,0,0,0,0,400,61,73,2,1,1,1,2,5,12,22,27,25,27,27,24,27,27,27,28,30,27,16,12,9,6,3
3901000,제주특별자치도, 제주시,5813,1182,756,23,18,19,44,84,203,384,409,389,382,379,362,373,379,408,410,468,393,213,150,136,99,62,37,4638,953,605,18,15,14,35,66,162,310,330,313,306,305,291,300,304,328,330,377,316,170,119,108,78,49,29,202,38,25,1,0,1,1,3,7,12,13,13,13,12,12,12,12,13,13,15,13,7,5,5,3,2,1,973,191,126,4,3,4,8,15,34,62,66,63,63,62,59,61,63,67,67,76,64,36,26,23,18,11,7
3902000,제주특별자치도, 서귀포시,4071,788,560,16,11,11,23,54,141,243,277,268,267,264,257,269,267,287,295,328,275,165,120,104,70,44,27,3210,627,444,13,9,9,17,41,111,193,221,213,212,211,205,214,212,229,235,264,220,130,94,81,55,34,20,155,29,20,0,0,0,1,2,5,9,10,10,10,9,9,10,10,10,11,11,10,6,4,4,2,1,1,706,132,96,3,2,2,5,11,25,41,46,45,45,44,43,45,45,48,49,53,45,29,22,19,13,9,6
